{"rewards": [22.61281337047354, 30.953488372093023, 43.28021978021978, 66.70689655172414, 92.02352941176471, 179.04761904761904, 411.88235294117646, 375.1764705882353, 489.875, 500.0, 500.0, 498.875, 500.0, 500.0, 500.0, 500.0, 500.0, 500.0, 500.0, 500.0, 500.0, 500.0, 500.0, 500.0, 500.0, 500.0, 500.0, 500.0, 500.0, 500.0, 500.0, 500.0, 499.9375, 500.0, 500.0, 500.0, 500.0, 500.0, 500.0, 500.0, 500.0], "lengths": [22.61281337047354, 30.953488372093023, 43.28021978021978, 66.70689655172414, 92.02352941176471, 179.04761904761904, 411.88235294117646, 375.1764705882353, 489.875, 500, 500, 498.875, 500, 500, 500, 500, 500, 500, 500, 500, 500, 500, 500, 500, 500, 500, 500, 500, 500, 500, 500, 500, 499.9375, 500, 500, 500, 500, 500, 500, 500, 500], "entropies": [0.6823342243830363, 0.6553586721420288, 0.6296243866284689, 0.6105442841847738, 0.5953341921170553, 0.5276831388473511, 0.48008573055267334, 0.48250343402226764, 0.46848347783088684, 0.44122129678726196, 0.43673811356226605, 0.4251319169998169, 0.4184812605381012, 0.39792001247406006, 0.3897577126820882, 0.35822826623916626, 0.3166903654734294, 0.2755155861377716, 0.24820966025193533, 0.23092110455036163, 0.22981823484102884, 0.21779089172681174, 0.21812890966733298, 0.21554257969061533, 0.20304105679194132, 0.20330836872259775, 0.19497065742810568, 0.185199240843455, 0.18123483657836914, 0.18140966693560281, 0.1584535539150238, 0.16940081616242728, 0.16834751764933267, 0.17131546139717102, 0.17323364317417145, 0.17236997683842978, 0.18210011223951975, 0.17831897735595703, 0.18262886007626852, 0.17860443393389383, 0.18503032624721527]}