{"rewards": [21.81571815718157, 31.53696498054475, 45.07386363636363, 61.61417322834646, 102.79452054794521, 246.37037037037038, 500.0, 500.0, 500.0, 500.0, 500.0, 500.0, 500.0, 500.0, 500.0, 500.0, 500.0, 500.0, 500.0, 459.5625, 490.0625, 500.0, 456.4375, 500.0, 476.8125, 479.3125, 457.6875, 494.4375, 414.29411764705884, 425.3529411764706, 480.25], "lengths": [21.81571815718157, 31.53696498054475, 45.07386363636363, 61.61417322834646, 102.79452054794521, 246.37037037037038, 500, 500, 500, 500, 500, 500, 500, 500, 500, 500, 500, 500, 500, 459.5625, 490.0625, 500, 456.4375, 500, 476.8125, 479.3125, 457.6875, 494.4375, 414.29411764705884, 425.3529411764706, 480.25], "entropies": [0.680131713549296, 0.6453662117322286, 0.6128019491831461, 0.5941572388013204, 0.5772956609725952, 0.5451551278432211, 0.4964817563692729, 0.48737602432568866, 0.46371688445409137, 0.4665386776129405, 0.44596444567044574, 0.4511686861515045, 0.4526505966981252, 0.4446668823560079, 0.438291996717453, 0.4515201350053151, 0.4574172894159953, 0.4577896296977997, 0.4523635506629944, 0.45595454176266986, 0.4486088752746582, 0.452459712823232, 0.4451347589492798, 0.43496354420979816, 0.4515378971894582, 0.4751717150211334, 0.49037207166353863, 0.4999995330969493, 0.5143383344014486, 0.5174239277839661, 0.5191248655319214]}