{"rewards": [20.70737913486005, 28.592198581560282], "lengths": [20.70737913486005, 28.592198581560282], "entropies": [0.6902819871902466, 0.6893447637557983, 0.6885448098182678, 0.6717177629470825, 0.6680219173431396, 0.6661361455917358]}