{"rewards": [-353.29161248900493, -198.5431802961498, -239.8661360328231, -167.8539271197636, -373.1221601970724, -448.13549202994824, -328.47521161917365, -221.20611874853836, -336.4228977595678, -229.6289604464843, -431.6318745903246, -462.3281450177441], "lengths": [94.375, 76.14285714285714, 90, 88.16666666666667, 92.625, 94.57142857142857, 96.66666666666667, 100.83333333333333, 98.375, 92.5, 97.42857142857143, 101.66666666666667], "entropies": [2.3520943323771157, 2.147801637649536, 1.9124496380488079, 1.9418001969655354, 2.0560055573781333, 2.1396668752034507, 1.5901425679524739, 1.487476070721944, 1.7716273466746013, 1.5383121967315674, 0.4790910482406616, -1.1964664856592815]}