{"rewards": [32.423529411764704, 34.154761904761905, 40.43150684931507, 45.865671641791046, 61.407766990291265, 80.28048780487805, 112.8688524590164, 84.1951219512195, 119.56896551724138], "lengths": [32.423529411764704, 34.154761904761905, 40.43150684931507, 45.865671641791046, 61.407766990291265, 80.28048780487805, 112.8688524590164, 84.1951219512195, 119.56896551724138], "entropies": [0.6354021430015564, 0.6374239325523376, 0.6150145729382833, 0.607119619846344, 0.5365709066390991, 0.6148247520128886, 0.6183956265449524, 0.6025314529736837, 0.584093968073527]}