{"rewards": [27.88646288209607, 44.9271523178808, 91.17948717948718, 127.07142857142857, 233.63333333333333, 264.48, 254.8846153846154, 288.8333333333333, 392.44444444444446, 432.4375, 459.5625, 492.0, 500.0, 500.0, 444.9375], "lengths": [27.88646288209607, 44.9271523178808, 91.17948717948718, 127.07142857142857, 233.63333333333333, 264.48, 254.8846153846154, 288.8333333333333, 392.44444444444446, 432.4375, 459.5625, 492, 500, 500, 444.9375], "entropies": [0.6585160891215006, 0.6264987190564474, 0.593517522017161, 0.5226884086926779, 0.5597573121388754, 0.47088631987571716, 0.5526111125946045, 0.5412319898605347, 0.47681991259257, 0.4895288348197937, 0.45680667956670123, 0.4247722923755646, 0.3787032564481099, 0.3431094288825989, 0.3335220118363698]}