{"rewards": [20.497461928934012, 27.47098976109215, 33.70042194092827, 37.39622641509434, 41.5, 50.17197452229299, 59.25925925925926], "lengths": [20.497461928934012, 27.47098976109215, 33.70042194092827, 37.39622641509434, 41.5, 50.17197452229299, 59.25925925925926], "entropies": [0.691867470741272, 0.6915180683135986, 0.6872605085372925, 0.6863536834716797, 0.679328203201294, 0.6711099147796631, 0.6711839437484741, 0.6670379042625427, 0.6630514860153198, 0.6506295800209045, 0.6448943614959717, 0.6383227109909058, 0.6252173781394958, 0.6154292821884155, 0.6063100695610046, 0.611040472984314, 0.597873866558075, 0.5827249884605408, 0.5838899612426758, 0.57677161693573, 0.5695062875747681]}