{"rewards": [16.20689655172414, 20.148936170212767, 27.78787878787879], "lengths": [16.20689655172414, 20.148936170212767, 27.78787878787879], "entropies": [0.6906869411468506, 0.688796857992808, 0.6808172861735026]}