{"rewards": [18.220238095238095, 21.666666666666668, 25.849206349206348, 32.88059701492537, 34.241025641025644, 37.78888888888889, 45.965986394557824, 58.189655172413794, 65.3047619047619, 60.28448275862069, 66.19626168224299, 101.64285714285714, 119.75862068965517, 102.29577464788733, 100.04285714285714, 108.56923076923077, 83.80232558139535, 99.15277777777777, 82.9080459770115, 89.9873417721519, 103.81428571428572, 135.7450980392157], "lengths": [18.220238095238095, 21.666666666666668, 25.849206349206348, 32.88059701492537, 34.241025641025644, 37.78888888888889, 45.965986394557824, 58.189655172413794, 65.3047619047619, 60.28448275862069, 66.19626168224299, 101.64285714285714, 119.75862068965517, 102.29577464788733, 100.04285714285714, 108.56923076923077, 83.80232558139535, 99.15277777777777, 82.9080459770115, 89.9873417721519, 103.81428571428572, 135.7450980392157], "entropies": [0.6872861981391907, 0.6907731294631958, 0.6927306652069092, 0.6925871968269348, 0.6912693977355957, 0.689104437828064, 0.685234546661377, 0.6807968020439148, 0.6760386824607849, 0.6807676553726196, 0.6775434613227844, 0.673220157623291, 0.6808886528015137, 0.678663432598114, 0.6756885647773743, 0.6510610580444336, 0.6430556774139404, 0.6407443284988403, 0.6540318727493286, 0.6502236127853394, 0.6436179280281067, 0.6475923657417297, 0.6499292850494385, 0.6539820432662964, 0.661596417427063, 0.6597121953964233, 0.6565908193588257, 0.636722981929779, 0.6377044916152954, 0.6398969888687134, 0.6311191320419312, 0.6177222728729248, 0.6014518737792969, 0.6136188507080078, 0.6103389263153076, 0.6099659204483032, 0.6287572383880615, 0.628157377243042, 0.6224932074546814, 0.6130962371826172, 0.6073617339134216, 0.5993729829788208, 0.5906275510787964, 0.587054431438446, 0.5864289999008179, 0.5892176032066345, 0.583877444267273, 0.5795167684555054, 0.6096229553222656, 0.615798830986023, 0.6218578219413757, 0.6007578372955322, 0.6050605773925781, 0.6078677773475647, 0.6097854375839233, 0.6118404865264893, 0.6140834093093872, 0.6384686231613159, 0.6389802694320679, 0.636713445186615, 0.5887500047683716, 0.575069785118103, 0.5685247778892517, 0.5878893136978149, 0.5852829217910767, 0.5806770324707031]}