{"rewards": [23.7, 21.8125, 26.59259259259259, 19.9375, 21.135135135135137], "lengths": [23.7, 21.8125, 26.59259259259259, 19.9375, 21.135135135135137], "entropies": [0.6872053146362305, 0.6872053146362305, 0.6872053146362305, 0.6875331997871399, 0.6875331997871399, 0.6875331997871399, 0.6881320476531982, 0.6881320476531982, 0.6881320476531982, 0.6868853569030762, 0.6868853569030762, 0.6868853569030762, 0.688621997833252, 0.688621997833252, 0.688621997833252]}