{"rewards": [20.41390728476821, 9.396484375], "lengths": [20.41390728476821, 9.396484375], "entropies": [NaN, NaN, NaN, NaN, NaN, NaN]}