{"rewards": [22.595238095238095, 23.55, 33.77777777777778, 44.0, 35.166666666666664, 50.125, 47.888888888888886, 57.333333333333336, 104.66666666666667, 76.8, 94.6, 74.2, 62.57142857142857, 54.375, 107.5, 71.71428571428571, 58.57142857142857, 73.0, 84.8, 47.125, 77.125, 51.09090909090909, 88.25, 61.5, 82.6, 77.14285714285714, 32.0, 93.0, null, 83.5, 89.0], "lengths": [22.595238095238095, 23.55, 33.77777777777778, 44, 35.166666666666664, 50.125, 47.888888888888886, 57.333333333333336, 104.66666666666667, 76.8, 94.6, 74.2, 62.57142857142857, 54.375, 107.5, 71.71428571428571, 58.57142857142857, 73, 84.8, 47.125, 77.125, 51.09090909090909, 88.25, 61.5, 82.6, 77.14285714285714, 32, 93, null, 83.5, 89], "entropies": [0.6883470813433329, 0.6806303858757019, 0.6414190530776978, 0.6473294893900553, 0.6305759151776632, 0.6148634155591329, 0.6031137704849243, 0.6128511428833008, 0.6217705607414246, 0.606488049030304, 0.6209973494211832, 0.6224765777587891, 0.6153162916501363, 0.6119954784711202, 0.6376519203186035, 0.6114922563234965, 0.5955343246459961, 0.6147581934928894, 0.6274707913398743, 0.6218069990475973, 0.6215383410453796, 0.6051089962323507, 0.6324800451596578, 0.6011705001195272, 0.6004655957221985, 0.593250552813212, 0.6129264632860819, 0.6069663365681967, 0.6069985826810201, 0.6020677288373312, 0.5950735410054525]}