{"rewards": [-108.97392142316407, null, -108.90947102514654, -110.25695241898174, null], "lengths": [61.07692307692308, null, 62.4, 57, null], "entropies": [3.2834315299987793, 3.25693678855896, 3.404756546020508, 3.617280960083008, 3.7072203159332275, 3.665193557739258, 3.744752883911133, 3.814906358718872, 3.876124382019043, 3.927011013031006, 3.925623655319214, 3.8477048873901367, 3.766174793243408, 3.761904001235962, 3.785264492034912]}