{"rewards": [19.113801452784504, 20.414507772020727, 17.774266365688487, 18.9377990430622], "lengths": [19.113801452784504, 20.414507772020727, 17.774266365688487, 18.9377990430622], "entropies": [0.6877265572547913, 0.6749406655629476, 0.6559337178866068, 0.6850633025169373]}