{"rewards": [-662.6287266883014, -600.079122866808, -593.245836056791, -613.2573825661448, -569.1863887424206, -633.0209531962782, -662.6762874321824, -558.0699906669852, -590.5779381828524], "lengths": [94, 75.33333333333333, 92, 93.2, 88.4, 86.83333333333333, 87.57142857142857, 84.28571428571429, 93.71428571428571], "entropies": [2.486607074737549, 2.4480185508728027, 2.595435619354248, 2.6385724544525146, 2.5337843894958496, 2.525059938430786, 2.421135902404785, 2.2620010375976562, 2.301974058151245, 2.3490285873413086, 2.168905735015869, 2.141803741455078, 1.9939298629760742, 1.8783564567565918, 1.8663825988769531, 1.7253892421722412, 1.253117561340332, 1.2694072723388672, 1.1147388219833374, 0.9358574151992798, 1.0003602504730225, 0.7638471722602844, 0.4978877902030945, 0.5655129551887512, 0.3587404489517212, -0.0896841287612915, -0.07842960953712463]}