{"rewards": [-166.67134802036531, -213.06202082641494, -166.31763014262052, -163.77259767952924, -147.3629071630649, -139.0553502683494, -123.51513922253483], "lengths": [83.72826086956522, 90.47674418604652, 102.1038961038961, 106.43835616438356, 106.93055555555556, 122.65625, 108.41428571428571], "entropies": [1.9414451122283936, 1.8314530849456787, 1.880104422569275, 1.6497035026550293, 1.6025538444519043, 1.6482408046722412, 1.6903371810913086, 1.5949714183807373, 1.4608625173568726, 1.7481961250305176, 1.7727452516555786, 1.7633363008499146, 1.9692883491516113, 1.8705003261566162, 1.854448676109314, 1.8121297359466553, 1.8286463022232056, 1.8205703496932983, 1.5895452499389648, 1.8516242504119873, 1.8918228149414062]}