{"rewards": [-384.3595167223304, -238.57333132985062, -254.08736760060052, -263.850814779, -289.5713952842544, -260.16536402446275, -248.88998079709972, -222.6933580377755, -214.41279840113586, -155.739341318898, -101.56279505937822], "lengths": [83.92553191489361, 82.57894736842105, 85.91111111111111, 94.08433734939759, 97.9873417721519, 99.35897435897436, 98.675, 106.28378378378379, 104.33783783783784, 113.34782608695652, 101.69620253164557], "entropies": [1.8693739175796509, 1.923776388168335, 1.9288864135742188, 1.8294180631637573, 1.81031334400177, 1.7843329906463623, 1.6461045742034912, 1.629126787185669, 1.6828722953796387, 1.6356539726257324, 1.6686608791351318, 1.6102826595306396, 1.8805421590805054, 1.8280775547027588, 1.943998098373413, 2.1192896366119385, 2.1299221515655518, 2.1316514015197754, 2.2069694995880127, 2.212085008621216, 2.192307710647583, 2.381178379058838, 2.3462791442871094, 2.334853172302246, 2.5106186866760254, 2.5387749671936035, 2.548247814178467, 2.5254948139190674, 2.4676198959350586, 2.4336295127868652, 2.3010072708129883, 2.308054208755493, 2.3060050010681152]}