{"rewards": [22.12054794520548, 20.076732673267326, 16.62012320328542, 16.168650793650794, 15.902152641878669, 16.366396761133604, 14.469750889679716, 13.155844155844155], "lengths": [22.12054794520548, 20.076732673267326, 16.62012320328542, 16.168650793650794, 15.902152641878669, 16.366396761133604, 14.469750889679716, 13.155844155844155], "entropies": [0.6916497349739075, 0.6771615743637085, 0.666960338751475, 0.6411166985829672, 0.6298865874608358, 0.6503285964330038, 0.5302286346753439, 0.4923548897107442]}