{"rewards": [17.632608695652173, 17.039748953974897, 17.396145610278374, 17.608695652173914], "lengths": [17.632608695652173, 17.039748953974897, 17.396145610278374, 17.608695652173914], "entropies": [NaN, NaN, NaN, NaN, NaN, NaN, NaN, NaN, NaN, NaN, NaN, NaN]}