{"rewards": [25.37037037037037, 33.43478260869565], "lengths": [25.37037037037037, 33.43478260869565], "entropies": [0.6716036399205526, 0.6340916752815247]}