{"rewards": [16.67494824016563, 21.408970976253297, 30.237735849056605, 40.807106598984774], "lengths": [16.67494824016563, 21.408970976253297, 30.237735849056605, 40.807106598984774], "entropies": [0.6900339722633362, 0.691413938999176, 0.6910654306411743, 0.6858577132225037, 0.6834895610809326, 0.6814305782318115, 0.6594959497451782, 0.6565333008766174, 0.6561905145645142, 0.6337260007858276, 0.6281107068061829, 0.6284721493721008]}