{"rewards": [-337.66105045225027, -138.20063027773622, -127.30096633218609, -132.73900132399223, -133.58230285006155, -129.89562188353983, -134.29327041162946], "lengths": [126.6, 70.57522123893806, 70.2719298245614, 70.50892857142857, 69.95614035087719, 69.78260869565217, 70.85840707964601], "entropies": [NaN, NaN, NaN, NaN, NaN, NaN, NaN, NaN, NaN, NaN, NaN, NaN, NaN, NaN, NaN, NaN, NaN, NaN, NaN, NaN, NaN]}