{"rewards": [31.786516853932586, 36.46583850931677, 43.38297872340426, 46.196969696969695, 54.03603603603604, 64.22, 69.40425531914893, 63.54, 85.75641025641026, 99.47826086956522, 112.66666666666667, 105.34375, 104.87692307692308, 145.45652173913044, 81.91566265060241, 111.88135593220339, 143.85106382978722, 196.75757575757575, 160.75, 160.85714285714286], "lengths": [31.786516853932586, 36.46583850931677, 43.38297872340426, 46.196969696969695, 54.03603603603604, 64.22, 69.40425531914893, 63.54, 85.75641025641026, 99.47826086956522, 112.66666666666667, 105.34375, 104.87692307692308, 145.45652173913044, 81.91566265060241, 111.88135593220339, 143.85106382978722, 196.75757575757575, 160.75, 160.85714285714286], "entropies": [0.6433933973312378, 0.6207895477612814, 0.6038188536961874, 0.5724215110143026, 0.5802027781804403, 0.5744718909263611, 0.6169862349828085, 0.5856405099232992, 0.5326452453931173, 0.6111198465029398, 0.5978191693623861, 0.5363476673762003, 0.5401577154795328, 0.4927229881286621, 0.5203835169474283, 0.5086200833320618, 0.5679693420728048, 0.5605038205782572, 0.5515787402788798, 0.4829505980014801]}