{"rewards": [23.059479553903344, 34.33678756476684, 47.736111111111114, 72.5, 93.0, 121.74545454545455, 166.8139534883721, 170.76923076923077, 253.76923076923077, 311.77272727272725, 383.2352941176471, 475.5625, 500.0, 500.0], "lengths": [23.059479553903344, 34.33678756476684, 47.736111111111114, 72.5, 93, 121.74545454545455, 166.8139534883721, 170.76923076923077, 253.76923076923077, 311.77272727272725, 383.2352941176471, 475.5625, 500, 500], "entropies": [0.6659974257151285, 0.6419118046760559, 0.6198316812515259, 0.5948818922042847, 0.5449561476707458, 0.5835899313290914, 0.5759135286013285, 0.6055241624514262, 0.5959777037302653, 0.571885327498118, 0.55846107006073, 0.49409180879592896, 0.524608294169108, 0.46633286277453107]}