{"rewards": [21.444148936170212, 29.642066420664207, 46.13953488372093, 64.19834710743801, 94.51807228915662, 114.12307692307692, 199.6, 197.62857142857143, 148.3877551020408, 202.94285714285715, 216.0, 206.11428571428573, 227.4375, 231.15151515151516, 231.0, 190.89473684210526, 218.2058823529412, 199.69230769230768, 249.44827586206895, 242.75862068965517, 269.3076923076923, 321.3181818181818, 288.8333333333333, 360.57894736842104, 404.5625, 426.0, 345.42857142857144], "lengths": [21.444148936170212, 29.642066420664207, 46.13953488372093, 64.19834710743801, 94.51807228915662, 114.12307692307692, 199.6, 197.62857142857143, 148.3877551020408, 202.94285714285715, 216, 206.11428571428573, 227.4375, 231.15151515151516, 231, 190.89473684210526, 218.2058823529412, 199.69230769230768, 249.44827586206895, 242.75862068965517, 269.3076923076923, 321.3181818181818, 288.8333333333333, 360.57894736842104, 404.5625, 426, 345.42857142857144], "entropies": [0.6860105395317078, 0.6660408973693848, 0.6372880140940348, 0.6115788022677103, 0.5938262740770975, 0.5790195862452189, 0.5725513696670532, 0.5432262619336446, 0.5172069271405538, 0.5093526840209961, 0.5060384571552277, 0.4716401795546214, 0.4770934383074443, 0.46806607643763226, 0.44996148347854614, 0.4373524983723958, 0.415425439675649, 0.40865636865297955, 0.4101148247718811, 0.419658104578654, 0.41532114148139954, 0.41420383254686993, 0.4164273242155711, 0.399384339650472, 0.3828633824984233, 0.3836589455604553, 0.4053136308987935]}