{"rewards": [25.310344827586206, 19.694444444444443, 20.696969696969695, 22.896551724137932, 25.448275862068964, 23.161290322580644, 19.714285714285715, 21.533333333333335, 20.914285714285715, 19.714285714285715, 25.03448275862069, 23.5, 21.88235294117647, 20.87878787878788, 26.933333333333334, 18.846153846153847, 20.105263157894736, 21.419354838709676, 21.37142857142857, 19.805555555555557, 17.80952380952381, 20.705882352941178, 19.63888888888889, 23.548387096774192, 22.77777777777778, 19.0, 20.7027027027027, 19.61111111111111, 18.789473684210527, 20.5, 20.13157894736842, 17.52777777777778, 21.02857142857143], "lengths": [25.310344827586206, 19.694444444444443, 20.696969696969695, 22.896551724137932, 25.448275862068964, 23.161290322580644, 19.714285714285715, 21.533333333333335, 20.914285714285715, 19.714285714285715, 25.03448275862069, 23.5, 21.88235294117647, 20.87878787878788, 26.933333333333334, 18.846153846153847, 20.105263157894736, 21.419354838709676, 21.37142857142857, 19.805555555555557, 17.80952380952381, 20.705882352941178, 19.63888888888889, 23.548387096774192, 22.77777777777778, 19, 20.7027027027027, 19.61111111111111, 18.789473684210527, 20.5, 20.13157894736842, 17.52777777777778, 21.02857142857143], "entropies": [0.6889005899429321, 0.6891037225723267, 0.68937087059021, 0.6857500672340393, 0.6867200136184692, 0.6879382133483887, 0.6907156705856323, 0.691241443157196, 0.6916366815567017, 0.6917184591293335, 0.6919854879379272, 0.6921888589859009, 0.6924196481704712, 0.6925519704818726, 0.6926512718200684, 0.6929537653923035, 0.6929765343666077, 0.692992627620697, 0.6929640769958496, 0.6929948329925537, 0.6930204629898071, 0.6927854418754578, 0.6928261518478394, 0.6928666830062866, 0.6930837631225586, 0.6930850148200989, 0.6930856108665466, 0.6930841207504272, 0.6930848956108093, 0.6930856704711914, 0.6931132078170776, 0.6931139230728149, 0.6931145787239075, 0.6930644512176514, 0.6930652260780334, 0.6930654644966125, 0.6930133700370789, 0.6930208206176758, 0.6930306553840637, 0.6929803490638733, 0.6929795145988464, 0.6929799914360046, 0.6931014060974121, 0.6931021213531494, 0.6931023597717285, 0.6930394768714905, 0.6930487155914307, 0.6930579543113708, 0.6930868625640869, 0.6930869221687317, 0.6930878162384033, 0.6930010318756104, 0.6930036544799805, 0.6930062174797058, 0.6931140422821045, 0.6931145787239075, 0.6931154727935791, 0.6930849552154541, 0.6930888295173645, 0.6930928230285645, 0.6930986642837524, 0.6930978298187256, 0.693098783493042, 0.6930384635925293, 0.693041205406189, 0.6930429935455322, 0.693034827709198, 0.6930387020111084, 0.6930431127548218, 0.6931028366088867, 0.6931008100509644, 0.6931014060974121, 0.6930941343307495, 0.6930942535400391, 0.6930944919586182, 0.6930619478225708, 0.6930651664733887, 0.6930680274963379, 0.693097710609436, 0.6930974721908569, 0.6930972337722778, 0.6931037902832031, 0.693107008934021, 0.6931105256080627, 0.6931214332580566, 0.6931232213973999, 0.6931252479553223, 0.6930791139602661, 0.6930808424949646, 0.6930824518203735, 0.693061351776123, 0.693063497543335, 0.6930648684501648, 0.6930052638053894, 0.693008303642273, 0.6930115222930908, 0.6930989027023315, 0.6930986642837524, 0.6930996179580688]}