{"rewards": [-310.1952997946021, -292.6379734354758, -268.1747824653754, -233.01748677287586, -625.9509476439671, -605.9146056373042, -610.3641338242328, -622.3204451903322, -562.1990123377105, -609.8604931033195, -618.3338266648832, -571.77125189739, -478.0128199703489, -740.3412780693303, -634.9960372796222, -619.0839013051665, -648.78080711823, -618.8506463819086, -550.1503723797189, -499.03424934497764, -419.53796296847787, -364.2674970557853, -368.4498859957509, -349.3874632681945, -272.1215313673755, -212.4377178461618, -143.17241560813122, -128.37101467770162, -60.76258264196196, -37.84435635501125, -58.65648957016242, -9.662587154275524, -33.67318564973706, -61.78163356658194, -42.18310330672469, 4.7839156646584735, 19.93497589030185, 49.92807272630026, 31.45813768827114, 88.28303299431255, 29.010834596283278, 58.141092723411695, -10.159741836815328, 32.88364856729185, 46.90423929032194, 90.3988640719146, 68.82073956638722, 72.46409582594715, 104.46244996503034, 44.4687682627997, 49.42190071504662, 83.5284737405749, 102.09708915418713, 40.21006240351535, 133.31954832331175, 91.8166783422837, 112.99999764567688, 49.370612524555334, 72.73242191072882, 95.53363765258284, 107.70719074596676, 74.71889053737516, 102.87327078273725, 93.8256631688347, 80.44666556877192, 40.636395430866806, 64.24717246985564, 54.99957524543995, 56.6336927818182], "lengths": [115.69354838709677, 122.06896551724138, 131.83636363636364, 193.48648648648648, 117.93442622950819, 117.06451612903226, 129.49122807017545, 127.44642857142857, 110.37878787878788, 126.36842105263158, 132.77777777777777, 129.2, 131.27777777777777, 144.55769230769232, 128.1578947368421, 129.58928571428572, 130.43636363636364, 138.0612244897959, 125.6140350877193, 140.19230769230768, 139.84313725490196, 186.89743589743588, 196.5, 210.73529411764707, 245.92592592592592, 270.9130434782609, 382, 451.27272727272725, 352.5263157894737, 679.3333333333334, 466.09090909090907, 737.7, 808.4444444444445, 578.9166666666666, 573.5, 950.125, 806.625, 923.625, 825.7777777777778, 963.375, 895.5, 826.125, 790.75, 809.5, 902.375, 856.625, 951.75, 808.8888888888889, 1000, 844.75, 922, 1000, 1000, 740.3333333333334, 940.875, 831.125, 1000, 689.75, 783.6666666666666, 909.125, 1000, 834.5, 1000, 1000, 934.375, 910.625, 962, 1000, 944.375], "entropies": [1.1925959587097168, 1.1570841868718464, 1.1680630048116047, 1.0948738654454548, 0.8470962246259054, 0.8101750413576762, 0.8726590077082316, 0.7988695700963339, 0.876063326994578, 0.8642017046610514, 0.9546146392822266, 0.7502884864807129, 0.7451469600200653, 0.5317965547243754, 0.647840678691864, 0.47043250997861225, 0.6913738052050272, 0.5888888239860535, 0.7729601065317789, 1.0525225798288982, 0.9083511233329773, 1.006874640782674, 1.0160090525945027, 1.1066977580388386, 1.0289545059204102, 1.0627942482630413, 1.093967318534851, 1.156421701113383, 1.1423437198003132, 1.1313265562057495, 1.153838872909546, 1.1493436892827351, 0.9988815784454346, 0.9694233338038126, 0.916589637597402, 0.9786683718363444, 0.9628672997156779, 1.0698492924372356, 1.0659135977427165, 0.8926499287287394, 0.8519422014554342, 0.9689533710479736, 0.885435144106547, 1.0455150206883748, 0.9354769388834635, 0.9869794646898905, 0.7639193534851074, 0.8604918122291565, 0.879104475180308, 0.9059813618659973, 0.8642060359319051, 0.8050134579340616, 1.0335514148076375, 1.0021234552065532, 0.8534431060155233, 1.0090348720550537, 0.9080557227134705, 0.9814723531405131, 0.9530582825342814, 0.816219429175059, 0.9436452388763428, 0.9861441651980082, 0.9118172327677408, 0.8495472073554993, 0.7732900977134705, 0.7879133025805155, 0.8374698956807455, 0.7827629645665487, 0.9515002369880676]}