{"rewards": [27.735395189003437, 32.364372469635626], "lengths": [27.735395189003437, 32.364372469635626], "entropies": [0.6736190915107727, 0.6608072519302368, 0.6476907134056091, 0.6705775260925293, 0.6621830463409424, 0.6522902250289917]}