{"rewards": [-106.83671514266462, -104.16851248289893, -101.17504535044131, -98.00305405081187, -97.96489719160974, -104.38366235900044, -96.22306394761125, -93.70742739967535, -80.75479721853029, -101.47210719575682, -96.63856540285146, -103.18157433068187, -78.34743013746689, -86.39730735045633, -77.34506373254958, -82.34081955764523, -90.01411314469436, -92.44858071475952, -86.02406723956764, -80.72013826505146, -74.6071247763895, -71.27699928292061, -66.62759693238885, -66.5281279549624, -63.76844605798302, -74.17212657951809, -73.22699326818707, -72.22730397221798, -71.64738927656705, -59.72096623375828, -61.12994031420976, -67.00112688781718, -55.95504817438475, -53.960324628639064, -55.061930767751434, -51.96293382176063, -51.89506438546181, -49.16117689245601, -49.6810900587296, -47.94040011705892, -62.400092477558964, -63.207383946974275, -45.653377489665175, -41.58245283638429, -42.152596082264424, -42.09077938448418, -37.02821015544337, -40.73292065584424, -37.19600273939439, -37.1191442061872, -36.82989094623331, -33.32973631392345, -33.75209874732368, -31.511173746023868, -29.625701605860236, -31.730753948113893], "lengths": [428.7692307692308, 630.6363636363636, 745.8888888888889, 830.875, 838.25, 416.42857142857144, 750.5555555555555, 1098.1666666666667, 1600, 753.4444444444445, 839.875, 637.5454545454545, 1600, 1294.2, 1600, 1294, 1094, 956.7142857142857, 1095.6666666666667, 1293.8, 1293, 1600, 1600, 1600, 1600, 1314.6, 1297.4, 1303.2, 1292.6, 1600, 1600, 1307.4, 1600, 1600, 1600, 1600, 1600, 1600, 1600, 1600, 1307.4, 1307.4, 1600, 1600, 1600, 1600, 1600, 1600, 1600, 1600, 1600, 1600, 1600, 1600, 1600, 1600], "entropies": [1.8242356777191162, 1.8098583221435547, 1.8251374959945679, 1.817018985748291, 1.8103770017623901, 1.8117493391036987, 1.8229392766952515, 1.833464503288269, 1.8301236629486084, 1.8260183334350586, 1.69408118724823, 1.7019304037094116, 1.6701663732528687, 1.695717692375183, 1.6895465850830078, 1.6919723749160767, 1.6942076683044434, 1.7033478021621704, 1.6831556558609009, 1.6666088104248047, 1.5873775482177734, 1.5826692581176758, 1.58558189868927, 1.5777493715286255, 1.5835633277893066, 1.5836621522903442, 1.580508828163147, 1.5825526714324951, 1.5914936065673828, 1.5871951580047607, 1.6517267227172852, 1.6387089490890503, 1.6203961372375488, 1.617514967918396, 1.623586893081665, 1.6089586019515991, 1.6180202960968018, 1.611713171005249, 1.604016661643982, 1.6133019924163818, 1.5314081907272339, 1.5132139921188354, 1.5254782438278198, 1.5275545120239258, 1.5143041610717773, 1.528283953666687, 1.521166443824768, 1.5188145637512207, 1.5284404754638672, 1.5179266929626465, 1.5667974948883057, 1.5692710876464844, 1.5735540390014648, 1.574378252029419, 1.5671993494033813, 1.5773836374282837, 1.5708194971084595, 1.5757813453674316, 1.5828583240509033, 1.5693552494049072, 1.5608552694320679, 1.542039394378662, 1.5349762439727783, 1.5348477363586426, 1.540839672088623, 1.5379410982131958, 1.5391629934310913, 1.5322914123535156, 1.5438623428344727, 1.5417801141738892, 1.5818791389465332, 1.5794697999954224, 1.567600965499878, 1.5607179403305054, 1.5723329782485962, 1.571960210800171, 1.5708497762680054, 1.577636480331421, 1.5777209997177124, 1.5723336935043335, 1.4684349298477173, 1.476950764656067, 1.4837449789047241, 1.4811161756515503, 1.4816434383392334, 1.4822299480438232, 1.481829047203064, 1.4893486499786377, 1.4828144311904907, 1.488337516784668, 1.4930670261383057, 1.4844996929168701, 1.483096718788147, 1.4840490818023682, 1.4750471115112305, 1.4869310855865479, 1.4852015972137451, 1.4906553030014038, 1.4868366718292236, 1.4876644611358643, 1.5165101289749146, 1.5141987800598145, 1.514212965965271, 1.5187246799468994, 1.5089976787567139, 1.5188068151474, 1.517722725868225, 1.5147613286972046, 1.521501064300537, 1.521396279335022, 1.5136069059371948, 1.5137664079666138, 1.516232967376709, 1.5104488134384155, 1.5059252977371216, 1.5153920650482178, 1.5102815628051758, 1.5223901271820068, 1.5168343782424927, 1.5084559917449951, 1.4125699996948242, 1.4087049961090088, 1.4016740322113037, 1.4029576778411865, 1.3940633535385132, 1.404170274734497, 1.405220627784729, 1.402273416519165, 1.4040532112121582, 1.3970890045166016, 1.3760485649108887, 1.3747944831848145, 1.3794009685516357, 1.3749064207077026, 1.3787953853607178, 1.3746702671051025, 1.378942608833313, 1.3782377243041992, 1.380685567855835, 1.379736304283142, 1.365294098854065, 1.3660436868667603, 1.3630250692367554, 1.3639711141586304, 1.360365629196167, 1.354769229888916, 1.3590419292449951, 1.3536239862442017, 1.3523848056793213, 1.3530036211013794, 1.2644819021224976, 1.2609912157058716, 1.26167631149292, 1.2645072937011719, 1.2707395553588867, 1.263188362121582, 1.2649481296539307, 1.2660963535308838, 1.2677273750305176, 1.2684710025787354, 1.2734675407409668, 1.2734065055847168, 1.267351746559143, 1.2629092931747437, 1.2624222040176392, 1.2594952583312988, 1.2566152811050415, 1.2649425268173218, 1.2678519487380981, 1.2671988010406494, 1.2206244468688965, 1.2239309549331665, 1.2296171188354492, 1.2311179637908936, 1.2306597232818604, 1.2393012046813965, 1.2342402935028076, 1.2323939800262451, 1.2313249111175537, 1.234828233718872, 1.1973119974136353, 1.1838629245758057, 1.1824235916137695, 1.1800713539123535, 1.1789062023162842, 1.183436393737793, 1.184773564338684, 1.184844732284546, 1.1842026710510254, 1.1848351955413818, 1.1236668825149536, 1.1257632970809937, 1.1299375295639038, 1.1305770874023438, 1.126226782798767, 1.133890986442566, 1.1193087100982666, 1.1288014650344849, 1.1217551231384277, 1.1220347881317139, 1.0115586519241333, 1.003240942955017, 1.0028568506240845, 1.0057214498519897, 1.0025660991668701, 1.0047607421875, 1.0118536949157715, 1.0030858516693115, 0.9980698227882385, 0.9966323971748352, 0.9915286302566528, 0.9814711809158325, 0.9844378232955933, 0.9858996868133545, 0.9870505928993225, 0.989837646484375, 0.9913381338119507, 0.9836372137069702, 0.9871447086334229, 0.9840530753135681, 0.8512471914291382, 0.8498932719230652, 0.8571107387542725, 0.8534136414527893, 0.8496471643447876, 0.8521849513053894, 0.8522261381149292, 0.857779324054718, 0.8571096658706665, 0.8518531918525696, 0.7696942090988159, 0.7721278071403503, 0.7696598172187805, 0.7797066569328308, 0.7779646515846252, 0.7812799215316772, 0.7704154253005981, 0.7831487655639648, 0.7830038666725159, 0.7825512886047363, 0.7425580024719238, 0.7218647599220276, 0.7184131145477295, 0.7218923568725586, 0.7163554430007935, 0.7178093194961548, 0.7115994691848755, 0.7159891724586487, 0.7152748703956604, 0.72052001953125, 0.6604588627815247, 0.6607181429862976, 0.6679093837738037, 0.6675912141799927, 0.6624739170074463, 0.6607927680015564, 0.6553730964660645, 0.6567256450653076, 0.6612743735313416, 0.6557685136795044, 0.6549693942070007, 0.6515533328056335, 0.6565572619438171, 0.6581598520278931, 0.65380859375, 0.6592540740966797, 0.6593402028083801, 0.649010419845581, 0.6526899337768555, 0.6598141193389893, 0.556028425693512, 0.5844188332557678, 0.5748047828674316, 0.5812037587165833, 0.5826069116592407, 0.585539698600769, 0.5836188197135925, 0.5887786149978638, 0.5914748311042786, 0.5776028633117676, 0.545367419719696, 0.53988116979599, 0.5363867878913879, 0.5444189310073853, 0.5297633409500122, 0.5398111343383789, 0.5459911823272705, 0.5429297685623169, 0.542376697063446, 0.5460050702095032, 0.48004984855651855, 0.4831784665584564, 0.49424198269844055, 0.4949856996536255, 0.5037949085235596, 0.4990065395832062, 0.5046186447143555, 0.5002034902572632, 0.5061154365539551, 0.5070178508758545, 0.47500506043434143, 0.45344871282577515, 0.45820388197898865, 0.463978111743927, 0.4598240256309509, 0.4626047909259796, 0.4526658058166504, 0.4590190649032593, 0.4521244764328003, 0.4573274850845337, 0.32727742195129395, 0.30960166454315186, 0.3112298548221588, 0.3187324106693268, 0.3188328444957733, 0.3236539661884308, 0.3235166370868683, 0.32757413387298584, 0.32421982288360596, 