{"rewards": [-310.77265416382215, -346.34159730595366, -319.0682767752915, -202.92815372797068], "lengths": [98.33333333333333, 94, 103.33333333333333, 102], "entropies": [1.8638190031051636, 1.8366378545761108, 1.2871671517690022, 1.3815526962280273]}