{"rewards": [21.49336870026525, 29.186131386861312, 47.258823529411764, 67.45614035087719, 114.56716417910448, 177.6904761904762, 360.8, 316.3333333333333, 476.4375, 445.375, 473.0, 463.375, 499.3125, 500.0, 481.5, 474.125, 500.0, 500.0, 500.0, 499.0, 488.6875, 487.125, 461.875, 500.0, 398.0, 412.70588235294116, 371.1764705882353, 296.6818181818182, 411.5, 369.6666666666667, 373.5882352941176, 411.1764705882353, 380.55555555555554, 432.3125], "lengths": [21.49336870026525, 29.186131386861312, 47.258823529411764, 67.45614035087719, 114.56716417910448, 177.6904761904762, 360.8, 316.3333333333333, 476.4375, 445.375, 473, 463.375, 499.3125, 500, 481.5, 474.125, 500, 500, 500, 499, 488.6875, 487.125, 461.875, 500, 398, 412.70588235294116, 371.1764705882353, 296.6818181818182, 411.5, 369.6666666666667, 373.5882352941176, 411.1764705882353, 380.55555555555554, 432.3125], "entropies": [0.6844773292541504, 0.6567902366320292, 0.6210457682609558, 0.6056706706682841, 0.5890879034996033, 0.5331859389940897, 0.5019131104151408, 0.4955229063828786, 0.47644612193107605, 0.4509704113006592, 0.4311365485191345, 0.42136554916699726, 0.3945411245028178, 0.36487029989560443, 0.3757511576016744, 0.39611028631528217, 0.3696167667706807, 0.3742448389530182, 0.369734267393748, 0.34488526980082196, 0.3365865747133891, 0.3480346103509267, 0.3597089151541392, 0.3611386815706889, 0.36867254972457886, 0.36959998806317645, 0.35175169507662457, 0.3484935164451599, 0.3439262807369232, 0.3369184931119283, 0.3172941009203593, 0.3018037676811218, 0.3130253752072652, 0.3034766713778178]}