{"rewards": [13.658291457286433, 15.308851224105462], "lengths": [13.658291457286433, 15.308851224105462], "entropies": [0.6473231315612793, 0.6554977297782898, 0.6532905697822571, 0.6711373329162598, 0.6803622245788574, 0.6797463893890381]}