{"rewards": [16.545824847250508, 21.6524064171123], "lengths": [16.545824847250508, 21.6524064171123], "entropies": [0.6877914071083069, 0.6903790235519409, 0.6902258396148682, 0.6905287504196167, 0.6784449219703674, 0.6772872805595398]}