{"rewards": [-184.14472697256898, -264.6333100759071, -307.7839349617638, -334.62443263183445, -336.3020226098551, -332.3397618517236, -350.5930766719249], "lengths": [92.36904761904762, 105.86111111111111, 120.171875, 114.51470588235294, 115.66153846153846, 115.56923076923077, 114.86764705882354], "entropies": [2.1332082748413086, 3.073965311050415, 4.391728401184082, 5.750729560852051, 7.933405876159668, 10.477046966552734, 13.449231147766113, 16.273406982421875, 19.64230728149414, 23.16846466064453, 26.81717300415039, 30.070804595947266, 32.421897888183594, 35.5240478515625, 38.42005920410156, 41.62191390991211, 44.77777099609375, 47.03959655761719, 49.09967803955078, 50.83781051635742, 52.3093376159668]}