{"rewards": [-599.3941560372931, -421.79183047122314], "lengths": [101.66666666666667, 97.2], "entropies": [1.5004832744598389, 1.5954312880833943]}