{"rewards": [21.229166666666668, 21.229166666666668, 21.229166666666668, 21.229166666666668, 21.229166666666668], "lengths": [21.229166666666668, 21.229166666666668, 21.229166666666668, 21.229166666666668, 21.229166666666668], "entropies": [0.6870429515838623, 0.683740496635437, 0.6821346879005432, 0.6762116750081381, 0.6634870767593384]}