{"rewards": [18.01769911504425, 21.675603217158177, 29.61764705882353, 45.820809248554916, 61.734375, 89.81818181818181, 114.18181818181819, 156.54347826086956], "lengths": [18.01769911504425, 21.675603217158177, 29.61764705882353, 45.820809248554916, 61.734375, 89.81818181818181, 114.18181818181819, 156.54347826086956], "entropies": [0.6896424889564514, 0.6910227537155151, 0.6905630826950073, 0.6881123781204224, 0.6865836381912231, 0.6850112676620483, 0.6672732830047607, 0.6621848940849304, 0.6597425937652588, 0.6327456831932068, 0.635722279548645, 0.6341738700866699, 0.6266477108001709, 0.6197816133499146, 0.6186419725418091, 0.6120661497116089, 0.6057089567184448, 0.6038456559181213, 0.6008360385894775, 0.5952426791191101, 0.5866064429283142, 0.5900495052337646, 0.5659047365188599, 0.5421892404556274]}