{"rewards": [13.401652892561984, 14.22280701754386, 20.295739348370926, 27.03030303030303, 41.25, 62.45669291338583, 86.6547619047619, 143.75510204081633, 160.95744680851064], "lengths": [13.401652892561984, 14.22280701754386, 20.295739348370926, 27.03030303030303, 41.25, 62.45669291338583, 86.6547619047619, 143.75510204081633, 160.95744680851064], "entropies": [0.633078396320343, 0.6408960223197937, 0.6264207363128662, 0.6529092788696289, 0.6681622862815857, 0.6668737530708313, 0.6879874467849731, 0.6877502202987671, 0.6863058805465698, 0.6707668304443359, 0.6647953391075134, 0.6645878553390503, 0.6414014101028442, 0.6290618777275085, 0.62743079662323, 0.6190557479858398, 0.6048203110694885, 0.6023715734481812, 0.6042592525482178, 0.5910788774490356, 0.5874770283699036, 0.6025725603103638, 0.5951775312423706, 0.5899888277053833, 0.5929964780807495, 0.5917212963104248, 0.5922192335128784]}