{"rewards": [-101.58360002522257, -97.16963519706222, -100.62395642347788], "lengths": [608.0869565217391, 890.6666666666666, 687.75], "entropies": [4.54667329788208, 4.543102264404297, 4.543256759643555, 4.7082319259643555, 4.703958034515381, 4.708291530609131, 4.659101486206055, 4.638707160949707, 4.641271591186523]}