{"rewards": [29.49814126394052, 41.505208333333336], "lengths": [29.49814126394052, 41.505208333333336], "entropies": [0.6551613807678223, 0.6530696749687195, 0.6511704921722412, 0.6295020580291748, 0.6281587481498718, 0.6238624453544617]}