{"rewards": [27.013468013468014, 23.686217008797655, 21.916216216216217, 18.046979865771814, 16.01775147928994], "lengths": [27.013468013468014, 23.686217008797655, 21.916216216216217, 18.046979865771814, 16.01775147928994], "entropies": [0.6901063720385233, 0.6902663707733154, 0.6563244263331095, 0.6544475158055624, 0.5853502750396729]}