{"rewards": [-247.1923965616955, -192.01262628844904, -163.03237993928107], "lengths": [91.90697674418605, 94.79012345679013, 92.3529411764706], "entropies": [1.3419569333394368, 1.3512616952260335, 1.3233966827392578]}