{"rewards": [19.91176470588235, 9.375], "lengths": [19.91176470588235, 9.375], "entropies": [NaN, NaN, NaN, NaN, NaN, NaN]}