{"rewards": [24.883076923076924, 35.26431718061674, 66.34745762711864, 155.52083333333334, 265.52, 439.375, 486.4375, 489.9375, 500.0, 500.0, 498.125, 487.4375, 500.0, 500.0, 500.0, 500.0, 494.625, 484.1875, 500.0, 498.3125], "lengths": [24.883076923076924, 35.26431718061674, 66.34745762711864, 155.52083333333334, 265.52, 439.375, 486.4375, 489.9375, 500, 500, 498.125, 487.4375, 500, 500, 500, 500, 494.625, 484.1875, 500, 498.3125], "entropies": [0.6754067540168762, 0.6729063987731934, 0.6705231070518494, 0.6396883726119995, 0.6314103603363037, 0.6286818385124207, 0.6027941703796387, 0.5970262885093689, 0.5930960178375244, 0.5808389782905579, 0.5738619565963745, 0.5680406093597412, 0.5662671327590942, 0.5569459795951843, 0.5531225204467773, 0.5383062362670898, 0.5305321216583252, 0.5362936854362488, 0.5292078852653503, 0.5258406400680542, 0.5295832753181458, 0.5558563470840454, 0.5581221580505371, 0.5573643445968628, 0.5607510805130005, 0.5661126971244812, 0.5659785270690918, 0.574984073638916, 0.5700927376747131, 0.5706480145454407, 0.5506258010864258, 0.5507808923721313, 0.5539734363555908, 0.5447472333908081, 0.5295171737670898, 0.5302051305770874, 0.5338862538337708, 0.5456893444061279, 0.5456587672233582, 0.5416216850280762, 0.5434791445732117, 0.5401821732521057, 0.5519649982452393, 0.5588003396987915, 0.5596187114715576, 0.5607702136039734, 0.5707745552062988, 0.572090208530426, 0.5590325593948364, 0.5685832500457764, 0.5726090669631958, 0.5635502338409424, 0.5642110109329224, 0.5655257701873779, 0.5594224333763123, 0.5576151013374329, 0.555256724357605, 0.545097827911377, 0.5457900762557983, 0.5463852882385254]}