{"rewards": [-116.22016742103129, -115.49064133886415, -116.33087455461533, -116.08185418219534, -115.95738881265576, -115.66619111023286, -115.11078415375495, -115.32947400454687, -115.45666980137547, -115.6586179744386, -115.42911724770717, -114.78184216992958, -115.5988790968611, -116.85680392686585, -117.0416100372647, -114.1935623052626, -110.23689281554955, -113.51462238695919, -111.89887158089503, -111.2590610901401, -117.67151276898943, null, -111.81911398340885, null, null, null, null, null, null, null, null, null, null, null, null, -111.84154111087199, null, null, null, null], "lengths": [82.6774193548387, 84.87777777777778, 79.68367346938776, 83.27956989247312, 85.04347826086956, 94.975, 86.3855421686747, 80.98913043478261, 90.11538461538461, 92.83333333333333, 88.5679012345679, 89.36764705882354, 95.41176470588235, 130.94444444444446, 122.41379310344827, 87, 87, 67, 98, 62.666666666666664, 145, null, 74, null, null, null, null, null, null, null, null, null, null, null, null, 709, null, null, null, null], "entropies": [4.485691070556641, 4.4814534187316895, 4.487772464752197, 4.486736297607422, 4.487339973449707, 4.484564781188965, 4.485201835632324, 4.4906158447265625, 4.482367515563965, 4.484102725982666, 4.38382625579834, 4.383159160614014, 4.378177165985107, 4.374118804931641, 4.377713203430176, 4.373077392578125, 4.375812530517578, 4.372450351715088, 4.381714820861816, 4.371142387390137, 4.418842315673828, 4.411384582519531, 4.409392356872559, 4.4109578132629395, 4.417675971984863, 4.41802453994751, 4.422462463378906, 4.418550968170166, 4.417131423950195, 4.420195579528809, 4.472187042236328, 4.477426528930664, 4.478137493133545, 4.474287986755371, 4.473239898681641, 4.4778642654418945, 4.487020015716553, 4.480791091918945, 4.482708930969238, 4.481472969055176, 4.414549827575684, 4.401079177856445, 4.401034832000732, 4.399935722351074, 4.400535583496094, 4.401987552642822, 4.399391174316406, 4.398007392883301, 4.398029327392578, 4.402381896972656, 4.364511013031006, 4.363629341125488, 4.3602142333984375, 4.3615593910217285, 4.360219955444336, 4.3594770431518555, 4.353697776794434, 4.357817649841309, 4.351207733154297, 4.35546875, 4.333136558532715, 4.3225178718566895, 4.328371524810791, 4.322989463806152, 4.325831413269043, 4.325331211090088, 4.325536727905273, 4.319305896759033, 4.328298091888428, 4.331879615783691, 4.2827253341674805, 4.28762149810791, 4.288405418395996, 4.286901950836182, 4.282269477844238, 4.287719249725342, 4.280728816986084, 4.278014183044434, 4.273665428161621, 4.285619258880615, 4.1896772384643555, 4.163935661315918, 4.158715724945068, 4.156581401824951, 4.158093452453613, 4.159947395324707, 4.159280300140381, 4.160424709320068, 4.1592020988464355, 4.160347938537598, 4.014020919799805, 4.0286946296691895, 4.036574840545654, 4.033559799194336, 4.023923873901367, 4.030566215515137, 4.028511047363281, 4.029033660888672, 4.027313232421875, 4.0209808349609375, 4.13865852355957, 4.120230674743652, 4.121939659118652, 4.132299423217773, 4.132162570953369, 4.131918907165527, 4.126797199249268, 4.143328666687012, 4.139068603515625, 4.136574745178223, 4.112628936767578, 4.12116813659668, 4.1179375648498535, 4.118862628936768, 4.114937782287598, 4.123512268066406, 4.1184234619140625, 4.115525722503662, 4.112470626831055, 4.104670524597168, 4.017088413238525, 3.9984183311462402, 3.9987149238586426, 4.00339412689209, 4.000777244567871, 3.9913995265960693, 3.9856138229370117, 3.9804654121398926, 3.985901117324829, 3.9798247814178467, 3.994969129562378, 4.029727458953857, 4.035519599914551, 4.037367820739746, 4.04022216796875, 4.038455963134766, 4.040584087371826, 4.049142837524414, 4.030189514160156, 4.0471906661987305, 4.044460296630859, 4.051037788391113, 4.051924705505371, 4.048669815063477, 4.052285194396973, 4.052337646484375, 4.045483589172363, 4.0404133796691895, 4.036906719207764, 4.037504196166992, 3.8982410430908203, 3.923180103302002, 3.9100563526153564, 3.911052703857422, 3.907630205154419, 3.916121244430542, 3.9042515754699707, 3.9080333709716797, 3.912501811981201, 3.9208476543426514, 3.952634811401367, 3.9798049926757812, 3.98091983795166, 3.9868383407592773, 4.004964828491211, 3.9734957218170166, 4.007785797119141, 3.999173164367676, 4.001995086669922, 4.006702423095703, 3.9829013347625732, 4.029196262359619, 4.005070209503174, 4.028609275817871, 4.01240348815918, 4.019368648529053, 4.033100128173828, 4.030740261077881, 4.025383472442627, 4.042836666107178, 4.052929401397705, 4.067499160766602, 4.085842609405518, 4.082554817199707, 4.098762035369873, 4.095151901245117, 4.08074951171875, 4.093385696411133, 4.081465721130371, 4.084800720214844, 4.0790605545043945, 4.077341079711914, 4.097639560699463, 4.103541374206543, 4.079298973083496, 4.090700626373291, 4.082152366638184, 4.096923351287842, 4.097272872924805, 4.078620910644531, 4.080682754516602, 4.106958389282227, 4.120306015014648, 4.107711315155029, 4.107694625854492, 4.096862316131592, 4.106167793273926, 4.109642028808594, 4.112092018127441, 4.105721950531006, 4.104001998901367, 4.101682662963867, 4.1029791831970215, 4.0875139236450195, 4.100537300109863, 4.100269317626953, 4.119926929473877, 4.10612678527832, 4.103991508483887, 4.112479209899902, 4.133835315704346, 4.131150722503662, 4.1376471519470215, 4.139651775360107, 4.134402275085449, 4.139585018157959, 4.130544662475586, 4.134117126464844, 4.142325401306152, 4.127481460571289, 4.058469772338867, 4.095664024353027, 4.088890075683594, 4.084766387939453, 4.100815296173096, 4.107645511627197, 4.126879692077637, 4.120146751403809, 4.128840446472168, 4.127636432647705, 4.053277015686035, 4.042719841003418, 4.050816059112549, 4.064792156219482, 4.051887512207031, 4.072240829467773, 4.0657548904418945, 4.069299697875977, 4.066285133361816, 4.069711685180664, 4.085796356201172, 4.096404075622559, 4.100035190582275, 4.090603828430176, 4.104320526123047, 4.082477569580078, 4.099167823791504, 4.086259365081787, 4.096034049987793, 4.075259208679199, 4.038783073425293, 4.050811767578125, 4.066834926605225, 4.063675880432129, 4.066273212432861, 4.061503887176514, 4.0658650398254395, 4.06972599029541, 4.066403388977051, 4.071594715118408, 4.002471923828125, 4.001380443572998, 4.004791259765625, 4.0077714920043945, 4.012170314788818, 4.013745307922363, 4.0177202224731445, 4.024229049682617, 4.024609565734863, 4.023914337158203, 4.053812026977539, 4.044597625732422, 4.038738250732422, 4.050699234008789, 4.058661460876465, 4.05247163772583, 4.05828857421875, 4.057985305786133, 4.066753387451172, 4.057285308837891, 4.0270795822143555, 4.0302629470825195, 4.028916358947754, 4.034767150878906, 4.023565292358398, 4.03067684173584, 4.036998748779297, 4.035177707672119, 4.035407066345215, 4.043064117431641, 3.9454421997070312, 3.9383046627044678, 3.943998336791992, 3.9362292289733887, 3.9387881755828857, 3.9362030029296875, 3.934497594833374, 3.9375743865966797, 3.9356765747070312, 3.937084674835205, 3.946349859237671, 3.960766315460205, 3.964017629623413, 3.9586870670318604, 3.951268196105957, 3.9601986408233643, 3.9587721824645996, 3.9555583000183105, 3.9552786350250244, 3.9653234481811523, 3.921198844909668, 3.941161632537842, 3.9408390522003174, 3.944530725479126, 3.9450619220733643, 3.9488425254821777, 3.944087505340576, 3.945274591445923, 3.9425082206726074, 3.938859701156616, 3.9413347244262695, 3.9387173652648926, 3.9423012733459473, 3.9483489990234375, 3.9459424018859863, 3.951939105987549, 3.947850227355957, 3.952362537384033, 3.9491467475891113, 3.9504504203796387, 3.8960959911346436, 3.9024031162261963, 3.9131503105163574, 3.9107961654663086, 3.914933681488037, 3.9153079986572266, 3.912461996078491, 3.918397903442383, 3.9172983169555664, 3.9239635467529297, 3.9800572395324707, 3.9686343669891357, 3.97684383392334, 3.9742298126220703, 3.9743103981018066, 3.979766368865967, 3.978842258453369, 3.977778196334839, 3.976325035095215, 3.980912923812866, 3.8765833377838135, 3.881012439727783, 3.885000467300415, 