{"rewards": [-208.56292927417317, -177.28942650101138, -193.92363854732918, -182.8258807037772, -164.45684789999348, -155.62056497883327, -157.41178315747283, -188.44546860471678, -177.19399593511096, -153.36781700555002, -137.8389835706101, -153.9490108492857, -161.87227623779486, -183.8854426706553, -165.1355502737021, -135.35155375878563, -132.2834462085041, -161.98410536636186, -167.79373741364972], "lengths": [88.59550561797752, 86.16304347826087, 89.09411764705882, 97.325, 96.71604938271605, 94.1358024691358, 91.6219512195122, 97.12345679012346, 92.09411764705882, 94.86746987951807, 95.51851851851852, 100.94805194805195, 109.85714285714286, 113.68115942028986, 116.89393939393939, 108.91666666666667, 103.53333333333333, 116.01515151515152, 132.375], "entropies": [1.3743994235992432, 1.3759045600891113, 1.3771867752075195, 1.3699147701263428, 1.3697118759155273, 1.369016170501709, 1.3771462440490723, 1.376312255859375, 1.3749022483825684, 1.3730220794677734, 1.3721811771392822, 1.371571660041809, 1.3727248907089233, 1.373805046081543, 1.3744475841522217, 1.37002694606781, 1.3698017597198486, 1.369260549545288, 1.3680236339569092, 1.3646905422210693, 1.359433889389038, 1.3685582876205444, 1.3668544292449951, 1.3652410507202148, 1.3644822835922241, 1.3632482290267944, 1.3620057106018066, 1.3568365573883057, 1.358149528503418, 1.3589216470718384, 1.3509948253631592, 1.3407021760940552, 1.3333511352539062, 1.3309799432754517, 1.3190531730651855, 1.3034695386886597, 1.299338698387146, 1.2888834476470947, 1.2796200513839722, 1.2627205848693848, 1.2705543041229248, 1.2821725606918335, 1.3054394721984863, 1.3109232187271118, 1.3179302215576172, 1.3107788562774658, 1.3154964447021484, 1.317436933517456, 1.3280788660049438, 1.3244386911392212, 1.319016695022583, 1.3075098991394043, 1.2856409549713135, 1.2932841777801514, 1.2757169008255005, 1.2350103855133057, 1.1943893432617188]}