{"rewards": [-259.28910843951553, -244.6115128448832, -226.29248513952135, -161.4279052136957, -152.3556913880819, -149.30291682955544, -297.0704981182192, -427.957053955494, -375.13345841344045, -398.36942768169075, -369.29894201170197, -419.02378951580266, -383.6412109646793, -448.6311339653859, -170.78655471275314, -143.85179562904995, -82.83696070015843, -60.41969917398408, -56.57031104406798, -93.95085157968963, -56.70701917634542, -113.71366697799482, -22.96180149844616, -70.00842513415948, -42.265154338082056, -63.674298297400554, -52.129735765732555, 6.4422818179171975, -9.022908326228942, -14.534327790037937, 26.968824285035485, 25.48245480479392, 83.11692183406913, -20.85497841530469, 67.23965074583589, 46.94344224384431, -33.27478207945372, 49.69576173612527, 71.93512205324414, 49.28041459585884, 48.32459125585444, 41.76341826682038, 107.94767538388051, 37.845439276669225, -2.0682977573156784, 76.18544717539845, 8.033100625984776, -7.540783043339228, 5.192154196210843, 12.968770287454342, 13.053910611598829, 22.076561390562922, -40.37055770826176, -14.78379922788358, 58.01006328498202, 8.972902230752407, -3.591311507482676, 129.10628252968093, 39.34294048801995, 26.3886813697982, 42.707522104537716, 11.418328139121405, 60.31711555150485, 64.76109157919937, 97.04600011223721, 46.01292878903069, 16.664172329648494, 37.78414887012578, 19.168674302708407, 33.661253524062296, -9.974308671191425, 37.33267112657185, 95.51442157924227, 29.304158854452872, 43.3555114085251, 72.63519581538625, 37.98865598932363, 45.32618690054151, 63.66293106502747, -0.0989114961052425, 16.324823337066217, 7.826636942099382, 26.41949587193235, 24.65384585537578, 46.62838752109005, 73.53165173411733, 55.02167854980145, 48.834737913708565, 101.1329646054863, 17.626324949733615, 61.83821295439334, 40.9387595448262, 105.85407064308181, 20.866134627883426, 93.55889470358188, 45.33304942214824, 90.72428940696217, 60.77454271182153, 40.985171566055, -20.050688298008822, 21.17846679413928, -24.561737437917234, 80.17102635944684, 15.44525612231704, 36.25331859112749, -28.375608204897276, 81.33633037233172, -17.20086534056331, 87.3499665347477, 17.98425853908638, 2.8606384291062104, 28.54777250810416, 66.13093502318318, 19.492266419744055, 85.75310974336003, 60.29287875088703], "lengths": [99.50632911392405, 111.26470588235294, 115.95454545454545, 117.5909090909091, 140.37037037037038, 142.79591836734693, 146.26, 134.39655172413794, 154.75510204081633, 188.8684210526316, 202.66666666666666, 193.7027027027027, 218.5151515151515, 263.2142857142857, 241.86206896551724, 268.56, 250.2962962962963, 203.57692307692307, 240.8148148148148, 349.72222222222223, 320.55555555555554, 408.25, 549.1666666666666, 367.52941176470586, 466.8, 360.05263157894734, 498.57142857142856, 562, 535, 545.1, 684.2, 587.9, 727, 914.75, 838.25, 837.375, 970.5, 721, 819.625, 851.125, 814.375, 704.125, 750.8888888888889, 657.7777777777778, 665.1, 824.6666666666666, 610.1, 607.1111111111111, 671.3333333333334, 530.1818181818181, 650.9, 434.9166666666667, 477.9230769230769, 405.5, 770.6666666666666, 457.1666666666667, 341.5, 544.9090909090909, 405.94444444444446, 382.61538461538464, 522.5833333333334, 385.14285714285717, 475.1666666666667, 548.1666666666666, 496, 439.8, 549.4615384615385, 564.1, 394.72727272727275, 465.54545454545456, 354.8666666666667, 569.5833333333334, 683.6, 466.6666666666667, 507.6363636363636, 691.5454545454545, 663.8, 644.1818181818181, 463.8333333333333, 431.1818181818182, 383.5882352941176, 388, 372.7692307692308, 427.35714285714283, 564.1666666666666, 488.6923076923077, 736.625, 602, 696.4545454545455, 549.1111111111111, 564.25, 493.3333333333333, 811.75, 527.7, 598.5454545454545, 639.7777777777778, 691.1, 705.2222222222222, 557.4, 517.7272727272727, 558, 409.6666666666667, 510, 559.9166666666666, 581.4545454545455, 448.3333333333333, 702.5, 396.7692307692308, 663.6666666666666, 414, 447.25, 503.15384615384613, 545.9166666666666, 430.9375, 483.6923076923077, 593.75],