{"rewards": [20.42929292929293, 24.259036144578314, 29.540441176470587, 34.433476394849784, 36.84090909090909, 43.806629834254146, 50.4, 54.28082191780822, 65.87603305785125, 102.90666666666667, 106.97183098591549, 137.26785714285714, 119.33333333333333, 169.95348837209303, 157.7826086956522, 159.57777777777778, 148.44230769230768, 181.53846153846155, 221.71428571428572, 161.3953488372093, 181.390243902439, 167.5681818181818, 184.94871794871796, 210.52777777777777, 207.77142857142857, 242.37037037037038, 275.1304347826087], "lengths": [20.42929292929293, 24.259036144578314, 29.540441176470587, 34.433476394849784, 36.84090909090909, 43.806629834254146, 50.4, 54.28082191780822, 65.87603305785125, 102.90666666666667, 106.97183098591549, 137.26785714285714, 119.33333333333333, 169.95348837209303, 157.7826086956522, 159.57777777777778, 148.44230769230768, 181.53846153846155, 221.71428571428572, 161.3953488372093, 181.390243902439, 167.5681818181818, 184.94871794871796, 210.52777777777777, 207.77142857142857, 242.37037037037038, 275.1304347826087], "entropies": [0.6922305226325989, 0.6894035935401917, 0.6852885484695435, 0.6845288276672363, 0.6781948804855347, 0.6689828038215637, 0.6490150094032288, 0.6324727535247803, 0.620945930480957, 0.6649977564811707, 0.6614893674850464, 0.6573460698127747, 0.6422885060310364, 0.639259934425354, 0.6363129019737244, 0.6281639337539673, 0.6264371871948242, 0.6252164840698242, 0.648344874382019, 0.6464450359344482, 0.6445824503898621, 0.6254442930221558, 0.6195003986358643, 0.6121448874473572, 0.6342434883117676, 0.6267454624176025, 0.6181959509849548, 0.6319538354873657, 0.6298471689224243, 0.6276919841766357, 0.5993062257766724, 0.5973501801490784, 0.5944072008132935, 0.5382884740829468, 0.5291783213615417, 0.522005558013916, 0.6076745390892029, 0.6033658385276794, 0.5994226932525635, 0.5706495642662048, 0.5696595907211304, 0.5680806040763855, 0.5698621869087219, 0.5652259588241577, 0.5594630241394043, 0.572228729724884, 0.5692316889762878, 0.5670431852340698, 0.5853404402732849, 0.586513876914978, 0.5867636203765869, 0.598916232585907, 0.5972901582717896, 0.5942991971969604, 0.5617049932479858, 0.5604260563850403, 0.5571386218070984, 0.6021930575370789, 0.5966246724128723, 0.5803329944610596, 0.5825965404510498, 0.5814469456672668, 0.5778923034667969, 0.5993099212646484, 0.5969586372375488, 0.5947616100311279, 0.5392808318138123, 0.5386598110198975, 0.538108229637146, 0.5553879141807556, 0.5511713624000549, 0.5465545058250427, 0.5562461614608765, 0.5551696419715881, 0.554684579372406, 0.5082598328590393, 0.5074812769889832, 0.5067098736763, 0.5902968645095825, 0.590606689453125, 0.5913316607475281]}