{"rewards": [26.48355263157895, 28.656028368794328, 32.70204081632653, 43.84444444444444, 49.698113207547166, 57.92700729927007, 57.830882352941174, 71.91588785046729, 92.13953488372093, 91.14814814814815, 109.04285714285714, 95.9620253164557, 113.28358208955224, 114.46153846153847, 141.20754716981133, 156.24489795918367, 170.1627906976744, 168.3111111111111, 187.1, 170.52272727272728, 211.06060606060606, 199.71428571428572, 202.94736842105263, 197.94736842105263, 247.92592592592592, 238.89655172413794, 266.52, 289.875, 237.4516129032258, 179.6046511627907, 178.85365853658536, 145.73584905660377, 185.125, 218.02941176470588, 198.0810810810811, 191.23684210526315, 216.1818181818182, 186.26190476190476, 211.0, 203.27027027027026, 176.69767441860466, 159.0212765957447, 232.375, 225.125, 255.14814814814815, 228.16129032258064, 247.0, 192.64102564102564, 178.09756097560975, 165.51162790697674, 150.6, 192.5897435897436, 213.78787878787878, 241.79310344827587, 230.96774193548387, 209.3125, 218.15625, 225.5625, 228.43333333333334, 255.96296296296296, 266.2, 290.92, 260.67857142857144, 242.5, 240.41379310344828, 267.32142857142856, 263.36, 306.30434782608694, 360.6111111111111, 263.962962962963, 341.36842105263156, 293.0, 332.14285714285717, 362.94444444444446, 315.2, 322.6190476190476, 248.4, 271.12, 227.61290322580646, 213.16666666666666, 215.08823529411765, 183.78048780487805, 211.14705882352942, 172.92857142857142, 187.89743589743588, 197.78947368421052, 211.05882352941177, 204.88571428571427, 218.3235294117647, 255.92592592592592, 276.0, 278.2692307692308, 328.57142857142856, 450.0, 416.6875, 274.17391304347825, 425.75, 403.77777777777777, 337.55555555555554, 348.77777777777777, 367.94736842105266, 292.375, 302.82608695652175, 281.75, 309.42857142857144, 276.88, 244.3793103448276, 261.53846153846155, 287.32, 246.58620689655172, 228.93939393939394, 236.21875, 242.38709677419354, 228.21212121212122, 260.037037037037, 233.83870967741936, 234.43333333333334, 284.72, 300.0833333333333, 263.81481481481484, 262.962962962963, 230.29032258064515, 205.38888888888889, 231.06896551724137, 254.85714285714286, 228.09375, 242.7], "lengths": [26.48355263157895, 28.656028368794328, 32.70204081632653, 43.84444444444444, 49.698113207547166, 57.92700729927007, 57.830882352941174, 71.91588785046729, 92.13953488372093, 91.14814814814815, 109.04285714285714, 95.9620253164557, 113.28358208955224, 114.46153846153847, 141.20754716981133, 156.24489795918367, 170.1627906976744, 168.3111111111111, 187.1, 170.52272727272728, 211.06060606060606, 199.71428571428572, 202.94736842105263, 197.94736842105263, 247.92592592592592, 238.89655172413794, 266.52, 289.875, 237.4516129032258, 179.6046511627907, 178.85365853658536, 145.73584905660377, 185.125, 218.02941176470588, 198.0810810810811, 191.23684210526315, 216.1818181818182, 186.26190476190476, 211, 203.27027027027026, 176.69767441860466, 159.0212765957447, 232.375, 225.125, 255.14814814814815, 228.16129032258064, 247, 192.64102564102564, 178.09756097560975, 165.51162790697674, 150.6, 192.5897435897436, 213.78787878787878, 241.79310344827587, 230.96774193548387, 209.3125, 218.15625, 225.5625, 228.43333333333334, 255.96296296296296, 266.2, 290.92, 260.67857142857144, 242.5, 240.41379310344828, 267.32142857142856, 263.36, 306.30434782608694, 360.6111111111111, 263.962962962963, 341.36842105263156, 293, 332.14285714285717, 362.94444444444446, 315.2, 322.6190476190476, 248.4, 271.12, 227.61290322580646, 213.16666666666666, 215.08823529411765, 183.78048780487805, 211.14705882352942, 172.92857142857142, 187.89743589743588, 197.78947368421052, 211.05882352941177, 204.88571428571427, 218.3235294117647, 255.92592592592592, 276, 278.2692307692308, 328.57142857142856, 450, 416.6875, 274.17391304347825, 425.75, 403.77777777777777, 337.55555555555554, 348.77777777777777, 367.94736842105266, 292.375, 302.82608695652175, 281.75, 309.42857142857144, 276.88, 244.3793103448276, 261.53846153846155, 287.32, 246.58620689655172, 228.93939393939394, 236.21875, 242.38709677419354, 228.21212121212122, 260.037037037037, 233.83870967741936, 234.43333333333334, 284.72, 300.0833333333333, 263.81481481481484, 262.962962962963, 230.29032258064515, 205.38888888888889, 231.06896551724137, 254.85714285714286, 228.09375, 242.7],