{"rewards": [-111.91308717724938, -109.35568003870361, -106.79302492167687, -107.97940157625278, -106.64435128300968, -106.82781275896303, -106.86015252340917, -104.40639009971824, -109.58569358693684, -104.65958530994895, -109.65539502817809, -110.44236753550399, -104.46756259508284, -103.4126900089007, -107.61024647955979, -105.65734310288121, -105.20820433794769, -101.68662140769014, -108.16359982987555, null, -107.27117641827154, -105.62276459665256, -108.06442432401785, -113.45862058490452, -105.30287984319838, null, null, null, null, null, null, null, null, null, null, null, null, null, -98.59504005092445, null, null, -100.81324750299504, null, null, null, null, -96.69643965632841, -83.89362598521322, -76.5874021456198, -87.648946020063, -74.23882477606587, -70.96723647995812, null], "lengths": [62.285714285714285, 66.26666666666667, 56.666666666666664, 62.4, 62.75, 65.83333333333333, 65.92307692307692, 61.666666666666664, 74.2, 63.285714285714285, 61.55555555555556, 63, 72.36363636363636, 76.41666666666667, 67.16666666666667, 63, 69, 71, 71, null, 71.33333333333333, 52.5, 76, 69.33333333333333, 63, null, null, null, null, null, null, null, null, null, null, null, null, null, 108, null, null, 88, null, null, null, null, 121, 539, 794, 331, 596.3333333333334, 742, null], "entropies": [3.5995171070098877, 3.6065125465393066, 3.608107805252075, 3.492030143737793, 3.5211446285247803, 3.519930601119995, 3.598287582397461, 3.618912696838379, 3.5995304584503174, 3.4147746562957764, 3.3942501544952393, 3.394217014312744, 3.430309295654297, 3.416285276412964, 3.4200427532196045, 3.626333236694336, 3.612619400024414, 3.605989456176758, 3.449554204940796, 3.4176228046417236, 3.4264864921569824, 3.5642495155334473, 3.579957962036133, 3.5578854084014893, 3.619135856628418, 3.639570713043213, 3.6419339179992676, 3.7574803829193115, 3.7408130168914795, 3.7459239959716797, 3.728480339050293, 3.7427725791931152, 3.7409920692443848, 3.9641692638397217, 3.966094970703125, 3.9531683921813965, 4.202776908874512, 4.195901870727539, 4.200082302093506, 4.25585412979126, 4.2382707595825195, 4.238800525665283, 4.337457180023193, 4.381196975708008, 4.378002166748047, 4.542494773864746, 4.5455522537231445, 4.55568265914917, 4.675622463226318, 4.647168159484863, 4.644039154052734, 4.746926784515381, 4.751996994018555, 4.757956027984619, 4.774183750152588, 4.809424877166748, 4.798487663269043, 4.8446550369262695, 4.848781585693359, 4.847896099090576, 4.861998558044434, 4.849997043609619, 4.86822509765625, 4.823214530944824, 4.821658134460449, 4.82016134262085, 4.847595691680908, 4.865294933319092, 4.867023468017578, 5.2027201652526855, 5.199550151824951, 5.202152252197266, 5.335099220275879, 5.327877044677734, 5.332186698913574, 5.448369979858398, 5.455253601074219, 5.462116718292236, 5.326286315917969, 5.338550567626953, 5.349872589111328, 5.24105167388916, 5.262523651123047, 5.277446269989014, 5.205430507659912, 5.229951858520508, 5.238687992095947, 5.251883506774902, 5.251183032989502, 5.26430082321167, 5.294373035430908, 5.323530673980713, 5.317325592041016, 5.189941883087158, 5.191791534423828, 5.183790683746338, 5.250615119934082, 5.260334491729736, 5.249222755432129, 5.146217346191406, 5.1682658195495605, 5.162999629974365, 5.183054447174072, 5.186551570892334, 5.193545818328857, 5.187240123748779, 5.1848297119140625, 5.178656578063965, 5.031440258026123, 5.038054943084717, 5.036929130554199, 4.895730972290039, 4.882120609283447, 4.881225109100342, 4.7120866775512695, 4.708431243896484, 4.702247142791748, 4.621577262878418, 4.603644847869873, 4.605317115783691, 4.60513973236084, 4.6269025802612305, 4.628735065460205, 4.593311309814453, 4.6023406982421875, 4.589730262756348, 4.590693473815918, 4.576629161834717, 4.578897476196289, 4.490309715270996, 4.4785475730896, 4.480152130126953, 4.376652240753174, 4.3520073890686035, 4.362876892089844, 4.289451599121094, 4.277816295623779, 4.272382736206055, 4.271296977996826, 4.263233661651611, 4.258886814117432, 4.350637912750244, 4.349595069885254, 4.348089218139648, 4.380808353424072, 4.385079383850098, 4.3791656494140625, 4.413952827453613, 4.406272888183594, 4.411562442779541, 4.3550567626953125, 4.35611629486084, 4.351222038269043, 4.419229030609131, 4.3898491859436035, 4.407567977905273, 4.344323635101318, 4.340240478515625, 4.344707012176514]}