{"rewards": [-251.18353593963548, -182.48408736782537, -151.4175013057918, -121.96569989531368, -113.65384984843453, -91.78005854894545, -93.40840918194274, -78.6747825394067, -70.73546205728674, -69.94057193741038, -49.66494521025732], "lengths": [84.85106382978724, 89.37222222222222, 93.52046783625731, 94.8562874251497, 98.49068322981367, 125.28346456692914, 117.67407407407407, 113.30496453900709, 123.1328125, 153.25242718446603, 188.15662650602408], "entropies": [1.3237967491149902, 1.3451393842697144, 1.3475017547607422, 1.3342679738998413, 1.322096347808838, 1.3158900737762451, 1.3138206005096436, 1.3074538707733154, 1.303337812423706, 1.2818620204925537, 1.276556134223938, 1.277883768081665, 1.2659852504730225, 1.2673311233520508, 1.2644212245941162, 1.275559425354004, 1.2549599409103394, 1.2508772611618042, 1.2392988204956055, 1.2247477769851685, 1.2206966876983643, 1.212088704109192, 1.208847999572754, 1.1937412023544312, 1.186219334602356, 1.1701548099517822, 1.1626613140106201, 1.1588215827941895, 1.129744529724121, 1.1268254518508911, 1.1541582345962524, 1.1326344013214111, 1.106705665588379]}