{"rewards": [-143.1081264565037, -368.08838753889825, -434.4328379760352, -297.9846082706034, -251.0116012697512, -232.77447981063858, -250.39155857588014, -216.19740332126074, -208.1063888699346, -180.51813589040063, -156.35241923301658, -164.80968382164147], "lengths": [78.18627450980392, 88.5505617977528, 86.67415730337079, 88.19101123595506, 92.25581395348837, 89.03488372093024, 95.6219512195122, 104.47297297297297, 100.41558441558442, 96.2, 92.66666666666667, 105.18666666666667], "entropies": [1.94785475730896, 1.8474116325378418, 1.8448052406311035, 1.5774587392807007, 1.685875654220581, 1.6929190158843994, 1.9802424907684326, 2.0332655906677246, 2.0313169956207275, 1.8105978965759277, 1.761444091796875, 1.7026968002319336, 1.519091010093689, 1.4854307174682617, 1.5450425148010254, 1.8971474170684814, 1.8686023950576782, 1.8649985790252686, 1.9141900539398193, 2.1101431846618652, 2.015285015106201, 2.270069122314453, 2.137650489807129, 2.1155922412872314, 2.0638136863708496, 2.0523293018341064, 2.1014151573181152, 2.0642285346984863, 2.299429416656494, 2.243095874786377, 2.225517511367798, 2.3437461853027344, 2.3286094665527344, 2.605452537536621, 2.614358901977539, 2.6652474403381348]}