{"rewards": [15.817120622568094, 19.950738916256157, 27.19191919191919, 41.666666666666664, 61.611111111111114, 98.98684210526316, 129.22033898305085, 152.51063829787233, 185.375, 209.41176470588235, 205.88888888888889, 278.5], "lengths": [15.817120622568094, 19.950738916256157, 27.19191919191919, 41.666666666666664, 61.611111111111114, 98.98684210526316, 129.22033898305085, 152.51063829787233, 185.375, 209.41176470588235, 205.88888888888889, 278.5], "entropies": [0.6821997761726379, 0.6853084564208984, 0.6844546794891357, 0.6896036863327026, 0.6879353523254395, 0.6868449449539185, 0.6711989641189575, 0.6668756604194641, 0.6655750274658203, 0.6426355242729187, 0.6348052024841309, 0.6332509517669678, 0.6201754808425903, 0.6117267608642578, 0.6102988719940186, 0.613394021987915, 0.6023966670036316, 0.6017258167266846, 0.6013898253440857, 0.5912512540817261, 0.589811384677887, 0.5978299379348755, 0.590550422668457, 0.588119387626648, 0.58840012550354, 0.5782639980316162, 0.5717785358428955, 0.5887064933776855, 0.588187575340271, 0.5884438753128052, 0.5863891243934631, 0.5907570719718933, 0.5891723036766052, 0.5925358533859253, 0.5910055041313171, 0.5897936820983887]}