{"rewards": [18.761574074074073, 19.33732057416268, 19.307142857142857], "lengths": [18.761574074074073, 19.33732057416268, 19.307142857142857], "entropies": [NaN, NaN, NaN, NaN, NaN, NaN, NaN, NaN, NaN]}