{"rewards": [24.11320754716981, 27.882608695652173, 29.5158371040724, 40.806060606060605, 42.17283950617284, 54.91472868217054, 51.51851851851852, 62.3125, 60.355932203389834, 68.23762376237623, 88.23456790123457, 152.93617021276594, 129.03636363636363, 142.84615384615384, 145.48979591836735, 154.1818181818182, 151.63829787234042, 153.57142857142858, 132.34545454545454, 118.95, 133.27272727272728, 140.52, 101.71830985915493, 145.98, 158.37777777777777, 176.8, 172.09756097560975, 158.06521739130434], "lengths": [24.11320754716981, 27.882608695652173, 29.5158371040724, 40.806060606060605, 42.17283950617284, 54.91472868217054, 51.51851851851852, 62.3125, 60.355932203389834, 68.23762376237623, 88.23456790123457, 152.93617021276594, 129.03636363636363, 142.84615384615384, 145.48979591836735, 154.1818181818182, 151.63829787234042, 153.57142857142858, 132.34545454545454, 118.95, 133.27272727272728, 140.52, 101.71830985915493, 145.98, 158.37777777777777, 176.8, 172.09756097560975, 158.06521739130434], "entropies": [0.6745268901189169, 0.6729668974876404, 0.6385844548543295, 0.6469525496164957, 0.6331644256909689, 0.6248981356620789, 0.6058112581570944, 0.6398674050966898, 0.6280143658320109, 0.6226000388463339, 0.6149701873461405, 0.6055476268132528, 0.6061203678448995, 0.5974518060684204, 0.5763468941052755, 0.5910942951838175, 0.6096565922101339, 0.5918313463528951, 0.5960986415545145, 0.6221955815951029, 0.5904966990152994, 0.5733948349952698, 0.5889267126719157, 0.5346633195877075, 0.6076036890347799, 0.6147863070170084, 0.5657702485720316, 0.585934599240621]}