{"rewards": [20.869565217391305, 20.244444444444444, 24.823529411764707, 24.485714285714284], "lengths": [20.869565217391305, 20.244444444444444, 24.823529411764707, 24.485714285714284], "entropies": [0.6928208470344543, 0.6930549144744873, 0.692645788192749, 0.6915438175201416, 0.6893237829208374, 0.6860493421554565, 0.6853814125061035, 0.6820602416992188, 0.6782536506652832, 0.6748683452606201, 0.6697916984558105, 0.6637451648712158]}