{"rewards": [-285.9461946098482, -309.9266257278693, -285.65498897115674, -302.1669183557085, -281.66375306649167, -271.9698960496004, -293.1691439027174], "lengths": [100, 100, 100, 100, 100, 100, 100], "entropies": [18.118640899658203, 18.23666000366211, 17.404556274414062, 17.369712829589844, 16.784568786621094, 14.077106475830078, 15.072242736816406, 16.590988159179688, 16.62827491760254, 16.7406063079834, 16.83214569091797, 16.891189575195312, 16.941627502441406, 17.0454158782959, 17.172508239746094, 17.267791748046875, 17.34030532836914, 17.39739990234375, 17.439594268798828, 17.491512298583984, 17.555950164794922]}