{"rewards": [-104.23691793406152, -110.13902217358466, -102.52384653043582, -105.84371924174472, -106.91112741965028, -113.91168245454753, -106.51353524527389, -117.25239746563592, null, null, -109.7457950070193, null], "lengths": [70, 78.4, 59.888888888888886, 61.38461538461539, 69.11111111111111, 78, 62.166666666666664, 92.33333333333333, null, null, 70.5, null], "entropies": [6.017532189687093, 5.872944355010986, 5.878670374552409, 5.793300310770671, 5.885138034820557, 6.094678560892741, 6.11685578028361, 6.029991785685222, 5.9505486488342285, 5.869681199391683, 5.834588209788005, 5.771721204121907]}