{"rewards": [22.15, 28.568421052631578, 35.10778443113772, 44.86259541984733, 68.30526315789474, 90.2, 112.01612903225806, 141.27659574468086, 120.94736842105263, 163.92857142857142, 199.3125, 248.76923076923077, 234.96666666666667, 191.34285714285716, 215.03333333333333, 226.93333333333334, 242.92857142857142, 211.6969696969697, 181.1315789473684, 172.4878048780488, 142.79166666666666, 166.62790697674419, 172.3658536585366, 247.22222222222223, 244.26923076923077, 162.25581395348837, 204.02941176470588, 226.06896551724137, 186.1315789473684, 146.3404255319149, 132.3653846153846, 115.72131147540983, 102.63636363636364, 144.97826086956522, 283.7083333333333, 292.45454545454544, 249.5, 308.77272727272725, 298.75, 255.0], "lengths": [22.15, 28.568421052631578, 35.10778443113772, 44.86259541984733, 68.30526315789474, 90.2, 112.01612903225806, 141.27659574468086, 120.94736842105263, 163.92857142857142, 199.3125, 248.76923076923077, 234.96666666666667, 191.34285714285716, 215.03333333333333, 226.93333333333334, 242.92857142857142, 211.6969696969697, 181.1315789473684, 172.4878048780488, 142.79166666666666, 166.62790697674419, 172.3658536585366, 247.22222222222223, 244.26923076923077, 162.25581395348837, 204.02941176470588, 226.06896551724137, 186.1315789473684, 146.3404255319149, 132.3653846153846, 115.72131147540983, 102.63636363636364, 144.97826086956522, 283.7083333333333, 292.45454545454544, 249.5, 308.77272727272725, 298.75, 255], "entropies": [0.6667203505833944, 0.6435231367746989, 0.6286216378211975, 0.6329379479090372, 0.5954656998316447, 0.6256433526674906, 0.5535590052604675, 0.5601193706194559, 0.5272063215573629, 0.5905037720998129, 0.5903645356496176, 0.5800321499506632, 0.5603040258089701, 0.563650369644165, 0.5880741477012634, 0.5500331521034241, 0.5152950684229533, 0.5477204322814941, 0.5600632826487223, 0.5849046508471171, 0.5199987093607584, 0.5688197016716003, 0.5674085815747579, 0.58064866065979, 0.5927899877230326, 0.5661894083023071, 0.5783619085947672, 0.5945128202438354, 0.5424963037172953, 0.5466386874516805, 0.5683384339014689, 0.5297691226005554, 0.5365005135536194, 0.5285611351331075, 0.5531677802403768, 0.5128294030825297, 0.5467365185419718, 0.5764016111691793, 0.5537065267562866, 0.541613757610321]}