{"rewards": [24.5, 31.203846153846154, 36.63636363636363, 42.46808510638298, 49.861635220125784, 49.924050632911396, 65.42276422764228, 78.43564356435644, 78.66, 96.3375, 104.33333333333333], "lengths": [24.5, 31.203846153846154, 36.63636363636363, 42.46808510638298, 49.861635220125784, 49.924050632911396, 65.42276422764228, 78.43564356435644, 78.66, 96.3375, 104.33333333333333], "entropies": [0.6868555545806885, 0.6794639229774475, 0.6739953756332397, 0.6798382997512817, 0.6742078065872192, 0.6671745181083679, 0.6618345379829407, 0.6559599041938782, 0.6492180824279785, 0.6491763591766357, 0.6443578004837036, 0.6392321586608887, 0.6261416673660278, 0.6205222606658936, 0.6155490875244141, 0.6465680003166199, 0.6443822979927063, 0.6422897577285767, 0.616452693939209, 0.6137944459915161, 0.6105411052703857, 0.6209853887557983, 0.619286835193634, 0.6181337833404541, 0.6197121143341064, 0.6155474185943604, 0.6098233461380005, 0.6065380573272705, 0.6013758182525635, 0.5973053574562073, 0.6030087471008301, 0.5970726609230042, 0.592774510383606]}