{"rewards": [17.625, 18.875, 48.625, 61.25, 63.25, 100.5], "lengths": [17.625, 18.875, 48.625, 61.25, 63.25, 100.5], "entropies": [0.6870172619819641, 0.6871862411499023, 0.6869724988937378, 0.6735039949417114, 0.668826162815094, 0.6671181321144104, 0.6414335370063782, 0.64238440990448, 0.6418293714523315, 0.6263878345489502, 0.622470498085022, 0.621826171875, 0.6147792935371399, 0.6082700490951538, 0.6076916456222534, 0.6127625107765198, 0.6058236956596375, 0.6039790511131287]}