{"rewards": [22.31768953068592, 28.314410480349345, 36.15217391304348, 42.679245283018865, 35.136842105263156, 41.28658536585366, 59.00847457627118, 77.54347826086956, 59.225, 66.14953271028037, 75.50537634408602, 83.6, 100.36619718309859, 114.796875, 85.52439024390245, 111.74193548387096, 75.84042553191489, 105.9076923076923, 122.1864406779661, 118.2, 114.6984126984127, 103.52857142857142, 92.52631578947368, 114.53225806451613, 128.61818181818182, 146.36, 155.6304347826087, 170.7560975609756], "lengths": [22.31768953068592, 28.314410480349345, 36.15217391304348, 42.679245283018865, 35.136842105263156, 41.28658536585366, 59.00847457627118, 77.54347826086956, 59.225, 66.14953271028037, 75.50537634408602, 83.6, 100.36619718309859, 114.796875, 85.52439024390245, 111.74193548387096, 75.84042553191489, 105.9076923076923, 122.1864406779661, 118.2, 114.6984126984127, 103.52857142857142, 92.52631578947368, 114.53225806451613, 128.61818181818182, 146.36, 155.6304347826087, 170.7560975609756], "entropies": [0.6796318689982096, 0.6630912025769552, 0.6459402839342753, 0.6713821689287821, 0.6480422218640646, 0.580411414305369, 0.5797656178474426, 0.6562483310699463, 0.6326062877972921, 0.6304589907328287, 0.6296974420547485, 0.5925916830698649, 0.6023375789324442, 0.5970285932223002, 0.5429588158925375, 0.504729171593984, 0.5415760278701782, 0.5712665120760599, 0.5911646087964376, 0.6086135506629944, 0.5886346896489462, 0.6072085301081339, 0.5171816547711691, 0.5866498947143555, 0.5834730466206869, 0.5784791906674703, 0.5882725119590759, 0.5518134832382202]}