{"rewards": [-174.28088763095596, -161.7050492448199, -152.24931071556554, -161.95374799010943, -161.02702562939444, -169.7861600112863, -111.45071151447418, -149.16329207910664, -75.51195590073054, -68.89861780505436, -54.39658357424126, -51.34497487872116, -90.64032669294555, -60.29478701653432, -99.7785571804001, -36.64239982947399, -41.05970713549517], "lengths": [97.90853658536585, 104.59740259740259, 113.75886524822695, 123.2890625, 141.5754716981132, 162.30526315789473, 159.80612244897958, 179.83529411764707, 177.49397590361446, 197.65277777777777, 252.57894736842104, 283.4807692307692, 385.375, 327.1463414634146, 408.42857142857144, 461.13793103448273, 403.46875], "entropies": [1.3237485885620117, 1.3204402923583984, 1.319681167602539, 1.318028450012207, 1.3084378242492676, 1.3030617237091064, 1.2655956745147705, 1.260535478591919, 1.266066551208496, 1.2745208740234375, 1.2503893375396729, 1.2364320755004883, 1.1988575458526611, 1.1857964992523193, 1.1885895729064941, 1.2115929126739502, 1.206363320350647, 1.1987900733947754, 1.1735457181930542, 1.144718885421753, 1.1593027114868164, 1.1799545288085938, 1.177839756011963, 1.172376036643982, 1.1763322353363037, 1.1753926277160645, 1.1595035791397095, 1.1566729545593262, 1.1546355485916138, 1.151931643486023, 1.1477890014648438, 1.1271867752075195, 1.122888445854187, 1.1045136451721191, 1.0793569087982178, 1.0767285823822021, 1.1316382884979248, 1.1181988716125488, 1.120347261428833, 1.1071946620941162, 1.0826218128204346, 1.0680110454559326, 1.1010069847106934, 1.1000175476074219, 1.0976203680038452, 1.1149572134017944, 1.1178631782531738, 1.108189344406128, 1.1010417938232422, 1.1001815795898438, 1.0923296213150024]}