{"rewards": [24.548484848484847, 31.841897233201582, 43.73076923076923, 67.8695652173913, 109.7, 160.2173913043478, 185.76923076923077, 284.9230769230769, 295.1304347826087, 299.6521739130435, 391.8235294117647, 436.6875, 471.375, 462.625, 464.9375, 448.6875, 454.375, 500.0, 500.0, 500.0, 500.0, 500.0, 500.0, 500.0, 500.0, 500.0, 500.0, 500.0, 500.0, 500.0, 500.0, 500.0, 500.0, 500.0, 500.0, 500.0, 500.0, 500.0, 500.0, 500.0, 500.0, 500.0, 500.0, 500.0, 500.0, 500.0, 500.0, 500.0, 500.0, 500.0, 500.0, 500.0, 500.0, 500.0, 500.0, 500.0, 500.0, 500.0, 500.0, 500.0, 500.0, 500.0, 500.0, 500.0, 500.0, 500.0, 500.0, 500.0, 500.0, 500.0, 500.0, 500.0, 500.0, 500.0, 500.0, 500.0, 500.0, 500.0, 500.0, 500.0, 500.0, 500.0, 500.0, 500.0, 500.0, 500.0, 500.0, 500.0, 500.0, 500.0, 500.0, 500.0, 500.0, 500.0, 500.0, 500.0, 500.0, 500.0, 500.0, 500.0, 500.0, 500.0, 500.0, 500.0, 500.0, 500.0, 500.0, 500.0, 500.0, 500.0, 500.0, 500.0, 500.0, 500.0, 500.0, 500.0, 500.0, 500.0, 500.0, 500.0, 500.0, 500.0, 500.0, 500.0, 500.0, 500.0, 500.0, 500.0, 500.0, 500.0, 500.0, 500.0, 500.0, 500.0, 500.0, 500.0, 500.0, 500.0, 500.0, 500.0, 500.0, 500.0, 500.0, 500.0, 500.0, 500.0, 500.0, 500.0, 500.0, 500.0, 500.0, 500.0, 500.0, 500.0, 500.0, 500.0, 500.0, 500.0, 500.0, 500.0, 500.0, 500.0, 500.0, 500.0, 500.0, 500.0, 500.0, 500.0, 500.0, 500.0, 500.0, 500.0, 500.0, 500.0, 500.0, 500.0, 500.0, 500.0, 500.0, 500.0, 500.0, 500.0, 500.0, 500.0, 500.0, 500.0, 500.0, 500.0, 500.0, 500.0, 500.0], "lengths": [24.548484848484847, 31.841897233201582, 43.73076923076923, 67.8695652173913, 109.7, 160.2173913043478, 185.76923076923077, 284.9230769230769, 295.1304347826087, 299.6521739130435, 391.8235294117647, 436.6875, 471.375, 462.625, 464.9375, 448.6875, 454.375, 500, 500, 500, 500, 500, 500, 500, 500, 500, 500, 500, 500, 500, 500, 500, 500, 500, 500, 500, 500, 500, 500, 500, 500, 500, 500, 500, 500, 500, 500, 500, 500, 500, 500, 500, 500, 500, 500, 500, 500, 500, 500, 500, 500, 500, 500, 500, 500, 500, 500, 500, 500, 500, 500, 500, 500, 500, 500, 500, 500, 500, 500, 500, 500, 500, 500, 500, 500, 500, 500, 500, 500, 500, 500, 500, 500, 500, 500, 500, 500, 500, 500, 500, 500, 500, 500, 500, 500, 500, 500, 500, 500, 500, 500, 500, 500, 500, 500, 500, 500, 500, 500, 500, 500, 500, 500, 500, 500, 500, 500, 500, 500, 500, 500, 500, 500, 500, 500, 500, 500, 500, 500, 500, 500, 500, 500, 500, 500, 500, 500, 500, 500, 500, 500, 500, 500, 500, 500, 500, 500, 500, 500, 500, 500, 500, 500, 500, 500, 500, 500, 500, 500, 500, 500, 500, 500, 500, 500, 500, 500, 500, 500, 500, 500, 500, 500, 500, 500, 500, 500, 500, 500, 500, 500], "entropies": [0.6769336462020874, 0.6766215562820435, 0.67411869764328, 0.6578125953674316, 0.6552039384841919, 0.6523621082305908, 0.6362953782081604, 0.6336969137191772, 0.6330583095550537, 0.6215337514877319, 0.6199120879173279, 0.6196793913841248, 0.6089707612991333, 0.6038863658905029, 0.6041533946990967, 0.5975679159164429, 0.5851963758468628, 0.5876259207725525, 0.5895904898643494, 0.5820332765579224, 0.5706630945205688, 0.5856113433837891, 0.57935631275177, 0.5776421427726746, 0.5805847644805908, 0.5744640827178955, 0.5778285264968872, 0.589691162109375, 0.5857258439064026, 0.5860604047775269, 0.586539626121521, 0.5791376829147339, 0.5770831108093262, 0.5839660167694092, 0.5822737216949463, 0.5793274641036987, 0.5761702060699463, 0.5776407122612, 0.578734815120697, 0.5727754831314087, 0.5695035457611084, 0.5679426193237305, 0.580705463886261, 0.5814530253410339, 0.5688756108283997, 0.5729956030845642, 0.5613805651664734, 0.5595293045043945, 0.5518169403076172, 0.5480905771255493, 0.5344454050064087, 0.5252206325531006, 0.5195247530937195, 0.5084658265113831, 0.4933944344520569, 0.4990614056587219, 0.4828636646270752, 0.4732317328453064, 0.4742063581943512, 0.46409887075424194, 0.4710689187049866, 0.46094566583633423, 0.4541667699813843, 0.466035395860672, 0.45855453610420227, 0.45443403720855713, 0.4501984715461731, 0.4439570903778076, 0.4351445138454437, 0.4402700662612915, 0.43588846921920776, 0.43653205037117004, 0.4353167414665222, 0.4257795214653015, 0.4186900854110718, 0.4264521598815918, 0.41631564497947693, 0.41752946376800537, 0.41365885734558105, 0.40608254075050354, 0.398613303899765, 0.4035820960998535, 0.40070658922195435, 0.4004959464073181, 0.3997496962547302, 0.3976907730102539, 0.3887035846710205, 0.392208456993103, 0.3842164874076843, 0.37863531708717346, 0.391924113035202, 0.38097289204597473, 0.3748082220554352, 0.3726513087749481, 0.3680346608161926, 0.36796730756759644, 0.364112913608551, 0.3551730811595917, 0.3547777533531189, 0.33873143792152405, 0.33365315198898315, 0.3313845992088318, 0.33868855237960815, 0.341280460357666, 0.3405280113220215, 0.34489405155181885, 0.34129029512405396, 0.3365514576435089, 0.32706114649772644, 0.322664737701416, 0.3181377649307251, 0.3207118511199951, 0.31998181343078613, 0.3163946866989136, 0.3217112720012665, 0.3121826648712158, 0.3116700053215027, 0.31357425451278687, 0.302523672580719, 0.3036305904388428, 0.29008784890174866, 0.2933082580566406, 0.29119548201560974, 0.28227898478507996, 0.27310723066329956, 0.26106950640678406, 0.26299017667770386, 0.25953513383865356, 0.2538318336009979, 0.24869446456432343, 0.24667227268218994, 0.24148006737232208, 0.24695132672786713, 0.234903484582901, 0.22990596294403076, 0.2324337661266327, 0.2304418832063675, 0.22690901160240173, 0.23322848975658417, 0.2300393134355545, 0.22704945504665375, 0.22510015964508057, 0.22484394907951355, 0.22007542848587036, 0.2220352590084076, 0.2228168100118637, 0.2203626036643982, 0.21125254034996033, 0.20920847356319427, 0.20723938941955566, 0.20743504166603088, 0.20851574838161469, 0.20761072635650635, 0.20482198894023895, 0.19922679662704468, 0.19947630167007446, 0.19700413942337036, 0.19374655187129974, 0.19148944318294525, 0.20795372128486633, 0.20868995785713196, 0.20262861251831055, 0.19889357686042786, 0.19553545117378235, 0.1925576627254486, 0.19293828308582306, 0.19406022131443024, 0.19170260429382324, 0.19291025400161743, 0.1919163018465042, 0.18991205096244812, 0.18434828519821167, 0.18324121832847595, 0.18321876227855682, 0.1861303150653839, 0.18383604288101196, 0.18308624625205994, 0.18987898528575897, 0.18809019029140472, 0.1855783462524414, 0.19252531230449677, 0.19006797671318054, 0.19113126397132874, 0.19696736335754395, 0.19717231392860413, 0.1949605643749237, 0.18737128376960754, 0.1872352808713913, 0.18423622846603394, 0.18740405142307281, 0.18338200449943542, 0.18249496817588806, 0.190026193857193, 0.19152632355690002, 0.18975841999053955, 0.17831885814666748, 0.1780519336462021, 0.1765231043100357, 0.18300196528434753, 0.18319910764694214, 0.18113817274570465, 0.1732046902179718, 0.17453399300575256, 0.1730901598930359, 0.1773006021976471, 0.17835566401481628, 0.1772419661283493, 0.1832502782344818, 0.18181541562080383, 0.18005332350730896, 0.17473962903022766, 0.17538531124591827, 0.175204336643219, 0.1785234808921814, 0.1822327822446823, 0.17895369231700897, 0.1864275187253952, 0.18350504338741302, 0.18053960800170898, 0.17881059646606445, 0.17703962326049805, 0.17605845630168915, 0.1619991958141327, 0.16132131218910217, 0.1622861623764038, 0.1832369565963745, 0.18324841558933258, 0.1825568974018097, 0.16512052714824677, 0.1644861102104187, 0.16413548588752747, 0.1707959920167923, 0.17003664374351501, 0.17002467811107635, 0.1818636953830719, 0.17866037786006927, 0.17696687579154968, 0.17642703652381897, 0.17600414156913757, 0.1749200075864792, 0.16819334030151367, 0.16885973513126373, 0.16822654008865356, 0.17763164639472961, 0.1773034632205963, 0.17733418941497803, 0.17545148730278015, 0.17201289534568787, 0.1736384481191635, 0.16045239567756653, 0.16267195343971252, 0.16279953718185425, 0.17941182851791382, 0.17771565914154053, 0.17446216940879822, 0.17147395014762878, 0.17020443081855774, 0.16757124662399292, 0.1817130148410797, 0.18013235926628113, 0.18065598607063293, 0.17895017564296722, 