{"rewards": [27.0472972972973, 30.532075471698114, 35.26315789473684, 41.645833333333336, 41.79057591623037, 49.84076433121019, 52.77181208053691, 52.13907284768212, 60.992248062015506, 74.04761904761905, 116.06153846153846, 125.79310344827586, 128.48214285714286, 123.23636363636363, 166.0, 184.12820512820514, 180.71794871794873, 187.05128205128204, 251.46666666666667, 220.34375, 231.0, 197.4857142857143, 206.02857142857144, 288.77272727272725, 260.37931034482756, 316.6190476190476, 248.92857142857142], "lengths": [27.0472972972973, 30.532075471698114, 35.26315789473684, 41.645833333333336, 41.79057591623037, 49.84076433121019, 52.77181208053691, 52.13907284768212, 60.992248062015506, 74.04761904761905, 116.06153846153846, 125.79310344827586, 128.48214285714286, 123.23636363636363, 166, 184.12820512820514, 180.71794871794873, 187.05128205128204, 251.46666666666667, 220.34375, 231, 197.4857142857143, 206.02857142857144, 288.77272727272725, 260.37931034482756, 316.6190476190476, 248.92857142857142], "entropies": [0.6793631315231323, 0.67459636926651, 0.6681814193725586, 0.6676451563835144, 0.6568822860717773, 0.6477859616279602, 0.6477277278900146, 0.6443089842796326, 0.6408200860023499, 0.6614791750907898, 0.6579049825668335, 0.6538218259811401, 0.6444547176361084, 0.6405050158500671, 0.6364949941635132, 0.6444933414459229, 0.6449618935585022, 0.646458625793457, 0.6398867964744568, 0.6409343481063843, 0.6414190530776978, 0.6338805556297302, 0.6305637955665588, 0.626004159450531, 0.5998973846435547, 0.5940893292427063, 0.58775395154953, 0.622134268283844, 0.6139739751815796, 0.6064382791519165, 0.6278483867645264, 0.6219968795776367, 0.6175755262374878, 0.5982455015182495, 0.6003772020339966, 0.6013849973678589, 0.6236074566841125, 0.6229351758956909, 0.6203796863555908, 0.6122717261314392, 0.6051355004310608, 0.5976102352142334, 0.5993208885192871, 0.5943870544433594, 0.5883059501647949, 0.5574498176574707, 0.5508179068565369, 0.543036937713623, 0.5877490043640137, 0.577579915523529, 0.5627706050872803, 0.6080992221832275, 0.6073929071426392, 0.6078721880912781, 0.598761260509491, 0.5994689464569092, 0.599982500076294, 0.5903361439704895, 0.587261974811554, 0.5854909420013428, 0.5652087926864624, 0.5626770257949829, 0.5577725172042847, 0.6047199964523315, 0.6032405495643616, 0.6000455617904663, 0.5678256750106812, 0.5646452307701111, 0.5630313158035278, 0.6128172874450684, 0.6141376495361328, 0.615311861038208, 0.548416256904602, 0.5482556223869324, 0.5477293729782104, 0.5685693025588989, 0.5644702911376953, 0.5591999888420105, 0.5386707782745361, 0.5313675403594971, 0.5307355523109436]}