{"rewards": [19.124105011933175, 26.381031613976706, 39.52791878172589, 74.5050505050505, 137.90425531914894, 245.55102040816325, 342.4, 403.42424242424244, 348.48571428571427, 344.8529411764706, 374.5, 330.1515151515151, 395.09375, 336.96875, 287.6111111111111, 312.0, 327.375, 325.0, 308.84375, 337.46875, 289.1714285714286, 310.61764705882354, 280.13157894736844, 366.78125, 439.375, 497.375, 457.46875, 500.0, 497.40625, 493.875, 500.0, 498.75, 482.6875, 500.0, 498.0625, 481.53125, 495.875, 485.28125, 488.03125, 434.6875, 458.8125], "lengths": [19.124105011933175, 26.381031613976706, 39.52791878172589, 74.5050505050505, 137.90425531914894, 245.55102040816325, 342.4, 403.42424242424244, 348.48571428571427, 344.8529411764706, 374.5, 330.1515151515151, 395.09375, 336.96875, 287.6111111111111, 312, 327.375, 325, 308.84375, 337.46875, 289.1714285714286, 310.61764705882354, 280.13157894736844, 366.78125, 439.375, 497.375, 457.46875, 500, 497.40625, 493.875, 500, 498.75, 482.6875, 500, 498.0625, 481.53125, 495.875, 485.28125, 488.03125, 434.6875, 458.8125], "entropies": [0.6878198186556498, 0.6655642986297607, 0.6351604660352071, 0.5999926328659058, 0.5340350667635599, 0.4871857563654582, 0.4674221873283386, 0.4618055820465088, 0.46985122561454773, 0.44438791275024414, 0.4358823398749034, 0.4199466307957967, 0.43067119518915814, 0.4332476655642192, 0.43577643235524494, 0.40676244099934894, 0.4092660148938497, 0.3803443710009257, 0.40569841861724854, 0.37920985619227093, 0.37598581115404767, 0.35849780837694806, 0.3434033890565236, 0.3066064516703288, 0.3251153727372487, 0.2917424440383911, 0.24142869810263315, 0.21366514265537262, 0.20371132095654806, 0.20465662082036337, 0.19675078491369882, 0.18902504940827689, 0.18448786934216818, 0.18561336398124695, 0.17841934164365134, 0.17551250755786896, 0.15800888339678446, 0.15520438055197397, 0.15050376951694489, 0.14283067981402078, 0.1334041009346644]}