{"rewards": [16.846473029045644, 16.707818930041153, 16.589322381930184, 17.226215644820297, 17.060924369747898, 16.766045548654244, 17.126315789473683, 17.177966101694917, 16.86721991701245], "lengths": [16.846473029045644, 16.707818930041153, 16.589322381930184, 17.226215644820297, 17.060924369747898, 16.766045548654244, 17.126315789473683, 17.177966101694917, 16.86721991701245], "entropies": [NaN, NaN, NaN, NaN, NaN, NaN, NaN, NaN, NaN, NaN, NaN, NaN, NaN, NaN, NaN, NaN, NaN, NaN, NaN, NaN, NaN, NaN, NaN, NaN, NaN, NaN, NaN]}