{"debug": false, "env_name": "CartPole-v1", "state_dim": 4, "n_actions": 2, "continuous_control": false, "horizon": 1024, "workers": 8, "discount": 0.99, "learning_rate": 0.001, "clip": 0.2, "c_entropy": 0.009999999776482582, "c_value": 0.5, "lam": 0.95, "gradient_clipping": null, "clip_values": true, "tbptt_length": 16, "builder_function_name": "build_rnn_distinct_models", "is_recurrent": true, "iteration": 1, "current_fps": 1072.328126915931, "device": "CPU:0", "model_export_dir": "storage/saved_models/exports/", "agent_id": 1575486975, "agent_directory": "storage/saved_models/states//1575486975/", "total_frames_seen": 16384, "total_episodes_seen": 865, "episode_reward_history": [12.0, 13.0, 15.0, 10.0, 10.0, 9.0, 14.0, 20.0, 15.0, 13.0, 9.0, 13.0, 11.0, 23.0, 8.0, 24.0, 12.0, 12.0, 14.0, 13.0, 10.0, 17.0, 12.0, 11.0, 11.0, 17.0, 12.0, 14.0, 15.0, 12.0, 8.0, 18.0, 14.0, 19.0, 14.0, 16.0, 21.0, 16.0, 15.0, 9.0, 39.0, 16.0, 12.0, 14.0, 10.0, 10.0, 16.0, 16.0, 29.0, 15.0, 14.0, 18.0, 12.0, 13.0, 28.0, 11.0, 11.0, 11.0, 49.0, 16.0, 10.0, 14.0, 18.0, 14.0, 42.0, 11.0, 15.0, 13.0, 13.0, 14.0, 16.0, 23.0, 23.0, 18.0, 11.0, 10.0, 23.0, 17.0, 14.0, 14.0, 18.0, 17.0, 13.0, 14.0, 12.0, 20.0, 20.0, 12.0, 33.0, 29.0, 21.0, 15.0, 14.0, 11.0, 16.0, 11.0, 31.0, 19.0, 10.0, 15.0, 14.0, 11.0, 15.0, 10.0, 22.0, 20.0, 16.0, 30.0, 36.0, 9.0, 18.0, 13.0, 21.0, 19.0, 18.0, 15.0, 13.0, 11.0, 17.0, 11.0, 11.0, 18.0, 15.0, 20.0, 9.0, 23.0, 15.0, 17.0, 15.0, 17.0, 16.0, 12.0, 22.0, 17.0, 24.0, 21.0, 11.0, 13.0, 10.0, 16.0, 19.0, 21.0, 27.0, 24.0, 10.0, 23.0, 8.0, 11.0, 13.0, 17.0, 12.0, 13.0, 12.0, 10.0, 17.0, 20.0, 13.0, 32.0, 17.0, 17.0, 14.0, 10.0, 16.0, 14.0, 27.0, 18.0, 16.0, 12.0, 20.0, 16.0, 13.0, 9.0, 16.0, 23.0, 14.0, 37.0, 30.0, 11.0, 8.0, 15.0, 26.0, 14.0, 15.0, 19.0, 12.0, 13.0, 16.0, 11.0, 16.0, 16.0, 12.0, 13.0, 25.0, 14.0, 16.0, 10.0, 19.0, 8.0, 17.0, 40.0, 15.0, 15.0, 35.0, 13.0, 27.0, 24.0, 10.0, 17.0, 10.0, 10.0, 10.0, 9.0, 15.0, 18.0, 14.0, 17.0, 17.0, 16.0, 12.0, 11.0, 10.0, 14.0, 10.0, 24.0, 16.0, 10.0, 16.0, 13.0, 9.0, 10.0, 9.0, 12.0, 11.0, 25.0, 13.0, 22.0, 18.0, 11.0, 13.0, 13.0, 17.0, 16.0, 12.0, 11.0, 23.0, 12.0, 25.0, 22.0, 10.0, 12.0, 18.0, 20.0, 12.0, 26.0, 20.0, 15.0, 10.0, 10.0, 15.0, 11.0, 19.0, 10.0, 16.0, 9.0, 18.0, 14.0, 26.0, 38.0, 14.0, 15.0, 9.0, 23.0, 21.0, 18.0, 31.0, 21.0, 23.0, 11.0, 16.0, 20.0, 10.0, 12.0, 10.0, 14.0, 10.0, 23.0, 24.0, 19.0, 12.0, 27.0, 21.0, 17.0, 13.0, 11.0, 11.0, 15.0, 12.0, 23.0, 11.0, 8.0, 16.0, 30.0, 26.0, 21.0, 13.0, 20.0, 12.0, 17.0, 12.0, 15.0, 9.0, 17.0, 11.0, 15.0, 14.0, 18.0, 10.0, 11.0, 16.0, 28.0, 11.0, 13.0, 13.0, 14.0, 14.0, 13.0, 14.0, 11.0, 13.0, 24.0, 23.0, 34.0, 16.0, 39.0, 25.0, 18.0, 17.0, 13.0, 11.0, 9.0, 20.0, 16.0, 14.0, 10.0, 28.0, 10.0, 12.0, 15.0, 18.0, 25.0, 9.0, 15.0, 18.0, 15.0, 12.0, 26.0, 15.0, 13.0, 10.0, 11.0, 23.0, 14.0, 13.0, 18.0, 11.0, 14.0, 11.0, 19.0, 16.0, 20.0, 11.0, 21.0, 23.0, 16.0, 25.0, 27.0, 17.0, 11.0, 18.0, 26.0, 25.0, 15.0, 12.0, 14.0, 13.0, 56.0, 15.0, 10.0, 13.0, 16.0, 26.0, 17.0, 13.0, 21.0, 19.0, 21.0, 8.0, 16.0, 15.0, 12.0, 36.0, 13.0, 18.0, 12.0, 17.0, 26.0, 16.0, 13.0, 16.0, 37.0, 16.0, 10.0, 13.0, 9.0, 24.0, 16.0, 20.0, 20.0, 12.0, 11.0, 10.0, 13.0, 10.0, 40.0, 10.0, 28.0, 43.0, 9.0, 14.0, 14.0, 15.0, 14.0, 10.0, 15.0, 13.0, 27.0, 9.0, 11.0, 13.0, 20.0, 15.0, 16.0, 9.0, 17.0, 22.0, 40.0, 12.0, 13.0, 24.0, 21.0, 29.0, 23.0, 20.0, 11.0, 37.0, 14.0, 12.0, 16.0, 13.0, 14.0, 25.0, 11.0, 14.0, 11.0, 20.0, 11.0, 10.0, 13.0, 10.0, 14.0, 19.0, 18.0, 10.0, 25.0, 28.0, 13.0, 11.0, 12.0, 10.0, 12.0, 35.0, 21.0, 14.0, 12.0, 18.0, 20.0, 24.0, 20.0, 19.0, 13.0, 12.0, 61.0, 14.0, 16.0, 13.0, 28.0, 18.0, 41.0, 12.0, 12.0, 11.0, 15.0, 36.0, 11.0, 36.0, 15.0, 36.0, 14.0, 15.0, 11.0, 8.0, 10.0, 13.0, 16.0, 33.0, 19.0, 33.0, 12.0, 21.0, 17.0, 22.0, 19.0, 21.0, 14.0, 27.0, 15.0, 13.0, 30.0, 13.0, 31.0, 26.0, 13.0, 26.0, 16.0, 21.0, 18.0, 19.0, 29.0, 33.0, 19.0, 30.0, 21.0, 14.0, 15.0, 11.0, 18.0, 14.0, 28.0, 20.0, 13.0, 13.0, 28.0, 19.0, 16.0, 17.0, 44.0, 48.0, 15.0, 32.0, 13.0, 16.0, 16.0, 16.0, 30.0, 36.0, 24.0, 23.0, 19.0, 13.0, 12.0, 19.0, 72.0, 13.0, 22.0, 13.0, 22.0, 24.0, 27.0, 10.0, 21.0, 11.0, 26.0, 21.0, 37.0, 12.0, 19.0, 36.0, 12.0, 11.0, 17.0, 22.0, 19.0, 22.0, 31.0, 34.0, 11.0, 30.0, 19.0, 21.0, 9.0, 15.0, 24.0, 11.0, 13.0, 18.0, 11.0, 13.0, 12.0, 26.0, 24.0, 38.0, 13.0, 28.0, 23.0, 18.0, 30.0, 16.0, 13.0, 20.0, 11.0, 12.0, 39.0, 12.0, 18.0, 17.0, 46.0, 15.0, 29.0, 15.0, 22.0, 17.0, 15.0, 37.0, 11.0, 31.0, 9.0, 12.0, 30.0, 20.0, 12.0, 19.0, 13.0, 30.0, 39.0, 14.0, 13.0, 32.0, 37.0, 13.0, 15.0, 12.0, 16.0, 30.0, 16.0, 21.0, 14.0, 14.0, 37.0, 16.0, 18.0, 12.0, 28.0, 43.0, 9.0, 12.0, 22.0, 11.0, 26.0, 14.0, 20.0, 10.0, 13.0, 12.0, 23.0, 14.0, 17.0, 25.0, 13.0, 15.0, 10.0, 24.0, 13.0, 13.0, 17.0, 9.0, 17.0, 10.0, 14.0, 26.0, 12.0, 13.0, 13.0, 18.0, 41.0, 94.0, 59.0, 12.0, 14.0, 37.0, 22.0, 12.0, 61.0, 23.0, 25.0, 25.0, 24.0, 23.0, 22.0, 13.0, 13.0, 19.0, 15.0, 14.0, 72.0, 37.0, 28.0, 47.0, 36.0, 11.0, 28.0, 22.0, 12.0, 23.0, 31.0, 24.0, 32.0, 18.0, 15.0, 18.0, 24.0, 32.0, 21.0, 36.0, 17.0, 14.0, 16.0, 13.0, 38.0, 29.0, 46.0, 22.0, 16.0, 27.0, 16.0, 27.0, 61.0, 21.0, 19.0, 11.0, 27.0, 13.0, 22.0, 17.0, 35.0, 13.0, 20.0, 17.0, 12.0, 10.0, 10.0, 24.0, 45.0, 22.0, 18.0, 11.0, 20.0, 16.0, 25.0, 24.0, 23.0, 10.0, 12.0, 25.0, 30.0, 12.0, 21.0, 9.0, 31.0, 14.0, 15.0, 21.0, 19.0, 41.0, 12.0, 22.0, 13.0, 16.0, 16.0, 9.0, 12.0, 65.0, 50.0, 15.0, 17.0, 16.0, 14.0, 19.0, 14.0, 17.0, 14.0, 28.0, 30.0, 37.0, 21.0, 23.0, 11.0, 25.0, 15.0, 16.0, 17.0, 13.0, 29.0, 32.0, 20.0, 15.0, 17.0, 29.0, 17.0, 14.0, 17.0, 26.0, 16.0, 11.0, 29.0, 71.0, 10.0, 17.0, 12.0, 23.0, 16.0, 57.0, 10.0, 20.0, 19.0, 17.0, 45.0, 18.0, 20.0, 19.0, 16.0, 22.0, 12.0, 21.0, 11.0, 29.0, 26.0, 18.0, 25.0, 18.0, 20.0, 36.0, 18.0, 17.0, 13.0, 21.0, 20.0, 14.0, 21.0, 17.0, 45.0, 17.0, 14.0, 59.0, 33.0, 18.0],