{"rewards": [17.55939524838013, 17.498924731182797, 18.002217294900223], "lengths": [17.55939524838013, 17.498924731182797, 18.002217294900223], "entropies": [NaN, NaN, NaN, NaN, NaN, NaN, NaN, NaN, NaN]}