{"rewards": [-124.26302182683253], "lengths": [197.2741935483871], "entropies": [6.149748166402181]}