{"rewards": [-245.8615630741249, -243.93768940953387, -208.36420927650227, -201.49979068759603, -207.8339665084245, -218.5744194382041, -199.59852241623503, -174.42706609644236, -167.0289544312468, -163.0299018472168, -153.40151483470316, -145.975869032175, -133.84636654390758, -134.03406344275456, -142.6607271806865, -141.54166688685189, -139.26160357280818, -131.57767236069955, -167.99573671275104, -145.69699651887566, -124.13716077876845, -116.75135931111794, -95.2217270207619, -75.51381512843301, -94.7020511539889, -73.51162817823875, -76.21202591832072, -78.25915298692932, -93.3716617259708, -54.50604849345664, -88.40815286484754, -90.65844802485842, -75.7459509252643, -53.78251608546662, -51.51420892537094, -25.574460453437762, -47.810618417879546, -62.16601846848339, -43.36931436242842, -34.92197437812072, -46.121886647494456, -39.32331045296651, -92.63608796488083, -68.32877889560504, -73.30959414961731, -75.95176608045607, -80.73947465896785, -222.32754979092678, -197.55069873240888, -178.5588157120982, -154.29842777284756, -121.14060947815068, -68.58479468379984, -159.27427866038127, -107.11904234270823, -19.354113679886026, -66.23436438130953, -17.03042746420261, -43.0552085404104, -57.53943179317448, -45.20715836955063, -14.032993151453404, -119.7986290840906, -66.42678446473481, 43.51624350914426, 42.76878642004082, -27.657458940734475, -16.910183065197707, 47.16273819687552, 28.867599757003, -74.79207443382101, -0.4055348551643059, -85.98787652615847, -77.53776019146065, -42.68206712174514, -41.30994051450915, -46.74921477095434, -50.9189991505052, 20.233055714884106, -153.71508057290524, -159.81121111686107, 6.457040679455997, -18.97345033533183, -121.16848957928585, -130.8894395951093, -135.97990022191647, -152.2501220266761, -154.70156307841813, -134.49203410760654, -136.52884931454196, -108.26387497584768, -142.38678561781632, -133.2684384373549, -149.12089505301222, -139.2507408250486, -154.7631450815881, -145.40169051350682, -156.4757711087317, -148.1262976403466, -132.4484938656784, -144.623819837744, -151.910264337642, -167.3035871890734, -163.54908345779614, -143.5052685059072, -174.6038553535527, -148.539485122202, -180.99508089421974, -173.4675329660169, -179.6235141365882, -176.35110807085246, -163.83478727851846, -173.5748215764176, -174.1103663717463, -180.27309520068377, -138.52202957099985], "lengths": [84.18279569892474, 85.05434782608695, 86.1685393258427, 86.58241758241758, 84.70967741935483, 85.25, 86.33333333333333, 91.43529411764706, 85.37362637362638, 89.23863636363636, 92.51807228915662, 95.3170731707317, 96.17073170731707, 101.96153846153847, 102.02702702702703, 130.6949152542373, 106.27027027027027, 106.20547945205479, 122.31147540983606, 132.68965517241378, 141.2127659574468, 129.89830508474577, 112.20289855072464, 122.76190476190476, 131.25862068965517, 132.875, 150.14285714285714, 152.4102564102564, 174.05714285714285, 199.05882352941177, 182.64102564102564, 292.15, 258.3703703703704, 209.6818181818182, 225.65217391304347, 222.76923076923077, 206.25, 334.63157894736844, 246.6551724137931, 192.40540540540542, 221.03703703703704, 251, 309.45, 316.04545454545456, 267.3478260869565, 313, 372.35714285714283, 194.33333333333334, 230.57575757575756, 229.72413793103448, 352.8888888888889, 415.52941176470586, 645.7272727272727, 448.35714285714283, 621.125, 673.2727272727273, 369.5, 637.5, 684.1, 499.1818181818182, 511.9230769230769, 694.2, 787.75, 673.6666666666666, 917.375, 1000, 577.7, 669, 865.4444444444445, 913.875, 696.75, 899.875, 853.5, 722.875, 741.875, 786, 846.125, 841.7777777777778, 939.5, 520.8181818181819, 646, 872.3333333333334, 887, 605, 505.8181818181818, 472.46666666666664, 457.9230769230769, 375.3157894736842, 338.45, 371.27777777777777, 493.8333333333333, 403.8888888888889, 290.22222222222223, 402.1333333333333, 307.5, 355.35714285714283, 369.1333333333333, 431.26666666666665, 429.6875, 452, 358.3125, 390.5625, 484.3333333333333, 417.46666666666664, 459, 381.22222222222223, 323.1578947368421, 391.11764705882354, 348.8235294117647, 407.35714285714283, 386.35714285714283, 414.9375, 413.14285714285717, 447.0769230769231, 451.61538461538464, 781.5],