{"rewards": [30.398496240601503, 40.34, 59.029411764705884, 72.62962962962963, 95.5609756097561, 155.08333333333334, 160.08333333333334, 137.12, 165.95238095238096], "lengths": [30.398496240601503, 40.34, 59.029411764705884, 72.62962962962963, 95.5609756097561, 155.08333333333334, 160.08333333333334, 137.12, 165.95238095238096], "entropies": [0.6624568104743958, 0.6578282713890076, 0.6583982110023499, 0.6465316414833069, 0.6395846605300903, 0.6428365707397461, 0.6344727277755737, 0.6302890181541443, 0.6297749280929565, 0.61806321144104, 0.61361163854599, 0.6103512644767761, 0.5992177724838257, 0.5890240669250488, 0.5869983434677124, 0.5965235829353333, 0.5926905274391174, 0.593273401260376, 0.604434072971344, 0.5920137166976929, 0.5989368557929993, 0.5841807126998901, 0.5828638672828674, 0.5855802297592163, 0.5903741121292114, 0.5834148526191711, 0.5817131400108337]}