{"rewards": [-150.61321719090492, -259.79914007174824, -137.93948709082377, -207.10967954995095, -131.04379701143267, -130.0554142307479, -160.7439781401116, -176.3608627478955, -180.6443438031415, -223.34225851205167, -208.51022052193983, -188.11855162895085, -144.1057144252303, -199.87885504601965, -244.19031034768915, -252.45815336573827, -242.8585111948287, -254.55627141036257, -236.65469362519283, -178.81145319337, -236.70294454392317, -193.1900378070799, -282.74069362332574, -279.46123117746805, -290.6457061575714, -310.3495795660806, -310.4123848440876, -324.63725942883735, -314.9624306168971, -312.6090654259425, -287.8593827108172, -272.19260893987416, -229.88175270145598, -274.3470995870627, -245.87555336898313], "lengths": [109.61538461538461, 85.87777777777778, 78.9, 98.2875, 78.52475247524752, 74.48936170212765, 77.05882352941177, 75.93137254901961, 77.96039603960396, 73.58878504672897, 70.98198198198199, 74, 72.90291262135922, 74.67619047619047, 71.02654867256638, 68.16239316239316, 70.52212389380531, 73.21698113207547, 70.94545454545455, 76.11702127659575, 71.00909090909092, 75.48387096774194, 70.56637168141593, 70.8108108108108, 69.70796460176992, 70.99107142857143, 69.17391304347827, 68.00854700854701, 69.76991150442478, 69.31858407079646, 68.96521739130435, 71.28571428571429, 72.24074074074075, 72.55963302752293, 72.03603603603604], "entropies": [0.7703759074211121, 0.9920259714126587, 1.0813796520233154, 0.8850827813148499, 1.065271019935608, 1.1862130165100098, 1.1818928718566895, 1.187752366065979, 1.576688289642334, 0.844953715801239, 0.9227441549301147, 0.9621918797492981, 1.8436583280563354, 1.6219754219055176, 1.5532422065734863, 1.3517831563949585, 1.535181999206543, 1.7086632251739502, 1.5983296632766724, 1.6362175941467285, 1.6849602460861206, 1.705235481262207, 1.739922046661377, 1.8013001680374146, 1.7649743556976318, 1.7123584747314453, 1.8920369148254395, 2.1993494033813477, 2.042907953262329, 2.0310754776000977, 1.8474160432815552, 1.8560981750488281, 1.9872548580169678, 1.9971790313720703, 2.0213518142700195, 2.0520029067993164, 2.0132627487182617, 2.3761720657348633, 2.3838844299316406, 2.22151780128479, 2.233865261077881, 2.2563962936401367, 2.248900890350342, 2.312459707260132, 2.3294661045074463, 2.3675930500030518, 2.407254695892334, 2.4116101264953613, 2.2713112831115723, 2.32222056388855, 2.295957565307617, 2.425199270248413, 2.4626240730285645, 2.442607879638672, 2.5078284740448, 2.556983470916748, 2.527968406677246, 2.148646116256714, 2.181968927383423, 2.2691938877105713, 2.5289852619171143, 2.5554418563842773, 2.4772799015045166, 2.4622368812561035, 2.4497570991516113, 2.5978314876556396, 2.842149496078491, 2.826491594314575, 2.8061084747314453, 2.6490936279296875, 2.6348514556884766, 2.6216354370117188, 2.77665114402771, 2.634950637817383, 2.6147754192352295, 2.467773675918579, 2.469590187072754, 2.456272602081299, 2.421082019805908, 2.423614263534546, 2.6848666667938232, 2.7682902812957764, 2.791653633117676, 2.796727180480957, 2.6722702980041504, 2.651925563812256, 2.7086997032165527, 2.7092397212982178, 2.714468479156494, 2.768535614013672, 2.556896209716797, 2.555140972137451, 2.6334893703460693, 2.770646572113037, 2.6902995109558105, 2.504002571105957, 2.2471728324890137, 2.215928792953491, 2.3103203773498535, 2.290260076522827, 2.267455816268921, 2.330076217651367, 2.3052492141723633, 2.3550679683685303, 2.3875880241394043]}