{"rewards": [19.24228028503563, 19.451923076923077, 19.172169811320753, 19.36190476190476, 19.34128878281623, 19.27790973871734, 19.846341463414635, 19.354761904761904, 19.854320987654322, 20.203980099502488, 19.73722627737226, 19.692682926829267, 20.418367346938776, 19.43062200956938, 19.530266343825666], "lengths": [19.24228028503563, 19.451923076923077, 19.172169811320753, 19.36190476190476, 19.34128878281623, 19.27790973871734, 19.846341463414635, 19.354761904761904, 19.854320987654322, 20.203980099502488, 19.73722627737226, 19.692682926829267, 20.418367346938776, 19.43062200956938, 19.530266343825666], "entropies": [NaN, NaN, NaN, NaN, NaN, NaN, NaN, NaN, NaN, NaN, NaN, NaN, NaN, NaN, NaN, NaN, NaN, NaN, NaN, NaN, NaN, NaN, NaN, NaN, NaN, NaN, NaN, NaN, NaN, NaN, NaN, NaN, NaN, NaN, NaN, NaN, NaN, NaN, NaN, NaN, NaN, NaN, NaN, NaN, NaN]}