{"rewards": [-94.23163842518274, -96.37006257533277, -88.83615841327286, -88.62139196935512, -99.76896821312997, -95.13322860192723, -95.09498500025497, -94.23596481069502, -89.86803590777905, -89.51137566405947, -92.68158288349353, -89.3088149664473, -93.67892283117382, -95.76810189843638, -93.45697996790936, -96.2096818454867, -89.98167063675929, -88.8824562257428, -84.25441914731391, -86.59499023254533, -82.81870954109752, -83.60742005653387, -81.45872912682955, -84.26730683176847, -81.43260751116937, -84.79199372198283, -82.20286687287788, -85.11226277450567, -81.37578980575253, -86.0320597329031, -77.89422400830165, -82.00457671414645, -79.56623875659699, -82.71868264653983, -78.44592314816697, -78.07543170495026, -74.75313130976072, -78.6623179748764, -75.06245403191353, -74.0543665771336, -75.11156303611571, -73.18396563663606, -76.68473455713097, -75.03344085893889, -75.33196387285236, -75.15525351708882, -72.56386013888661, -70.46472032398822, -73.47616718668712, -71.52806134477615, -69.25063864069935, -71.86762243354082, -71.58927329170226, -61.20530203999261, -66.77176170384885, -67.65625499505005, -63.150413045046164, -57.60575959292943, -48.17288965493207, -45.47741674962094, -52.43472536441822, -42.17870586924741, -43.8975011463777, -42.64332706073217, -41.6850878222261, -39.55346406868409, -35.4420193494557, -29.25866840464186, -23.442554824236176, -23.548362317808397, -15.078528929210998, -26.550824067216354, -12.408153377170619, -7.708818870049435, -2.7858689465975326], "lengths": [1293.8, 950.2857142857143, 1600, 1600, 1087.1666666666667, 1296.4, 1600, 1600, 1600, 1600, 1600, 1600, 1600, 1300.6, 1600, 1600, 1600, 1600, 1600, 1600, 1600, 1600, 1600, 1600, 1600, 1600, 1600, 1305.2, 1600, 1297.8, 1600, 1600, 1600, 1600, 1600, 1600, 1600, 1600, 1600, 1600, 1600, 1600, 1600, 1600, 1600, 1600, 1600, 1600, 1600, 1600, 1600, 1600, 1600, 1600, 1600, 1600, 1600, 1600, 1600, 1600, 1600, 1600, 1600, 1600, 1600, 1600, 1600, 1600, 1600, 1600, 1600, 1600, 1600, 1600, 1600], "entropies": [2.2876737117767334, 2.224780797958374, 2.2551984786987305, 2.2380497455596924, 2.2525525093078613, 2.232261896133423, 2.2633769512176514, 2.2551984786987305, 2.238264560699463, 2.2431936264038086, 2.275437355041504, 2.272987127304077, 2.267012357711792, 2.279768466949463, 2.271921396255493, 2.2875640392303467, 2.3078255653381348, 2.3032286167144775, 2.2854578495025635, 2.28641414642334, 2.394446611404419, 2.382246732711792, 2.376951217651367, 2.3819053173065186, 2.394284725189209, 2.384584903717041, 2.393174648284912, 2.3850789070129395, 2.378180980682373, 2.3823318481445312, 2.3240573406219482, 2.3286972045898438, 2.31209659576416, 2.3248820304870605, 2.3285980224609375, 2.3253321647644043, 2.3260116577148438, 2.315211296081543, 2.3100783824920654, 2.3274481296539307, 2.6175954341888428, 2.639491081237793, 2.600048542022705, 2.6304855346679688, 2.61757230758667, 2.638704299926758, 2.6327834129333496, 2.6115777492523193, 2.6150455474853516, 2.6206839084625244, 2.5633976459503174, 2.5987205505371094, 2.5598340034484863, 2.5758728981018066, 2.557861804962158, 2.562251567840576, 2.5512354373931885, 2.586625576019287, 2.5567824840545654, 2.5813159942626953, 2.512195587158203, 2.5179877281188965, 2.5088815689086914, 2.504584312438965, 2.49576997756958, 2.5090138912200928, 2.4982807636260986, 2.500622272491455, 2.506129503250122, 2.490811824798584, 2.5009260177612305, 2.47932767868042, 2.4929866790771484, 2.4827945232391357, 2.480318546295166, 2.500580310821533, 2.483151912689209, 2.4754512310028076, 2.478191375732422, 2.4706602096557617, 2.3267204761505127, 2.3125665187835693, 2.305628776550293, 2.316347122192383, 2.3172149658203125, 2.31265926361084, 2.3182358741760254, 2.3111331462860107, 2.3141725063323975, 2.3099160194396973, 2.346597909927368, 2.3586506843566895, 2.3413801193237305, 2.344141960144043, 2.3308193683624268, 2.3654556274414062, 2.348459243774414, 2.333380699157715, 2.363654851913452, 2.343518018722534, 2.401376485824585, 2.3514158725738525, 2.3572587966918945, 2.3694024085998535, 2.3734400272369385, 2.3691306114196777, 2.362100839614868, 2.364116907119751, 2.3652215003967285, 2.3968968391418457, 2.313372850418091, 2.3166730403900146, 2.3270232677459717, 2.3290188312530518, 2.3209145069122314, 2.3252203464508057, 2.3120498657226562, 2.3368258476257324, 2.319359302520752, 2.3243942260742188, 2.3167080879211426, 2.3281946182250977, 2.3206076622009277, 2.3117759227752686, 2.334442377090454, 2.3324971199035645, 2.332719326019287, 2.3303723335266113, 2.339134454727173, 2.3191325664520264, 2.289004325866699, 2.3187217712402344, 2.309627056121826, 2.3151564598083496, 2.2803585529327393, 2.3084938526153564, 2.2884111404418945, 2.300611734390259, 2.2992777824401855, 2.3216707706451416, 2.1073834896087646, 2.0999538898468018, 2.0943193435668945, 2.0938143730163574, 2.1005022525787354, 2.0980372428894043, 2.0952978134155273, 2.09139347076416, 2.080490827560425, 2.095414638519287, 2.154348134994507, 2.147839069366455, 2.1638550758361816, 2.1578640937805176, 2.147092819213867, 2.1690902709960938, 2.162416934967041, 2.1671717166900635, 2.162618398666382, 2.154109477996826, 2.0347354412078857, 2.017742395401001, 2.018110752105713, 2.014711618423462, 2.0142524242401123, 2.0051932334899902, 2.0099847316741943, 2.0250980854034424, 2.021939277648926, 2.0186312198638916, 1.9207512140274048, 1.9278767108917236, 1.9303523302078247, 1.9101334810256958, 1.9440335035324097, 1.9224400520324707, 1.9429272413253784, 1.9278974533081055, 1.9386168718338013, 1.9319374561309814, 1.9215738773345947, 1.925663709640503, 1.9238797426223755, 1.9181859493255615, 1.921593427658081, 1.925201416015625, 1.9173970222473145, 1.9204953908920288, 1.9303675889968872, 1.9193534851074219, 1.8471671342849731, 1.8371732234954834, 1.8515355587005615, 1.855007290840149, 1.8451097011566162, 1.8486130237579346, 1.8608522415161133, 1.8463757038116455, 1.85017991065979, 1.8585584163665771, 1.78788161277771, 1.7901198863983154, 1.7915019989013672, 1.792914867401123, 1.7986202239990234, 1.7978979349136353, 1.799377202987671, 1.7879165410995483, 1.7862240076065063, 1.7925505638122559, 1.7702674865722656, 1.7595937252044678, 1.7605273723602295, 1.760779619216919, 1.7547833919525146, 1.7708443403244019, 1.7504878044128418, 1.7735786437988281, 1.7537022829055786, 1.7640382051467896, 1.799884557723999, 1.8078958988189697, 1.8152042627334595, 1.821274757385254, 1.827343463897705, 1.82212495803833, 1.8174872398376465, 1.8197225332260132, 1.8203922510147095, 1.8219077587127686, 1.7588021755218506, 1.755408763885498, 1.7504488229751587, 1.7523441314697266, 1.749032974243164, 1.753233551979065, 1.7473242282867432, 1.7497961521148682, 1.7433130741119385, 1.745129108428955, 1.6773695945739746, 1.686058759689331, 1.6891571283340454, 1.6868305206298828, 1.6801273822784424, 1.6900949478149414, 1.6743242740631104, 1.6848541498184204, 1.6839133501052856, 1.6842067241668701, 1.6752325296401978, 1.6954611539840698, 1.6837574243545532, 1.68550705909729, 1.6900972127914429, 1.6893789768218994, 1.6930371522903442, 1.67528235912323, 1.676833152770996, 1.693979263305664, 1.7340240478515625, 1.7342005968093872, 1.7417997121810913, 1.7282302379608154, 1.730190396308899, 1.7341668605804443, 1.7337297201156616, 1.728506088256836, 1.7309093475341797, 1.7344303131103516, 1.8002887964248657, 1.8091752529144287, 1.7921873331069946, 1.7998558282852173, 1.8081059455871582, 1.7969740629196167, 1.803280234336853, 1.8054028749465942, 1.8034344911575317, 1.8009945154190063, 1.744809627532959, 1.7285364866256714, 1.7202116250991821, 1.7292612791061401, 1.7280184030532837, 1.7393125295639038, 1.7219388484954834, 1.7367202043533325, 1.7250831127166748, 1.738701581954956, 1.6741231679916382, 1.6608127355575562, 1.660000205039978, 1.6745762825012207, 1.667394995689392, 1.6826263666152954, 1.6660481691360474, 1.6708087921142578, 1.683438777923584, 1.6622130870819092, 1.6612751483917236, 1.6762932538986206, 1.669751763343811, 1.6825064420700073, 