{"rewards": [-120.61829170571959, -136.57350456962132, -145.29485385778545, -164.20735814734078, -174.91804666781533, -181.21942034034586, -140.35728196981634], "lengths": [61.54545454545455, 71.0909090909091, 87.5, 76.33333333333333, 88.75, 87.44444444444444, 72.25], "entropies": [1.7255484263102214, 1.5754396120707195, 1.2160007953643799, 1.2266514301300049, 1.2470845381418865, 1.5172484715779622, 1.491707444190979]}