{"rewards": [21.141732283464567, 17.52915766738661, 14.303886925795053, 13.423140495867768, 12.584876543209877, 13.354098360655737, 13.996563573883162, 13.2557003257329, 12.709828393135725, 13.48595041322314], "lengths": [21.141732283464567, 17.52915766738661, 14.303886925795053, 13.423140495867768, 12.584876543209877, 13.354098360655737, 13.996563573883162, 13.2557003257329, 12.709828393135725, 13.48595041322314], "entropies": [0.6903329292933146, 0.6332627733548483, 0.5691800316174825, 0.4574945370356242, 0.5015129148960114, 0.5223892529805502, 0.576137363910675, 0.4871107339859009, 0.4637773633003235, 0.5883897741635641]}