{"rewards": [-530.3738411845428, -311.1710124402479, -477.1321123334478, -291.3150187928751, -244.39626278777752], "lengths": [97.4, 92.33333333333333, 108.8, 100.8, 98], "entropies": [2.142198085784912, 2.3245933055877686, 2.4112367630004883, 2.1813790798187256, 2.2248902320861816, 2.316035747528076, 2.6355628967285156, 2.6774420738220215, 2.9894702434539795, 3.2943673133850098, 3.5486221313476562, 3.1458187103271484, 2.2971320152282715, 2.5740256309509277, 2.3594741821289062]}