{"rewards": [-243.7772620151528, -191.3228323646605, -169.4092874789598, -158.70751469266892, -137.6770314369585, -141.26975688541611, -144.60291241284125, -83.724865725208, -84.00905150052502, -69.21189193049592, -52.13658499165], "lengths": [89.10055865921788, 92.91228070175438, 102.13375796178345, 103.32467532467533, 117.69852941176471, 119.77272727272727, 125.81451612903226, 131.8706896551724, 149.97979797979798, 165.1098901098901, 217.24615384615385], "entropies": [1.31864333152771, 1.320529818534851, 1.3192920684814453, 1.3271644115447998, 1.3326234817504883, 1.336516261100769, 1.338662028312683, 1.3299301862716675, 1.3334152698516846, 1.3316705226898193, 1.3267405033111572, 1.319832682609558, 1.3063082695007324, 1.3105722665786743, 1.2929102182388306, 1.2620192766189575, 1.2223896980285645, 1.2354376316070557, 1.2345459461212158, 1.2323169708251953, 1.2329484224319458, 1.2090095281600952, 1.2093117237091064, 1.201707124710083, 1.1895530223846436, 1.185416340827942, 1.1897225379943848, 1.1563063859939575, 1.1510634422302246, 1.1691820621490479, 1.195507287979126, 1.1849448680877686, 1.1718546152114868]}