{"rewards": [23.759530791788855, 29.025089605734767], "lengths": [23.759530791788855, 29.025089605734767], "entropies": [0.6802159547805786, 0.6785829067230225, 0.6786803603172302, 0.6600145101547241, 0.6563683152198792, 0.6543362140655518]}