{"rewards": [20.282608695652176, 22.0, 25.914285714285715, 27.551724137931036, 33.925925925925924, 31.344827586206897, 32.666666666666664, 40.0, 42.0, 43.27777777777778, 46.0, 38.529411764705884, 43.875, 44.357142857142854, 51.642857142857146, 53.666666666666664, 41.89473684210526, 76.66666666666667, 43.333333333333336], "lengths": [20.282608695652176, 22, 25.914285714285715, 27.551724137931036, 33.925925925925924, 31.344827586206897, 32.666666666666664, 40, 42, 43.27777777777778, 46, 38.529411764705884, 43.875, 44.357142857142854, 51.642857142857146, 53.666666666666664, 41.89473684210526, 76.66666666666667, 43.333333333333336], "entropies": [0.6836340427398682, 0.6884942650794983, 0.691386878490448, 0.6921151876449585, 0.689719557762146, 0.6852976679801941, 0.6832581162452698, 0.6791470050811768, 0.6746299266815186, 0.6729347109794617, 0.6690564155578613, 0.6648769378662109, 0.6605855226516724, 0.6559607982635498, 0.6509854197502136, 0.6548064947128296, 0.650600254535675, 0.6461506485939026, 0.6506800055503845, 0.6470173597335815, 0.6436398029327393, 0.6374445557594299, 0.6347474455833435, 0.6321569085121155, 0.6362332105636597, 0.6341161727905273, 0.6322279572486877, 0.6394999027252197, 0.6380269527435303, 0.6365051865577698, 0.6273931264877319, 0.6256629228591919, 0.6239004731178284, 0.6196011900901794, 0.6172856688499451, 0.6147876381874084, 0.6170783638954163, 0.6151958703994751, 0.6136242151260376, 0.6216486692428589, 0.6209244728088379, 0.6206156015396118, 0.6128001809120178, 0.6126558780670166, 0.6124008297920227, 0.6085910797119141, 0.6080305576324463, 0.6077306270599365, 0.6167722940444946, 0.6167258620262146, 0.6167293787002563, 0.625816822052002, 0.6258451342582703, 0.6257489919662476, 0.6220459938049316, 0.6212161779403687, 0.6198814511299133]}