{"rewards": [41.234939759036145, 51.86466165413534, 75.64893617021276], "lengths": [41.234939759036145, 51.86466165413534, 75.64893617021276], "entropies": [0.6251533627510071, 0.5939268072446188, 0.5844846963882446]}