{"rewards": [-292.8608246503885, -312.0613325111298, -312.0734267753351], "lengths": [100, 100, 100], "entropies": [NaN, NaN, NaN, NaN, NaN, NaN, NaN, NaN, NaN]}