{"rewards": [28.433098591549296, 41.79365079365079, 60.6484375, 96.74683544303798, 208.76470588235293, 197.48648648648648, 252.03571428571428, 346.5, 297.5217391304348, 281.65384615384613, 251.10714285714286, 354.8888888888889, 318.5263157894737, 465.75, 471.8125, 500.0, 500.0], "lengths": [28.433098591549296, 41.79365079365079, 60.6484375, 96.74683544303798, 208.76470588235293, 197.48648648648648, 252.03571428571428, 346.5, 297.5217391304348, 281.65384615384613, 251.10714285714286, 354.8888888888889, 318.5263157894737, 465.75, 471.8125, 500, 500], "entropies": [0.6705005566279093, 0.62907342116038, 0.6146119435628256, 0.6038618485132853, 0.5647469560305277, 0.5132957498232523, 0.5020850698153178, 0.4522184431552887, 0.4720226526260376, 0.4723614752292633, 0.46524477005004883, 0.4281800389289856, 0.4296724696954091, 0.4257570207118988, 0.3927866816520691, 0.363671471675237, 0.34821943442026776]}