{"rewards": [18.577011494252872, 23.025714285714287, 32.77642276422764, 42.766304347826086, 69.33043478260869, 78.92857142857143], "lengths": [18.577011494252872, 23.025714285714287, 32.77642276422764, 42.766304347826086, 69.33043478260869, 78.92857142857143], "entropies": [0.6915670037269592, 0.6924178600311279, 0.6910486221313477, 0.6833087801933289, 0.6802457571029663, 0.6787285208702087, 0.6563743948936462, 0.652789294719696, 0.6519339084625244, 0.6301602125167847, 0.6248846054077148, 0.624295175075531, 0.6231100559234619, 0.6163962483406067, 0.6159102916717529, 0.6010059118270874, 0.5969998240470886, 0.5980899333953857]}