{"rewards": [23.320402298850574, 31.42718446601942, 46.89565217391304, 74.57009345794393], "lengths": [23.320402298850574, 31.42718446601942, 46.89565217391304, 74.57009345794393], "entropies": [0.6833500862121582, 0.6812217235565186, 0.6796712875366211, 0.6557317972183228, 0.6522297859191895, 0.6489691734313965, 0.6259945034980774, 0.622950553894043, 0.6236026287078857, 0.6077255010604858, 0.602692723274231, 0.6018063426017761]}