{"rewards": [19.847161572052403, 25.37560975609756, 31.608938547486034, 36.857142857142854, 50.78861788617886, 74.91011235955057, 82.9390243902439, 112.84745762711864, 185.35135135135135, 170.1891891891892, 179.2972972972973, 90.1891891891892, 99.44117647058823, 99.12857142857143, 143.29787234042553, 136.8, 158.925, 182.4, 174.14634146341464, 166.1904761904762, 182.625, 171.2439024390244, 174.875, 173.56410256410257, 155.6818181818182, 141.85416666666666, 136.26530612244898, 122.87719298245614, 147.06382978723406, 135.17307692307693, 141.4375, 167.375, 152.2826086956522, 155.2173913043478, 167.225, 173.2, 155.93333333333334, 162.1860465116279, 155.46666666666667, 197.25714285714287, 264.2083333333333, 314.6363636363636], "lengths": [19.847161572052403, 25.37560975609756, 31.608938547486034, 36.857142857142854, 50.78861788617886, 74.91011235955057, 82.9390243902439, 112.84745762711864, 185.35135135135135, 170.1891891891892, 179.2972972972973, 90.1891891891892, 99.44117647058823, 99.12857142857143, 143.29787234042553, 136.8, 158.925, 182.4, 174.14634146341464, 166.1904761904762, 182.625, 171.2439024390244, 174.875, 173.56410256410257, 155.6818181818182, 141.85416666666666, 136.26530612244898, 122.87719298245614, 147.06382978723406, 135.17307692307693, 141.4375, 167.375, 152.2826086956522, 155.2173913043478, 167.225, 173.2, 155.93333333333334, 162.1860465116279, 155.46666666666667, 197.25714285714287, 264.2083333333333, 314.6363636363636], "entropies": [0.6706334551175436, 0.6765922705332438, 0.6612887978553772, 0.6246139804522196, 0.570327619711558, 0.5926963686943054, 0.5835679769515991, 0.5745353500048319, 0.6021196444829305, 0.595086137453715, 0.5934636990229288, 0.5668044884999593, 0.6241721709569296, 0.5860051115353903, 0.5920772353808085, 0.6044491529464722, 0.5513851245244344, 0.5818752447764078, 0.5562639832496643, 0.5732881625493368, 0.56708296140035, 0.5769356886545817, 0.5823517243067423, 0.5845559239387512, 0.5827793478965759, 0.5663336714108785, 0.576348622639974, 0.5299452543258667, 0.5673277179400126, 0.5661654074986776, 0.5474692980448405, 0.582646389802297, 0.5422666668891907, 0.5343026320139567, 0.5720938245455424, 0.5366325378417969, 0.5626709858576456, 0.5363752444585165, 0.557364265124003, 0.545348048210144, 0.5672136743863424, 0.5451061725616455]}