{"rewards": [26.191056910569106, 29.178899082568808, 37.84090909090909, 35.0, 38.93063583815029, 48.56643356643357, 43.72549019607843, 48.964285714285715], "lengths": [26.191056910569106, 29.178899082568808, 37.84090909090909, 35, 38.93063583815029, 48.56643356643357, 43.72549019607843, 48.964285714285715], "entropies": [0.6584196090698242, 0.6615763107935587, 0.6420407692591349, 0.6560773849487305, 0.6237553755442301, 0.6390564839045206, 0.6586872140566508, 0.6307517091433207]}