{"rewards": [24.599388379204893, 32.26, 35.54867256637168, 42.56989247311828, 47.23952095808383, 62.856, 64.14285714285714], "lengths": [24.599388379204893, 32.26, 35.54867256637168, 42.56989247311828, 47.23952095808383, 62.856, 64.14285714285714], "entropies": [0.6888977885246277, 0.6847304105758667, 0.6795802116394043, 0.6643840670585632, 0.6551796197891235, 0.6454401016235352, 0.644302248954773, 0.6358482837677002, 0.6266894936561584, 0.6482879519462585, 0.6414272785186768, 0.6341919302940369, 0.6179134845733643, 0.6090806722640991, 0.5983982086181641, 0.6322876811027527, 0.6292148232460022, 0.6257680654525757, 0.610197901725769, 0.6073790788650513, 0.604356586933136]}