{"rewards": [21.27296587926509, 25.817307692307693, 30.65648854961832, 37.661904761904765, 46.93452380952381, 49.43125, 56.78260869565217, 76.40776699029126, 81.84375, 89.41379310344827, 94.82926829268293, 93.97560975609755, 103.95890410958904, 137.67857142857142, 168.13636363636363, 140.22641509433961, 168.70454545454547, 213.54545454545453, 226.16129032258064, 208.26470588235293, 178.92857142857142, 142.13725490196077, 212.47058823529412, 185.46153846153845, 211.14705882352942, 198.47058823529412, 247.28571428571428, 262.0, 260.51851851851853, 222.90625, 199.1081081081081, 183.55, 235.03333333333333, 219.7, 206.46875, 227.8181818181818, 237.41379310344828, 260.44444444444446, 280.8695652173913, 354.5238095238095, 284.1304347826087, 316.1363636363636, 367.77777777777777, 293.0, 287.88, 290.1666666666667, 276.4, 295.7083333333333, 236.75, 276.5, 257.7692307692308, 206.94117647058823, 245.43333333333334, 291.0, 303.0, 316.1904761904762, 274.04, 274.5769230769231, 206.34285714285716, 228.86666666666667, 176.04761904761904, 169.3181818181818, 162.7608695652174, 141.1346153846154, 156.35416666666666, 113.05882352941177, 163.30434782608697, 197.13513513513513, 184.2, 193.05, 220.21212121212122, 205.44117647058823, 224.90625, 208.54545454545453, 187.1219512195122, 206.5151515151515, 217.25, 218.0, 196.6578947368421, 188.425, 193.75675675675674, 241.5, 217.91176470588235, 229.06451612903226, 354.88235294117646, 387.8888888888889, 384.2105263157895, 362.94117647058823, 397.1764705882353, 429.4375, 371.8333333333333, 406.25, 374.47058823529414, 395.7647058823529, 367.42105263157896, 425.11764705882354, 383.3333333333333, 410.625, 422.3529411764706, 413.875, 370.0, 345.5, 358.36842105263156, 389.25, 365.5, 376.2105263157895, 374.3157894736842, 354.10526315789474, 301.22727272727275, 286.5217391304348, 298.5833333333333, 281.08, 295.6521739130435, 278.11538461538464, 288.60869565217394, 309.2083333333333, 290.1304347826087, 308.2173913043478, 301.69565217391306, 258.0, 259.0344827586207, 278.2307692307692], "lengths": [21.27296587926509, 25.817307692307693, 30.65648854961832, 37.661904761904765, 46.93452380952381, 49.43125, 56.78260869565217, 76.40776699029126, 81.84375, 89.41379310344827, 94.82926829268293, 93.97560975609755, 103.95890410958904, 137.67857142857142, 168.13636363636363, 140.22641509433961, 168.70454545454547, 213.54545454545453, 226.16129032258064, 208.26470588235293, 178.92857142857142, 142.13725490196077, 212.47058823529412, 185.46153846153845, 211.14705882352942, 198.47058823529412, 247.28571428571428, 262, 260.51851851851853, 222.90625, 199.1081081081081, 183.55, 235.03333333333333, 219.7, 206.46875, 227.8181818181818, 237.41379310344828, 260.44444444444446, 280.8695652173913, 354.5238095238095, 284.1304347826087, 316.1363636363636, 367.77777777777777, 293, 287.88, 290.1666666666667, 276.4, 295.7083333333333, 236.75, 276.5, 257.7692307692308, 206.94117647058823, 245.43333333333334, 291, 303, 316.1904761904762, 274.04, 274.5769230769231, 206.34285714285716, 228.86666666666667, 176.04761904761904, 169.3181818181818, 162.7608695652174, 141.1346153846154, 156.35416666666666, 113.05882352941177, 163.30434782608697, 197.13513513513513, 184.2, 193.05, 220.21212121212122, 205.44117647058823, 224.90625, 208.54545454545453, 187.1219512195122, 206.5151515151515, 217.25, 218, 196.6578947368421, 188.425, 193.75675675675674, 241.5, 217.91176470588235, 229.06451612903226, 354.88235294117646, 387.8888888888889, 384.2105263157895, 362.94117647058823, 397.1764705882353, 429.4375, 371.8333333333333, 406.25, 374.47058823529414, 395.7647058823529, 367.42105263157896, 425.11764705882354, 383.3333333333333, 410.625, 422.3529411764706, 413.875, 370, 345.5, 358.36842105263156, 389.25, 365.5, 376.2105263157895, 374.3157894736842, 354.10526315789474, 301.22727272727275, 286.5217391304348, 298.5833333333333, 281.08, 295.6521739130435, 278.11538461538464, 288.60869565217394, 309.2083333333333, 290.1304347826087, 308.2173913043478, 301.69565217391306, 258, 259.0344827586207, 278.2307692307692],