{"rewards": [-193.7162560002066, -170.99201016768237, -139.64977960883655, -133.58851635672985, -105.03628281509015, -133.81919029864042, -117.19006696167206, -124.05751784771303, -162.84916608115853, -164.31094642011675, -107.55194299322872, -98.51382066052821, -84.2136088709404, -92.76379602639696, -175.74263233591387, -158.86615702891223, -48.77607985183532, -29.99575718030153, -11.566397848532725, -7.050120500153862, -23.203293295117387, -34.188274052197926, 56.233994780988354, 7.65891187525038, -18.571033332081274, -37.15536566714774, 18.41372045855865, 37.93644872012759, -9.994900105562765, -25.151318652164317, 76.927854784024, -9.067313158215272, 25.179493053726514, 10.901503807408636, 33.62012796782481, 41.068573553500855, -13.654871969794405, 8.149423905919383, 55.000589157046065, 33.82677551772644, 22.407837055600915, 47.197534914167484, 78.73171531930656, 70.18770908415487, 16.249363009612704, 34.43213978756432, 42.80719323065722, 64.07992748748593, 69.61590634840138, 27.777034452984655, -8.732958159675135, 32.81198373297663, -9.451333359096136, 21.84763923767366, 70.78019743645504, -0.25019080759488094, 47.39330047252859, 25.58695222846392, 33.28480939589521, 82.04008135513804, 91.82420941755267, 12.538401224488714, 23.33973134877124], "lengths": [89.48275862068965, 91.62790697674419, 88.3, 93.72619047619048, 95.7, 109.47826086956522, 106.58333333333333, 118.26229508196721, 166.84782608695653, 180.77777777777777, 213.8181818181818, 205.05882352941177, 196.11764705882354, 395.8125, 279.5, 263.7142857142857, 251.54166666666666, 359.6842105263158, 429.92857142857144, 495.1666666666667, 434.14285714285717, 460.7, 740.75, 671.8888888888889, 601.1818181818181, 857.2222222222222, 899.75, 974.875, 825.7777777777778, 865.5, 1000, 798.2222222222222, 860.375, 752.1111111111111, 836.25, 966.375, 792.5555555555555, 837.375, 963.875, 859.25, 802, 942.75, 949, 1000, 824.125, 947.625, 931.625, 1000, 963.75, 918.375, 918.125, 924.25, 878.25, 946.5, 930.75, 814.3333333333334, 918.5, 818.625, 708.4444444444445, 780, 796, 634.2, 883.125], "entropies": [1.366382122039795, 1.355437159538269, 1.3564122915267944, 1.3511003255844116, 1.3440637588500977, 1.3417572975158691, 1.3481467962265015, 1.345462441444397, 1.3461002111434937, 1.355468988418579, 1.3577814102172852, 1.3557713031768799, 1.3478697538375854, 1.3322949409484863, 1.3290358781814575, 1.3138244152069092, 1.2951637506484985, 1.2930744886398315, 1.2659800052642822, 1.245915174484253, 1.24448561668396, 1.2299525737762451, 1.2032458782196045, 1.2001190185546875, 1.189291000366211, 1.1432230472564697, 1.1662278175354004, 1.1536203622817993, 1.1662311553955078, 1.1591002941131592, 1.1621901988983154, 1.096203088760376, 1.1384401321411133, 1.1600759029388428, 1.1469805240631104, 1.1262041330337524, 1.086526870727539, 1.0405858755111694, 1.011497974395752, 1.1528499126434326, 1.1565687656402588, 1.1168662309646606, 1.0440361499786377, 1.0508795976638794, 1.0577285289764404, 1.040201187133789, 1.0497989654541016, 1.044930338859558, 1.0330522060394287, 1.0121135711669922, 1.014723300933838, 1.110376000404358, 1.1157180070877075, 1.1096409559249878, 1.1409332752227783, 1.132957100868225, 1.1161760091781616, 1.0780961513519287, 1.0820224285125732, 1.0613279342651367, 1.0775490999221802, 1.080902099609375, 1.0576773881912231, 1.0529221296310425, 1.0346484184265137, 1.0190404653549194, 1.1327170133590698, 1.1129040718078613, 1.1009762287139893, 1.0847007036209106, 1.0934653282165527, 1.090829849243164, 1.039522647857666, 1.0219533443450928, 1.0121018886566162, 1.0457805395126343, 1.0231692790985107, 1.0228044986724854, 1.0354102849960327, 1.0119506120681763, 1.0168845653533936, 1.0698115825653076, 1.0776658058166504, 1.0783822536468506, 1.0117509365081787, 1.0067617893218994, 1.0169384479522705, 1.0394692420959473, 1.046269416809082, 1.0435503721237183, 1.038719654083252, 1.0286166667938232, 1.0271775722503662, 1.0046892166137695, 1.0093659162521362, 1.0304577350616455, 0.9902740716934204, 0.973298192024231, 0.977033257484436, 0.9429870843887329, 0.9477059245109558, 0.9476611614227295, 0.9606832265853882, 0.9790641069412231, 0.9697271585464478, 0.9878870844841003, 1.0091264247894287, 1.0040597915649414, 1.0224394798278809, 1.0212082862854004, 1.0284030437469482, 0.9725329875946045, 0.9676336050033569, 0.966291069984436, 1.0516457557678223, 1.0549077987670898, 1.0527002811431885, 0.9887310266494751, 0.9674569368362427, 0.9800288081169128, 0.993026852607727, 1.0005545616149902, 0.9735445380210876, 0.9896172881126404, 0.9823500514030457, 1.0030951499938965, 1.063139796257019, 1.0727578401565552, 1.0568196773529053, 1.1018785238265991, 1.087767243385315, 1.0862207412719727, 1.051624059677124, 1.029654622077942, 1.0383272171020508, 0.9867304563522339, 0.9867565631866455, 0.9921364784240723, 1.026029109954834, 0.9891405701637268, 0.9961240887641907, 1.0276139974594116, 1.0133274793624878, 1.0134398937225342, 0.9367351531982422, 0.919468879699707, 0.90254807472229, 1.0103633403778076, 0.998209536075592, 0.984907329082489, 0.9900445342063904, 1.000701904296875, 0.9825422763824463, 0.946980893611908, 0.9397406578063965, 0.9380115270614624, 0.9461988210678101, 0.9347212314605713, 0.9338627457618713, 0.9985808730125427, 1.0072953701019287, 1.0094635486602783, 0.9191269874572754, 0.9273812770843506, 0.9295357465744019, 0.9225145578384399, 0.9333127737045288, 0.9381027817726135, 0.9802797436714172, 0.9976847171783447, 0.9798135757446289, 0.9494748115539551, 0.9545611143112183, 0.9766270518302917, 0.9762676954269409, 0.9607243537902832, 0.9400087594985962, 0.9142716526985168, 0.9161914587020874, 0.9412766695022583, 0.941496729850769, 0.9413472414016724, 0.9513289928436279, 0.9344809055328369, 0.889233410358429, 0.92137610912323, 0.9798630475997925, 0.9730609059333801, 0.9907222986221313]}