{"rewards": [29.187725631768952, 33.29045643153527, 41.88421052631579, 47.55421686746988, 52.54248366013072, 67.34782608695652, 85.26666666666667, 89.64367816091954, 120.0923076923077, 128.96491228070175, 193.71794871794873, 174.41463414634146, 151.25, 180.575, 203.88571428571427, 204.1081081081081, 201.51351351351352, 185.21621621621622, 216.0, 212.55882352941177, 187.6, 268.5769230769231, 196.1081081081081, 237.79310344827587, 276.85185185185185, 277.88, 251.55555555555554, 200.17142857142858, 229.38709677419354, 205.75, 224.36363636363637, 233.65625, 190.9189189189189, 202.2972972972973, 217.875, 236.5, 272.46153846153845, 242.48387096774192, 226.67741935483872, 229.82758620689654, 274.24, 275.2, 268.48, 248.07142857142858, 256.2857142857143, 208.77142857142857, 269.0, 249.82142857142858, 248.77777777777777, 275.92, 246.6551724137931, 193.33333333333334, 249.75, 253.33333333333334, 263.77777777777777, 230.6451612903226, 237.8, 233.1290322580645, 213.87878787878788, 251.57142857142858, 279.962962962963, 255.78571428571428, 238.24137931034483, 254.0, 278.4166666666667, 282.5833333333333, 251.46428571428572, 201.80555555555554, 190.0, 186.7, 240.48275862068965, 251.53571428571428, 253.28571428571428, 304.2608695652174, 385.5882352941176, 310.9130434782609, 274.0416666666667, 261.7857142857143, 288.6, 282.28, 247.5, 292.0, 238.2258064516129, 238.83333333333334, 234.1, 214.3235294117647, 188.3846153846154, 218.12121212121212, 220.3030303030303, 234.19354838709677, 219.625, 230.19354838709677, 238.96774193548387, 236.41935483870967, 237.82758620689654, 189.57894736842104, 225.71875, 189.23076923076923, 216.8181818181818, 187.675, 224.45454545454547, 190.92105263157896, 215.65714285714284, 232.6451612903226, 243.73333333333332, 231.70967741935485, 243.96774193548387, 230.61290322580646, 238.7741935483871, 261.35714285714283, 246.67741935483872, 256.67857142857144, 231.25806451612902, 234.06451612903226, 234.25806451612902, 240.26666666666668, 240.83333333333334, 244.93548387096774, 253.60714285714286, 234.7741935483871, 253.41379310344828, 279.04], "lengths": [29.187725631768952, 33.29045643153527, 41.88421052631579, 47.55421686746988, 52.54248366013072, 67.34782608695652, 85.26666666666667, 89.64367816091954, 120.0923076923077, 128.96491228070175, 193.71794871794873, 174.41463414634146, 151.25, 180.575, 203.88571428571427, 204.1081081081081, 201.51351351351352, 185.21621621621622, 216, 212.55882352941177, 187.6, 268.5769230769231, 196.1081081081081, 237.79310344827587, 276.85185185185185, 277.88, 251.55555555555554, 200.17142857142858, 229.38709677419354, 205.75, 224.36363636363637, 233.65625, 190.9189189189189, 202.2972972972973, 217.875, 236.5, 272.46153846153845, 242.48387096774192, 226.67741935483872, 229.82758620689654, 274.24, 275.2, 268.48, 248.07142857142858, 256.2857142857143, 208.77142857142857, 269, 249.82142857142858, 248.77777777777777, 275.92, 246.6551724137931, 193.33333333333334, 249.75, 253.33333333333334, 263.77777777777777, 230.6451612903226, 237.8, 233.1290322580645, 213.87878787878788, 251.57142857142858, 279.962962962963, 255.78571428571428, 238.24137931034483, 254, 278.4166666666667, 282.5833333333333, 251.46428571428572, 201.80555555555554, 190, 186.7, 240.48275862068965, 251.53571428571428, 253.28571428571428, 304.2608695652174, 385.5882352941176, 310.9130434782609, 274.0416666666667, 261.7857142857143, 288.6, 282.28, 247.5, 292, 238.2258064516129, 238.83333333333334, 234.1, 214.3235294117647, 188.3846153846154, 218.12121212121212, 220.3030303030303, 234.19354838709677, 219.625, 230.19354838709677, 238.96774193548387, 236.41935483870967, 237.82758620689654, 189.57894736842104, 225.71875, 189.23076923076923, 216.8181818181818, 187.675, 224.45454545454547, 190.92105263157896, 215.65714285714284, 232.6451612903226, 243.73333333333332, 231.70967741935485, 243.96774193548387, 230.61290322580646, 238.7741935483871, 261.35714285714283, 246.67741935483872, 256.67857142857144, 231.25806451612902, 234.06451612903226, 234.25806451612902, 240.26666666666668, 240.83333333333334, 244.93548387096774, 253.60714285714286, 234.7741935483871, 253.41379310344828, 279.04],