{"rewards": [16.695121951219512, 20.156521739130437, 22.80821917808219, 30.25, 38.627450980392155, 45.458015267175576, 55.5929203539823, 72.5, 76.25, 105.34920634920636, 113.8103448275862, 142.52, 137.5686274509804, 196.97222222222223, 153.13636363636363, 184.62857142857143], "lengths": [16.695121951219512, 20.156521739130437, 22.80821917808219, 30.25, 38.627450980392155, 45.458015267175576, 55.5929203539823, 72.5, 76.25, 105.34920634920636, 113.8103448275862, 142.52, 137.5686274509804, 196.97222222222223, 153.13636363636363, 184.62857142857143], "entropies": [0.679783840974172, 0.6812641620635986, 0.6838451623916626, 0.6458215912183126, 0.6540267666180929, 0.6121245622634888, 0.590580960114797, 0.5707594354947408, 0.6363144119580587, 0.5580218036969503, 0.6053671638170878, 0.6134051481882731, 0.5906431873639425, 0.5899085402488708, 0.5549121896425883, 0.5759703119595846]}