{"rewards": [22.284530386740332, 16.585714285714285, 23.155172413793103, 20.51645569620253, 27.82867132867133, 28.652482269503547], "lengths": [22.284530386740332, 16.585714285714285, 23.155172413793103, 20.51645569620253, 27.82867132867133, 28.652482269503547], "entropies": [0.680298904577891, 0.6798230409622192, 0.6874799529711405, 0.6835370461146036, 0.6910660266876221, 0.6899715463320414]}