{"rewards": [-319.62956582933543, -451.2176604659285, -480.5671224487168, -460.3759268863005, -519.9731328703716, -441.6829548985417, -430.0256878209677], "lengths": [99.21739130434783, 92.29761904761905, 94.13414634146342, 97.1, 100.83116883116882, 110.1304347826087, 114.74242424242425], "entropies": [2.4553098678588867, 3.0698623657226562, 3.629481554031372, 4.547548294067383, 4.888205051422119, 5.422725677490234, 6.215157508850098, 7.027264595031738, 8.082505226135254, 9.786822319030762, 11.5276460647583, 13.26762580871582, 15.214399337768555, 17.02691650390625, 18.960325241088867, 20.548189163208008, 23.424184799194336, 25.8728084564209, 27.540485382080078, 29.01833152770996, 30.45586395263672]}