{"rewards": [-230.23921041964775, -292.1540813636619, -406.38291572895474, -281.64689853954445, -413.0746327628332, -401.95865978844887, -332.80820775282336, -186.4618646784636, -244.12222036319014, -353.32772586574697, -188.53414902521405, -220.99056888794837, -291.65366384981485, -300.86085742959375, -232.9042084662379, -258.99144605627157, -381.56923427128163, -248.97766768012337], "lengths": [100, 100, 100, 100, 100, 100, 100, 100, 100, 100, 100, 100, 100, 100, 100, 100, 100, 100], "entropies": [19.421112060546875, 16.585468292236328, 19.07213020324707, 18.206180572509766, 19.11615753173828, 18.31867218017578, 17.185985565185547, 17.286026000976562, 17.475378036499023, 17.640581130981445, 17.809432983398438, 17.94554901123047, 18.041658401489258, 18.113386154174805, 18.166767120361328, 18.21063995361328, 18.27880096435547, 18.348682403564453, 18.414627075195312, 18.498104095458984, 18.580434799194336, 19.995407104492188, 19.97803497314453, 20.21637725830078, 20.27497100830078, 20.377910614013672, 20.403600692749023, 18.399057388305664, 18.357929229736328, 18.62173843383789, 18.601154327392578, 18.7626953125, 18.927562713623047, 19.036563873291016, 19.088504791259766, 19.070863723754883, 19.034467697143555, 19.065893173217773, 19.12460708618164, 19.1859130859375, 19.223388671875, 19.241268157958984, 19.22801971435547, 19.210155487060547, 19.18142318725586, 19.135040283203125, 19.11475372314453, 19.121318817138672, 19.155017852783203, 19.186351776123047, 19.211315155029297, 19.22379493713379, 19.21216583251953, 19.180856704711914]}