{"rewards": [-204.06596517041888, -215.35401340510583, -224.08048229442247, -237.72186763144916, -308.9366181809493, -325.1993002480927, -269.8225007555345, -245.64370800599417, -303.1940634381577, -280.7895221279528, -280.6527708471315], "lengths": [111.68115942028986, 111.50769230769231, 126.37096774193549, 110.86764705882354, 111.47058823529412, 114.97058823529412, 112.23076923076923, 113, 113.1159420289855, 118.15384615384616, 143.10714285714286], "entropies": [-0.49800050258636475, -0.4524852931499481, -0.4873596429824829, -0.5084023475646973, -0.3217427730560303, -0.4423866868019104, -0.48599380254745483, -0.37992650270462036, -0.34209558367729187, -0.28201863169670105, -0.4225088953971863, -0.22653207182884216, -0.22179564833641052, -0.21325147151947021, -0.14839650690555573, -0.1440213918685913, -0.1758776754140854, -0.16719146072864532, -0.21616607904434204, -0.14579062163829803, -0.1563931405544281, 0.20991891622543335, 0.1825798600912094, -0.1838957518339157, -0.11610212177038193, -0.0739944651722908, -0.0709214061498642, -0.06743970513343811, -0.057946424931287766, -0.04412525147199631, -0.05341119319200516, -0.09677109867334366, -0.043861273676157]}