{"rewards": [21.761394101876675, 24.345345345345347, 25.015479876160992, 24.484756097560975, 21.532085561497325, 20.8659793814433, 23.669590643274855, 25.996753246753247, 23.952802359882007, 18.906542056074766, 23.08595988538682, 23.056980056980056, 21.141361256544503, 20.43073047858942, 20.133995037220842, 19.870098039215687, 24.34234234234234, 25.84565916398714, 24.48048048048048, 25.096875], "lengths": [21.761394101876675, 24.345345345345347, 25.015479876160992, 24.484756097560975, 21.532085561497325, 20.8659793814433, 23.669590643274855, 25.996753246753247, 23.952802359882007, 18.906542056074766, 23.08595988538682, 23.056980056980056, 21.141361256544503, 20.43073047858942, 20.133995037220842, 19.870098039215687, 24.34234234234234, 25.84565916398714, 24.48048048048048, 25.096875], "entropies": [0.6886884967486063, 0.6842449108759562, 0.6821797688802084, 0.636906365553538, 0.639387051264445, 0.674507220586141, 0.6778862476348877, 0.6537231206893921, 0.613462766011556, 0.6420159339904785, 0.6281709472338358, 0.6650630831718445, 0.661745548248291, 0.6339302460352579, 0.6668083469072977, 0.6512353420257568, 0.6858541965484619, 0.6822210152943929, 0.6451277732849121, 0.6233149568239847]}