{"debug": false, "env_name": "CartPole-v1", "state_dim": 4, "n_actions": 2, "continuous_control": false, "horizon": 1024, "workers": 8, "discount": 0.99, "learning_rate": 0.001, "clip": 0.2, "c_entropy": 0.009999999776482582, "c_value": 0.5, "lam": 0.95, "gradient_clipping": null, "clip_values": true, "tbptt_length": 1, "builder_function_name": "build_ffn_distinct_models", "is_recurrent": false, "iteration": 19, "current_fps": 136.9042612843619, "device": "CPU:0", "model_export_dir": "storage/saved_models/exports/", "agent_id": 1575487211, "agent_directory": "storage/saved_models/states//1575487211/", "total_frames_seen": 163840, "total_episodes_seen": 983, "episode_reward_history": [43.0, 83.0, 12.0, 55.0, 18.0, 16.0, 21.0, 13.0, 18.0, 17.0, 19.0, 11.0, 36.0, 22.0, 33.0, 19.0, 14.0, 19.0, 16.0, 31.0, 22.0, 16.0, 24.0, 13.0, 50.0, 25.0, 29.0, 12.0, 31.0, 54.0, 14.0, 65.0, 28.0, 28.0, 43.0, 14.0, 39.0, 27.0, 41.0, 28.0, 16.0, 17.0, 25.0, 11.0, 20.0, 22.0, 17.0, 19.0, 15.0, 20.0, 39.0, 23.0, 25.0, 20.0, 38.0, 20.0, 67.0, 17.0, 11.0, 21.0, 13.0, 30.0, 30.0, 24.0, 13.0, 21.0, 69.0, 11.0, 16.0, 35.0, 29.0, 18.0, 27.0, 46.0, 30.0, 11.0, 24.0, 41.0, 19.0, 16.0, 35.0, 16.0, 9.0, 28.0, 19.0, 33.0, 25.0, 26.0, 24.0, 85.0, 13.0, 17.0, 30.0, 18.0, 21.0, 30.0, 19.0, 17.0, 26.0, 19.0, 16.0, 23.0, 58.0, 23.0, 23.0, 21.0, 38.0, 15.0, 11.0, 30.0, 39.0, 21.0, 32.0, 31.0, 22.0, 37.0, 38.0, 45.0, 23.0, 15.0, 41.0, 39.0, 11.0, 16.0, 21.0, 16.0, 18.0, 18.0, 73.0, 13.0, 34.0, 22.0, 20.0, 33.0, 23.0, 15.0, 17.0, 18.0, 18.0, 17.0, 22.0, 43.0, 11.0, 29.0, 24.0, 110.0, 21.0, 15.0, 26.0, 20.0, 19.0, 31.0, 12.0, 22.0, 26.0, 17.0, 21.0, 22.0, 13.0, 25.0, 11.0, 10.0, 12.0, 23.0, 18.0, 30.0, 22.0, 17.0, 14.0, 18.0, 24.0, 12.0, 12.0, 67.0, 23.0, 18.0, 29.0, 17.0, 14.0, 13.0, 22.0, 11.0, 45.0, 16.0, 25.0, 11.0, 21.0, 17.0, 40.0, 14.0, 21.0, 12.0, 28.0, 71.0, 28.0, 25.0, 15.0, 37.0, 15.0, 18.0, 15.0, 11.0, 9.0, 16.0, 45.0, 11.0, 51.0, 27.0, 17.0, 16.0, 16.0, 25.0, 36.0, 17.0, 13.0, 11.0, 33.0, 24.0, 21.0, 23.0, 16.0, 36.0, 12.0, 13.0, 40.0, 13.0, 16.0, 64.0, 14.0, 58.0, 14.0, 19.0, 35.0, 33.0, 31.0, 14.0, 46.0, 31.0, 21.0, 14.0, 40.0, 10.0, 9.0, 14.0, 27.0, 31.0, 31.0, 31.0, 23.0, 18.0, 45.0, 9.0, 17.0, 31.0, 14.0, 31.0, 20.0, 25.0, 15.0, 22.0, 15.0, 22.0, 25.0, 19.0, 9.0, 13.0, 30.0, 18.0, 52.0, 10.0, 24.0, 50.0, 21.0, 27.0, 32.0, 25.0, 25.0, 36.0, 27.0, 33.0, 16.0, 22.0, 19.0, 15.0, 27.0, 45.0, 28.0, 19.0, 43.0, 18.0, 12.0, 15.0, 31.0, 35.0, 39.0, 13.0, 15.0, 26.0, 16.0, 28.0, 31.0, 22.0, 26.0, 15.0, 28.0, 23.0, 14.0, 24.0, 26.0, 18.0, 17.0, 20.0, 103.0, 11.0, 13.0, 9.0, 19.0, 18.0, 14.0, 15.0, 19.0, 35.0, 13.0, 20.0, 15.0, 20.0, 49.0, 39.0, 16.0, 78.0, 14.0, 17.0, 104.0, 31.0, 50.0, 58.0, 26.0, 28.0, 36.0, 24.0, 27.0, 21.0, 59.0, 50.0, 37.0, 28.0, 15.0, 15.0, 27.0, 15.0, 52.0, 17.0, 21.0, 31.0, 19.0, 25.0, 63.0, 46.0, 28.0, 19.0, 24.0, 32.0, 67.0, 28.0, 12.0, 19.0, 14.0, 23.0, 20.0, 13.0, 18.0, 60.0, 23.0, 34.0, 35.0, 27.0, 37.0, 70.0, 69.0, 25.0, 18.0, 28.0, 34.0, 57.0, 12.0, 40.0, 21.0, 30.0, 12.0, 53.0, 38.0, 50.0, 18.0, 19.0, 67.0, 49.0, 37.0, 18.0, 62.0, 39.0, 54.0, 16.0, 43.0, 49.0, 24.0, 20.0, 35.0, 29.0, 45.0, 44.0, 57.0, 44.0, 10.0, 49.0, 59.0, 75.0, 55.0, 33.0, 19.0, 32.0, 26.0, 13.0, 66.0, 18.0, 18.0, 30.0, 36.0, 17.0, 51.0, 45.0, 49.0, 15.0, 61.0, 50.0, 43.0, 31.0, 40.0, 30.0, 20.0, 20.0, 44.0, 38.0, 23.0, 57.0, 59.0, 26.0, 25.0, 55.0, 49.0, 15.0, 37.0, 49.0, 66.0, 29.0, 21.0, 12.0, 37.0, 73.0, 79.0, 32.0, 22.0, 44.0, 44.0, 25.0, 40.0, 18.0, 42.0, 37.0, 19.0, 17.0, 50.0, 36.0, 15.0, 41.0, 31.0, 25.0, 32.0, 31.0, 16.0, 32.0, 80.0, 28.0, 35.0, 27.0, 24.0, 82.0, 27.0, 21.0, 32.0, 14.0, 26.0, 32.0, 40.0, 40.0, 90.0, 38.0, 52.0, 25.0, 55.0, 55.0, 22.0, 23.0, 22.0, 15.0, 61.0, 27.0, 34.0, 36.0, 50.0, 26.0, 33.0, 35.0, 20.0, 37.0, 10.0, 41.0, 19.0, 52.0, 50.0, 16.0, 40.0, 19.0, 18.0, 24.0, 39.0, 60.0, 25.0, 20.0, 43.0, 73.0, 48.0, 12.0, 37.0, 38.0, 50.0, 48.0, 33.0, 31.0, 25.0, 20.0, 50.0, 33.0, 30.0, 14.0, 20.0, 13.0, 23.0, 50.0, 60.0, 14.0, 40.0, 32.0, 26.0, 41.0, 60.0, 66.0, 98.0, 15.0, 215.0, 18.0, 50.0, 229.0, 10.0, 86.0, 39.0, 26.0, 127.0, 77.0, 114.0, 125.0, 79.0, 93.0, 85.0, 27.0, 47.0, 111.0, 17.0, 40.0, 49.0, 23.0, 95.0, 40.0, 92.0, 14.0, 59.0, 92.0, 34.0, 51.0, 17.0, 29.0, 72.0, 55.0, 85.0, 171.0, 32.0, 26.0, 30.0, 53.0, 64.0, 105.0, 69.0, 11.0, 93.0, 126.0, 43.0, 90.0, 45.0, 33.0, 56.0, 57.0, 61.0, 30.0, 68.0, 103.0, 74.0, 92.0, 106.0, 36.0, 65.0, 21.0, 87.0, 78.0, 133.0, 79.0, 50.0, 71.0, 82.0, 129.0, 28.0, 25.0, 101.0, 51.0, 21.0, 29.0, 43.0, 13.0, 66.0, 47.0, 9.0, 60.0, 19.0, 14.0, 75.0, 118.0, 119.0, 49.0, 18.0, 34.0, 137.0, 61.0, 24.0, 85.0, 45.0, 68.0, 73.0, 121.0, 57.0, 44.0, 55.0, 82.0, 186.0, 55.0, 33.0, 71.0, 68.0, 82.0, 35.0, 85.0, 128.0, 98.0, 159.0, 60.0, 139.0, 132.0, 89.0, 28.0, 19.0, 163.0, 79.0, 114.0, 238.0, 42.0, 208.0, 68.0, 106.0, 233.0, 44.0, 281.0, 248.0, 182.0, 183.0, 355.0, 209.0, 126.0, 133.0, 165.0, 181.0, 216.0, 183.0, 96.0, 147.0, 160.0, 366.0, 44.0, 289.0, 127.0, 111.0, 263.0, 104.0, 199.0, 167.0, 151.0, 46.0, 271.0, 158.0, 37.0, 26.0, 320.0, 290.0, 374.0, 284.0, 254.0, 358.0, 265.0, 230.0, 280.0, 417.0, 500.0, 78.0, 150.0, 144.0, 331.0, 233.0, 141.0, 308.0, 209.0, 210.0, 314.0, 281.0, 182.0, 360.0, 227.0, 218.0, 272.0, 407.0, 402.0, 500.0, 438.0, 500.0, 500.0, 500.0, 500.0, 500.0, 278.0, 384.0, 349.0, 500.0, 500.0, 500.0, 500.0, 500.0, 500.0, 500.0, 500.0, 500.0, 500.0, 283.0, 500.0, 500.0, 500.0, 500.0, 500.0, 500.0, 500.0, 500.0, 500.0, 500.0, 500.0, 500.0, 500.0, 486.0, 500.0, 500.0, 500.0, 500.0, 409.0, 444.0, 500.0, 500.0, 500.0, 500.0, 500.0, 500.0, 500.0, 500.0, 500.0, 500.0, 500.0, 500.0, 500.0, 500.0, 500.0, 500.0, 500.0, 500.0, 500.0, 500.0, 500.0, 500.0, 500.0, 500.0, 500.0, 500.0, 500.0, 500.0, 500.0, 500.0, 500.0, 500.0, 500.0, 500.0, 500.0, 500.0, 500.0, 500.0, 500.0, 500.0, 500.0, 470.0, 500.0, 500.0, 500.0, 500.0, 500.0, 500.0, 500.0, 500.0, 500.0, 500.0, 500.0, 500.0, 500.0, 500.0, 500.0, 500.0, 500.0, 324.0, 475.0, 500.0, 500.0, 500.0, 500.0, 500.0, 500.0, 500.0, 500.0, 500.0, 500.0, 500.0, 500.0, 500.0, 500.0, 500.0, 500.0, 500.0, 500.0, 500.0, 500.0, 500.0, 500.0, 500.0, 500.0, 500.0, 500.0, 500.0, 500.0, 500.0, 500.0, 500.0, 500.0, 500.0, 500.0, 500.0, 500.0, 500.0, 500.0, 500.0, 500.0, 500.0, 500.0, 500.0, 500.0, 500.0, 500.0, 500.0, 500.0, 500.0, 500.0, 500.0, 500.0, 500.0, 500.0, 500.0, 500.0, 500.0, 500.0, 500.0, 500.0, 500.0, 500.0, 500.0, 500.0, 500.0, 500.0, 500.0, 500.0, 500.0, 500.0, 500.0, 414.0, 500.0, 500.0, 500.0, 500.0, 500.0, 500.0, 500.0, 500.0, 500.0, 500.0, 500.0, 500.0, 500.0, 500.0, 500.0, 500.0, 500.0, 500.0, 500.0, 500.0, 500.0, 500.0, 500.0, 247.0, 500.0, 500.0, 500.0, 500.0, 500.0, 500.0, 500.0, 500.0, 500.0, 500.0, 500.0, 500.0, 500.0, 500.0, 500.0, 500.0, 500.0, 500.0, 500.0, 500.0, 500.0, 500.0, 500.0, 500.0, 500.0, 500.0, 500.0, 500.0, 500.0, 500.0, 500.0, 500.0, 500.0, 500.0, 500.0, 500.0, 500.0, 500.0, 473.0],