{"rewards": [17.40343347639485, 21.757412398921833, 32.60323886639676], "lengths": [17.40343347639485, 21.757412398921833, 32.60323886639676], "entropies": [0.6898671388626099, 0.6917117834091187, 0.6905945539474487, 0.686408519744873, 0.6839926838874817, 0.6822963953018188, 0.6570897698402405, 0.6498139500617981, 0.6484348177909851]}