{"rewards": [19.965087281795512, 27.828178694158076, 35.55855855855856, 48.95, 67.8859649122807, 89.66666666666667, 118.54545454545455, 157.79591836734693, 229.71875, 295.7083333333333], "lengths": [19.965087281795512, 27.828178694158076, 35.55855855855856, 48.95, 67.8859649122807, 89.66666666666667, 118.54545454545455, 157.79591836734693, 229.71875, 295.7083333333333], "entropies": [0.6887231469154358, 0.6874223351478577, 0.6865205764770508, 0.672732412815094, 0.6664316654205322, 0.6643995046615601, 0.6454724073410034, 0.6415878534317017, 0.6403322815895081, 0.6188777089118958, 0.6145046949386597, 0.6151508688926697, 0.6099597811698914, 0.603179931640625, 0.6034836173057556, 0.6022465229034424, 0.5957416296005249, 0.5954173803329468, 0.6044871211051941, 0.5979819297790527, 0.5954562425613403, 0.5991801023483276, 0.5956650376319885, 0.5909720659255981, 0.5946118235588074, 0.59627765417099, 0.5941935777664185, 0.5948692560195923, 0.5899068713188171, 0.5801901817321777]}