{"rewards": [22.623955431754876, 31.185328185328185, 42.41269841269841, 67.51724137931035, 106.38028169014085, 137.17543859649123, 142.73076923076923, 168.63636363636363], "lengths": [22.623955431754876, 31.185328185328185, 42.41269841269841, 67.51724137931035, 106.38028169014085, 137.17543859649123, 142.73076923076923, 168.63636363636363], "entropies": [0.6842758258183798, 0.6555721163749695, 0.632009486357371, 0.6111919482549032, 0.5877892971038818, 0.5511797269185384, 0.5234276254971822, 0.5117978453636169]}