{"rewards": [17.87224669603524, 23.12, 33.85232067510549, 46.16374269005848, 76.00980392156863], "lengths": [17.87224669603524, 23.12, 33.85232067510549, 46.16374269005848, 76.00980392156863], "entropies": [0.6906223893165588, 0.6924864053726196, 0.6920337677001953, 0.6838513612747192, 0.6823388338088989, 0.6808986663818359, 0.6564011573791504, 0.6496238112449646, 0.6500528454780579, 0.6280046701431274, 0.6169921159744263, 0.617883563041687, 0.6126180291175842, 0.6026903390884399, 0.6019175052642822]}