{"rewards": [20.36272040302267, 20.663265306122447, 20.26, 20.5746835443038, 21.742627345844504, 20.16209476309227, 20.861182519280206, 21.01038961038961, 20.393483709273184, 20.85089974293059, 19.78484107579462, 20.785166240409207, 21.23015873015873, 20.225563909774436, 21.56382978723404, 20.77948717948718], "lengths": [20.36272040302267, 20.663265306122447, 20.26, 20.5746835443038, 21.742627345844504, 20.16209476309227, 20.861182519280206, 21.01038961038961, 20.393483709273184, 20.85089974293059, 19.78484107579462, 20.785166240409207, 21.23015873015873, 20.225563909774436, 21.56382978723404, 20.77948717948718], "entropies": [NaN, NaN, NaN, NaN, NaN, NaN, NaN, NaN, NaN, NaN, NaN, NaN, NaN, NaN, NaN, NaN, NaN, NaN, NaN, NaN, NaN, NaN, NaN, NaN, NaN, NaN, NaN, NaN, NaN, NaN, NaN, NaN, NaN, NaN, NaN, NaN, NaN, NaN, NaN, NaN, NaN, NaN, NaN, NaN, NaN, NaN, NaN, NaN]}