{"rewards": [17.951327433628318, 26.377850162866448, 41.92670157068063, 64.41129032258064, 122.921875, 185.7560975609756, 198.8108108108108, 471.125, 496.375, 495.3125, 500.0], "lengths": [17.951327433628318, 26.377850162866448, 41.92670157068063, 64.41129032258064, 122.921875, 185.7560975609756, 198.8108108108108, 471.125, 496.375, 495.3125, 500], "entropies": [0.6894883712132772, 0.6655002435048422, 0.6269482572873434, 0.5935795108477274, 0.5900180538495382, 0.574763298034668, 0.5525161425272623, 0.5365273356437683, 0.5367124875386556, 0.5234107176462809, 0.5136256217956543]}