{"rewards": [19.509677419354837, 22.44927536231884, 27.66949152542373, 39.74251497005988, 37.232044198895025, 41.900621118012424, 39.94705882352941, 37.00558659217877, 38.235955056179776], "lengths": [19.509677419354837, 22.44927536231884, 27.66949152542373, 39.74251497005988, 37.232044198895025, 41.900621118012424, 39.94705882352941, 37.00558659217877, 38.235955056179776], "entropies": [0.6931333343187968, 0.6931337316830953, 0.6931424935658773, 0.6931250294049581, 0.6931372284889221, 0.6931459506352743, 0.6931340297063192, 0.6931016643842062, 0.6930705110232035]}