{"rewards": [20.2, 26.038709677419355, 30.968992248062015, 38.81463414634146, 41.963157894736845, 48.31481481481482, 45.87134502923977, 68.14782608695653, 69.58035714285714, 74.66990291262135, 98.63291139240506, 117.29230769230769, 128.20338983050848, 111.84615384615384, 152.79591836734693, 169.8372093023256, 154.59183673469389, 145.56, 163.30434782608697, 180.5, 149.36, 224.57575757575756, 194.6216216216216, 172.1860465116279, 194.59459459459458, 200.75675675675674, 192.39473684210526, 227.46666666666667, 221.90625, 213.0625, 243.19354838709677, 241.58620689655172, 258.8965517241379, 250.5, 247.24137931034483, 231.16129032258064, 241.69230769230768, 243.66666666666666, 236.6, 258.35714285714283, 239.51724137931035, 345.9, 277.6, 176.78571428571428, 235.25806451612902, 206.86111111111111, 237.0, 165.95348837209303, 186.25641025641025, 206.9090909090909, 269.2307692307692, 257.86206896551727, 252.75862068965517, 219.84375, 216.87878787878788, 208.43243243243242, 241.86666666666667, 191.25641025641025, 222.6875, 238.83333333333334, 262.39285714285717, 369.1666666666667, 358.55555555555554, 372.52941176470586, 424.9375, 387.94444444444446, 255.14814814814815, 222.65625, 271.0, 342.15, 249.75, 288.9166666666667, 341.7142857142857, 278.6923076923077, 255.19230769230768, 212.51724137931035, 222.28125, 212.2941176470588, 240.42857142857142, 294.48, 388.55555555555554, 383.6111111111111, 333.05, 311.5, 356.22222222222223, 329.04545454545456, 285.9166666666667, 249.86206896551724, 243.86206896551724, 252.4814814814815, 229.67741935483872, 360.2631578947368, 355.22222222222223, 344.6666666666667, 266.11538461538464], "lengths": [20.2, 26.038709677419355, 30.968992248062015, 38.81463414634146, 41.963157894736845, 48.31481481481482, 45.87134502923977, 68.14782608695653, 69.58035714285714, 74.66990291262135, 98.63291139240506, 117.29230769230769, 128.20338983050848, 111.84615384615384, 152.79591836734693, 169.8372093023256, 154.59183673469389, 145.56, 163.30434782608697, 180.5, 149.36, 224.57575757575756, 194.6216216216216, 172.1860465116279, 194.59459459459458, 200.75675675675674, 192.39473684210526, 227.46666666666667, 221.90625, 213.0625, 243.19354838709677, 241.58620689655172, 258.8965517241379, 250.5, 247.24137931034483, 231.16129032258064, 241.69230769230768, 243.66666666666666, 236.6, 258.35714285714283, 239.51724137931035, 345.9, 277.6, 176.78571428571428, 235.25806451612902, 206.86111111111111, 237, 165.95348837209303, 186.25641025641025, 206.9090909090909, 269.2307692307692, 257.86206896551727, 252.75862068965517, 219.84375, 216.87878787878788, 208.43243243243242, 241.86666666666667, 191.25641025641025, 222.6875, 238.83333333333334, 262.39285714285717, 369.1666666666667, 358.55555555555554, 372.52941176470586, 424.9375, 387.94444444444446, 255.14814814814815, 222.65625, 271, 342.15, 249.75, 288.9166666666667, 341.7142857142857, 278.6923076923077, 255.19230769230768, 212.51724137931035, 222.28125, 212.2941176470588, 240.42857142857142, 294.48, 388.55555555555554, 383.6111111111111, 333.05, 311.5, 356.22222222222223, 329.04545454545456, 285.9166666666667, 249.86206896551724, 243.86206896551724, 252.4814814814815, 229.67741935483872, 360.2631578947368, 355.22222222222223, 344.6666666666667, 266.11538461538464], "entropies": [0.6926152110099792, 0.6892246603965759, 0.6856618523597717, 0.6837555170059204, 0.6771867275238037, 0.6680099964141846, 0.656974196434021, 0.6447104215621948, 0.6313908100128174, 0.6492228507995605, 0.6459617614746094, 0.6432631015777588, 0.6496284008026123, 0.6476542949676514, 0.6454347372055054, 0.6336945295333862, 0.6277850866317749, 0.6212714910507202, 0.6305254697799683, 0.6253079175949097, 0.6199173331260681, 0.6278207302093506, 0.6241669654846191, 0.6209173202514648, 0.6008524894714355, 0.5967209339141846, 0.5904186964035034, 0.6163840293884277, 0.6098976135253906, 0.6026332378387451, 0.6339386105537415, 0.6309619545936584, 0.6281732320785522, 0.6083370447158813, 0.610567569732666, 0.6130056977272034, 0.5861302018165588, 0.5835556387901306, 0.5798571705818176, 0.6193544268608093, 0.6158822774887085, 0.6101282835006714, 0.5953267216682434, 0.5935813784599304, 0.5916343927383423, 0.6125383973121643, 0.6068745255470276, 0.5979076027870178, 0.5382665395736694, 0.5381213426589966, 0.5400623679161072, 0.5739142894744873, 0.5699610710144043, 0.5642796754837036, 0.592546820640564, 0.589803159236908, 0.5849584341049194, 0.5481300354003906, 0.5317387580871582, 0.5291250348091125, 0.582484245300293, 0.5688803195953369, 0.5542036294937134, 0.5643985867500305, 0.5631695985794067, 0.5612728595733643, 0.578044056892395, 0.5718801021575928, 0.5641956925392151, 0.5539050102233887, 0.5456783771514893, 0.5337082147598267, 0.5729825496673584, 0.56866455078125, 0.5626763105392456, 0.5908846259117126, 0.588057279586792, 0.5864682197570801, 0.5964534282684326, 0.580639660358429, 0.5530833601951599, 0.5859741568565369, 0.5835829973220825, 0.5808501243591309, 0.5287612676620483, 0.528329610824585, 0.5284715294837952, 0.5890460014343262, 0.5881607532501221, 0.5866330862045288, 0.5535200238227844, 0.551349401473999, 0.5488966107368469, 0.5448821783065796, 0.5437995791435242, 0.5427137613296509, 0.5279135704040527, 0.527229905128479, 0.5270477533340454, 0.5591489672660828, 0.5593069791793823, 0.5593367218971252, 0.5488897562026978, 0.547655463218689, 0.546235203742981, 0.5739980936050415, 0.5723167061805725, 0.5699939727783203, 0.5570656061172485, 0.5571720600128174, 0.5571598410606384, 0.5449623465538025, 0.5410218238830566, 0.5356265902519226, 0.579481840133667, 0.5762141346931458, 0.5725003480911255, 0.5636193156242371, 0.5646599531173706, 0.565713107585907, 0.5500760674476624, 0.5466926097869873, 0.5412557125091553, 0.5114336609840393, 0.5097664594650269, 0.5098071694374084, 0.5354340076446533, 0.5286650657653809, 0.524492084980011, 0.49796062707901, 0.48794856667518616, 0.4850291311740875, 0.521615743637085, 0.4979695677757263, 0.51488196849823, 0.5730360150337219, 0.57110995054245, 0.5712563991546631, 0.5155457258224487, 0.5051647424697876, 0.49474769830703735, 0.5856946706771851, 0.6060560345649719, 0.6041966676712036, 0.5421532392501831, 0.525253176689148, 0.537026047706604, 0.516661524772644, 0.5147953033447266, 0.5132548213005066, 0.5628023743629456, 0.5628910064697266, 0.5624678134918213, 0.5446919798851013, 0.5437893867492676, 0.5418902635574341, 0.5285397171974182, 0.5276483297348022, 0.5262588858604431, 0.5699175000190735, 0.5695675611495972, 0.5695846080780029, 0.5562233924865723, 0.5558424592018127, 0.5549008846282959, 0.4875679016113281, 0.4849877655506134, 0.4807770252227783, 0.5618795156478882, 0.5581494569778442, 0.5542153716087341, 0.5804773569107056, 0.5752583146095276, 0.5693374872207642, 0.563680112361908, 0.564265251159668, 0.5648141503334045, 0.5508700609207153, 0.5495543479919434, 0.5463780164718628, 0.5709975957870483, 0.5674012303352356, 0.5634210109710693, 0.5550105571746826, 0.5531175136566162, 0.5518211126327515, 0.5307289958000183, 0.5313711762428284, 0.5328101515769958, 0.5453972816467285, 0.5456453561782837, 0.5457208156585693, 0.5537995100021362, 0.5528323650360107, 0.5513476133346558, 0.5110750198364258, 0.5110108852386475, 0.5098594427108765, 0.5843095779418945, 0.5805328488349915, 0.5757988691329956, 0.5051442384719849, 0.50035560131073, 0.4933165907859802, 0.538360059261322, 0.5381174087524414, 0.5366129279136658, 0.5627093315124512, 0.5649663209915161, 0.5655782222747803, 0.5515096187591553, 0.5486540794372559, 0.5453319549560547, 0.5374892950057983, 0.5386248826980591, 0.5385902523994446, 0.4918750524520874, 0.4917156994342804, 0.49192968010902405, 0.5879212617874146, 0.5874984860420227, 0.5866538286209106, 0.5680379271507263, 0.5642201900482178, 0.5586497783660889, 0.5264503359794617, 0.5051357746124268, 0.5334450006484985, 0.49842023849487305, 0.48738589882850647, 0.5113494396209717, 0.5340391397476196, 0.5283812284469604, 0.5253028869628906, 0.5076665878295898, 0.5110172629356384, 0.5171879529953003, 