{"rewards": [25.158385093167702, 31.042145593869733, 36.745370370370374, 39.59605911330049, 47.485207100591715, 42.44385026737968, 46.19186046511628, 51.728476821192054, 54.4, 56.77142857142857, 65.8099173553719], "lengths": [25.158385093167702, 31.042145593869733, 36.745370370370374, 39.59605911330049, 47.485207100591715, 42.44385026737968, 46.19186046511628, 51.728476821192054, 54.4, 56.77142857142857, 65.8099173553719], "entropies": [0.6764371395111084, 0.6614851951599121, 0.6529566645622253, 0.662169337272644, 0.6564300060272217, 0.6470742225646973, 0.6418943405151367, 0.6343963146209717, 0.6274394989013672, 0.6395220756530762, 0.6369365453720093, 0.6353164911270142, 0.6490421295166016, 0.6480482816696167, 0.647185206413269, 0.6056365966796875, 0.5969451665878296, 0.585928201675415, 0.600227952003479, 0.5974345803260803, 0.5967793464660645, 0.5836985111236572, 0.5854654908180237, 0.5871902704238892, 0.6291040778160095, 0.6272337436676025, 0.6240091323852539, 0.5908528566360474, 0.5909845232963562, 0.5914517045021057, 0.5994673371315002, 0.5971293449401855, 0.594591498374939]}