{"rewards": [26.86622073578595, 33.27160493827161, 37.28971962616822, 49.94267515923567, 51.841059602649004, 60.03030303030303, 59.54961832061068, 71.09909909909909, 103.27027027027027, 120.90625, 119.71428571428571, 152.89583333333334, 171.78571428571428, 134.77358490566039, 173.02325581395348, 180.525, 189.05405405405406, 179.21951219512195, 171.58139534883722, 201.57142857142858, 213.84848484848484, 212.9090909090909, 187.10256410256412, 212.0, 232.67741935483872], "lengths": [26.86622073578595, 33.27160493827161, 37.28971962616822, 49.94267515923567, 51.841059602649004, 60.03030303030303, 59.54961832061068, 71.09909909909909, 103.27027027027027, 120.90625, 119.71428571428571, 152.89583333333334, 171.78571428571428, 134.77358490566039, 173.02325581395348, 180.525, 189.05405405405406, 179.21951219512195, 171.58139534883722, 201.57142857142858, 213.84848484848484, 212.9090909090909, 187.10256410256412, 212, 232.67741935483872], "entropies": [0.6820922493934631, 0.6747856736183167, 0.6675540208816528, 0.670569658279419, 0.6626923084259033, 0.6552962064743042, 0.662867546081543, 0.6589567065238953, 0.6551573276519775, 0.6602880954742432, 0.6576391458511353, 0.6549736857414246, 0.6339749097824097, 0.63191819190979, 0.6295993328094482, 0.6212073564529419, 0.6179651021957397, 0.6148948073387146, 0.6289551854133606, 0.6286784410476685, 0.6282076239585876, 0.6395469307899475, 0.6386399269104004, 0.6374903321266174, 0.631281852722168, 0.6283965706825256, 0.6258691549301147, 0.6015801429748535, 0.5988019704818726, 0.5949582457542419, 0.5827484130859375, 0.5755962133407593, 0.5665122866630554, 0.5963385105133057, 0.5917025208473206, 0.5841005444526672, 0.5846452713012695, 0.5824359655380249, 0.5795102715492249, 0.6093722581863403, 0.6050770282745361, 0.5985556244850159, 0.5747320652008057, 0.5655410885810852, 0.5593621730804443, 0.6020916700363159, 0.599860429763794, 0.5964868664741516, 0.5599551200866699, 0.5412458777427673, 0.5280072689056396, 0.5825967788696289, 0.5809301137924194, 0.5787672400474548, 0.6122913360595703, 0.6097028255462646, 0.6023271679878235, 0.6003602743148804, 0.6017117500305176, 0.6037958264350891, 0.6137204170227051, 0.6092163920402527, 0.6033578515052795, 0.5526750087738037, 0.5518312454223633, 0.5510683059692383, 0.5718241333961487, 0.5723922848701477, 0.5741653442382812, 0.5399871468544006, 0.5369894504547119, 0.5338233113288879, 0.5573709011077881, 0.5542953014373779, 0.550717830657959]}