{"rewards": [-113.97832900961002, -113.17884765009015, -114.4677053780803, -113.11734335184605, -115.588012371298, -116.5800714759682, -115.47709076344066, -116.4448793925727, -117.50242810857449, -118.88416225755944, -117.87663239127875, -117.80954993153601, -119.42838279517703, -118.99171292436789], "lengths": [75.953125, 78.90697674418605, 80.8780487804878, 70.48837209302326, 78.13414634146342, 77.73684210526316, 79.21794871794872, 76.50704225352112, 79.88235294117646, 82.42857142857143, 79.42424242424242, 81.43298969072166, 91.1046511627907, 87.88888888888889], "entropies": [3.0538992881774902, 3.1058778762817383, 3.0640101432800293, 3.1064956188201904, 3.062778949737549, 3.1196117401123047, 3.075169086456299, 3.066206932067871, 3.056896209716797, 2.903040885925293, 2.8945727348327637, 2.9213218688964844, 3.0264925956726074, 3.0350234508514404, 3.063040018081665, 3.1306264400482178, 3.105645179748535, 3.100294828414917, 2.9612181186676025, 2.995326042175293, 2.966810464859009, 3.2647764682769775, 3.243915557861328, 3.317478656768799, 3.713810443878174, 3.762572765350342, 3.7333836555480957, 3.799180269241333, 3.8426897525787354, 3.8579444885253906, 3.605154037475586, 3.6752567291259766, 3.6768221855163574, 3.6579489707946777, 3.669579029083252, 3.6961376667022705, 3.7999227046966553, 3.794778823852539, 3.7943179607391357, 3.7280118465423584, 3.6912286281585693, 3.7083234786987305]}