{"rewards": [20.81025641025641, 24.724770642201836, 29.098181818181818, 34.317596566523605, 41.494791666666664, 47.35502958579882, 52.3046357615894, 61.7007874015748, 73.95283018867924], "lengths": [20.81025641025641, 24.724770642201836, 29.098181818181818, 34.317596566523605, 41.494791666666664, 47.35502958579882, 52.3046357615894, 61.7007874015748, 73.95283018867924], "entropies": [0.6921588182449341, 0.691495418548584, 0.6890708804130554, 0.6884407997131348, 0.6809273362159729, 0.6686345338821411, 0.670581042766571, 0.6596283912658691, 0.6498384475708008, 0.6341878771781921, 0.6275992393493652, 0.6217998266220093, 0.6590538024902344, 0.6546310782432556, 0.6498489379882812, 0.613662838935852, 0.6056239604949951, 0.5967690944671631, 0.6271442770957947, 0.6245245933532715, 0.6225719451904297, 0.6135098338127136, 0.6118108630180359, 0.6095568537712097, 0.6443454027175903, 0.642275333404541, 0.6392919421195984]}