{"rewards": [17.249466950959487, 24.510703363914374, 37.96650717703349, 62.36507936507937, 79.91836734693878, 131.88135593220338, 186.17073170731706, 213.0857142857143, 275.12, 426.1764705882353, 359.5238095238095, 455.3125, 452.5, 500.0, 481.1875, 489.5, 495.1875, 441.2352941176471, 500.0, 500.0, 496.6875, 500.0, 488.9375], "lengths": [17.249466950959487, 24.510703363914374, 37.96650717703349, 62.36507936507937, 79.91836734693878, 131.88135593220338, 186.17073170731706, 213.0857142857143, 275.12, 426.1764705882353, 359.5238095238095, 455.3125, 452.5, 500, 481.1875, 489.5, 495.1875, 441.2352941176471, 500, 500, 496.6875, 500, 488.9375], "entropies": [0.6901901364326477, 0.6915199756622314, 0.6898947358131409, 0.6820368766784668, 0.6764521598815918, 0.6745483875274658, 0.6512959599494934, 0.6371608972549438, 0.6391721963882446, 0.6274188756942749, 0.6123242378234863, 0.6061589121818542, 0.6038137078285217, 0.5820403099060059, 0.580144464969635, 0.5977953672409058, 0.5847972631454468, 0.5762487053871155, 0.5918662548065186, 0.5865964889526367, 0.584848165512085, 0.5897401571273804, 0.5877658128738403, 0.5868945121765137, 0.5712546706199646, 0.5693807005882263, 0.566368579864502, 0.5698457956314087, 0.5628660917282104, 0.5641128420829773, 0.5673909187316895, 0.5593864321708679, 0.5635054111480713, 0.5591540336608887, 0.5505965352058411, 0.5510768294334412, 0.5574222803115845, 0.5508137941360474, 0.5485333800315857, 0.5720197558403015, 0.5763250589370728, 0.5777183771133423, 0.5728135704994202, 0.5614433288574219, 0.5661043524742126, 0.5659312009811401, 0.5592305064201355, 0.5595377683639526, 0.560434103012085, 0.5625543594360352, 0.5652517080307007, 0.5696642994880676, 0.5595794916152954, 0.5675829648971558, 0.5649454593658447, 0.5532325506210327, 0.5560866594314575, 0.5677571296691895, 0.5634667873382568, 0.5742580890655518, 0.5613358616828918, 0.5668250322341919, 0.552862286567688, 0.5602403879165649, 0.5553486943244934, 0.5501736402511597, 0.5579549670219421, 0.5511748194694519, 0.548333466053009]}