{"debug": false, "env_name": "CartPole-v1", "state_dim": 4, "n_actions": 2, "continuous_control": false, "horizon": 1024, "workers": 8, "discount": 0.99, "learning_rate": 0.001, "clip": 0.2, "c_entropy": 0.009999999776482582, "c_value": 0.5, "lam": 0.95, "gradient_clipping": null, "clip_values": true, "tbptt_length": 16, "builder_function_name": "build_rnn_distinct_models", "is_recurrent": true, "iteration": 19, "current_fps": 668.039924982978, "device": "CPU:0", "model_export_dir": "storage/saved_models/exports/", "agent_id": 1576143618, "agent_directory": "storage/saved_models/states//1576143618/", "total_frames_seen": 163840, "total_episodes_seen": 930, "episode_reward_history": [29.0, 26.0, 21.0, 33.0, 28.0, 18.0, 17.0, 42.0, 13.0, 19.0, 21.0, 13.0, 15.0, 10.0, 24.0, 41.0, 47.0, 36.0, 41.0, 50.0, 15.0, 16.0, 42.0, 13.0, 61.0, 16.0, 66.0, 12.0, 19.0, 13.0, 24.0, 21.0, 44.0, 29.0, 10.0, 11.0, 8.0, 34.0, 19.0, 38.0, 20.0, 11.0, 18.0, 47.0, 27.0, 16.0, 16.0, 13.0, 33.0, 16.0, 14.0, 27.0, 24.0, 25.0, 28.0, 16.0, 17.0, 19.0, 11.0, 23.0, 13.0, 14.0, 20.0, 13.0, 26.0, 12.0, 17.0, 14.0, 44.0, 10.0, 25.0, 29.0, 23.0, 28.0, 50.0, 17.0, 13.0, 23.0, 12.0, 22.0, 26.0, 22.0, 22.0, 13.0, 41.0, 22.0, 31.0, 14.0, 28.0, 10.0, 44.0, 23.0, 33.0, 18.0, 66.0, 48.0, 14.0, 55.0, 14.0, 16.0, 9.0, 13.0, 20.0, 13.0, 15.0, 36.0, 38.0, 16.0, 30.0, 26.0, 10.0, 19.0, 14.0, 23.0, 40.0, 26.0, 14.0, 30.0, 17.0, 14.0, 43.0, 46.0, 47.0, 19.0, 16.0, 20.0, 18.0, 35.0, 12.0, 28.0, 35.0, 36.0, 41.0, 18.0, 11.0, 13.0, 21.0, 20.0, 12.0, 10.0, 16.0, 9.0, 18.0, 26.0, 41.0, 16.0, 23.0, 27.0, 21.0, 43.0, 20.0, 19.0, 27.0, 12.0, 16.0, 19.0, 44.0, 22.0, 22.0, 12.0, 24.0, 27.0, 33.0, 38.0, 10.0, 17.0, 22.0, 35.0, 15.0, 51.0, 12.0, 11.0, 11.0, 24.0, 25.0, 33.0, 10.0, 21.0, 15.0, 10.0, 15.0, 25.0, 40.0, 34.0, 28.0, 33.0, 33.0, 34.0, 14.0, 15.0, 14.0, 25.0, 25.0, 17.0, 12.0, 21.0, 42.0, 29.0, 25.0, 10.0, 15.0, 22.0, 32.0, 29.0, 10.0, 30.0, 28.0, 19.0, 10.0, 60.0, 17.0, 24.0, 45.0, 25.0, 22.0, 29.0, 11.0, 20.0, 18.0, 13.0, 23.0, 43.0, 15.0, 13.0, 28.0, 31.0, 19.0, 17.0, 22.0, 33.0, 11.0, 23.0, 25.0, 36.0, 14.0, 12.0, 22.0, 13.0, 49.0, 26.0, 28.0, 21.0, 12.0, 15.0, 23.0, 11.0, 27.0, 12.0, 28.0, 13.0, 26.0, 26.0, 21.0, 42.0, 20.0, 14.0, 18.0, 14.0, 19.0, 20.0, 12.0, 10.0, 30.0, 14.0, 15.0, 25.0, 51.0, 50.0, 45.0, 25.0, 21.0, 32.0, 20.0, 59.0, 15.0, 50.0, 16.0, 33.0, 14.0, 15.0, 16.0, 44.0, 17.0, 61.0, 47.0, 25.0, 20.0, 19.0, 14.0, 24.0, 30.0, 26.0, 30.0, 14.0, 17.0, 14.0, 23.0, 19.0, 48.0, 61.0, 15.0, 27.0, 22.0, 50.0, 26.0, 56.0, 45.0, 41.0, 19.0, 23.0, 37.0, 19.0, 25.0, 47.0, 23.0, 51.0, 71.0, 14.0, 52.0, 57.0, 20.0, 30.0, 72.0, 31.0, 24.0, 16.0, 75.0, 47.0, 27.0, 21.0, 16.0, 22.0, 17.0, 13.0, 32.0, 17.0, 50.0, 61.0, 18.0, 19.0, 21.0, 16.0, 25.0, 27.0, 36.0, 46.0, 19.0, 18.0, 67.0, 11.0, 48.0, 31.0, 18.0, 29.0, 50.0, 17.0, 56.0, 58.0, 34.0, 79.0, 42.0, 17.0, 24.0, 40.0, 32.0, 35.0, 12.0, 21.0, 17.0, 59.0, 40.0, 15.0, 20.0, 12.0, 65.0, 72.0, 21.0, 28.0, 72.0, 15.0, 18.0, 37.0, 23.0, 19.0, 25.0, 27.0, 16.0, 32.0, 29.0, 45.0, 33.0, 22.0, 29.0, 15.0, 24.0, 36.0, 15.0, 14.0, 70.0, 16.0, 16.0, 75.0, 17.0, 40.0, 20.0, 105.0, 44.0, 11.0, 12.0, 9.0, 37.0, 20.0, 28.0, 22.0, 24.0, 16.0, 22.0, 24.0, 24.0, 25.0, 28.0, 22.0, 36.0, 72.0, 11.0, 19.0, 121.0, 15.0, 44.0, 54.0, 54.0, 25.0, 16.0, 31.0, 22.0, 17.0, 32.0, 17.0, 33.0, 21.0, 77.0, 23.0, 24.0, 32.0, 18.0, 12.0, 61.0, 31.0, 75.0, 26.0, 17.0, 39.0, 48.0, 46.0, 20.0, 23.0, 21.0, 15.0, 38.0, 14.0, 35.0, 28.0, 30.0, 43.0, 63.0, 15.0, 28.0, 31.0, 30.0, 71.0, 164.0, 27.0, 48.0, 129.0, 114.0, 13.0, 79.0, 65.0, 24.0, 12.0, 37.0, 31.0, 61.0, 53.0, 64.0, 46.0, 64.0, 54.0, 55.0, 24.0, 14.0, 22.0, 39.0, 44.0, 104.0, 52.0, 39.0, 146.0, 79.0, 39.0, 31.0, 30.0, 32.0, 25.0, 103.0, 23.0, 197.0, 18.0, 20.0, 55.0, 55.0, 13.0, 99.0, 16.0, 47.0, 91.0, 39.0, 16.0, 54.0, 42.0, 37.0, 59.0, 71.0, 100.0, 63.0, 112.0, 75.0, 91.0, 43.0, 26.0, 10.0, 63.0, 16.0, 16.0, 42.0, 77.0, 58.0, 58.0, 55.0, 94.0, 31.0, 49.0, 21.0, 105.0, 35.0, 119.0, 67.0, 49.0, 39.0, 48.0, 73.0, 34.0, 65.0, 45.0, 31.0, 90.0, 59.0, 147.0, 56.0, 40.0, 16.0, 113.0, 55.0, 38.0, 70.0, 45.0, 61.0, 45.0, 82.0, 59.0, 28.0, 48.0, 98.0, 23.0, 50.0, 14.0, 33.0, 77.0, 17.0, 42.0, 50.0, 119.0, 164.0, 41.0, 89.0, 23.0, 119.0, 51.0, 29.0, 42.0, 75.0, 95.0, 74.0, 208.0, 114.0, 128.0, 193.0, 97.0, 174.0, 169.0, 65.0, 144.0, 79.0, 120.0, 248.0, 140.0, 292.0, 128.0, 72.0, 42.0, 113.0, 17.0, 134.0, 201.0, 168.0, 113.0, 70.0, 32.0, 121.0, 108.0, 159.0, 25.0, 20.0, 100.0, 24.0, 130.0, 62.0, 210.0, 34.0, 164.0, 257.0, 124.0, 43.0, 144.0, 85.0, 131.0, 222.0, 57.0, 141.0, 88.0, 137.0, 221.0, 34.0, 188.0, 49.0, 95.0, 124.0, 133.0, 143.0, 29.0, 184.0, 15.0, 238.0, 26.0, 139.0, 228.0, 249.0, 351.0, 263.0, 396.0, 430.0, 287.0, 246.0, 218.0, 265.0, 327.0, 156.0, 48.0, 500.0, 321.0, 453.0, 276.0, 360.0, 172.0, 297.0, 367.0, 280.0, 500.0, 500.0, 394.0, 500.0, 500.0, 312.0, 500.0, 500.0, 500.0, 268.0, 500.0, 268.0, 500.0, 500.0, 500.0, 476.0, 500.0, 500.0, 500.0, 500.0, 500.0, 500.0, 500.0, 500.0, 500.0, 500.0, 500.0, 500.0, 500.0, 500.0, 500.0, 500.0, 500.0, 500.0, 500.0, 500.0, 500.0, 500.0, 500.0, 500.0, 500.0, 500.0, 500.0, 500.0, 500.0, 500.0, 500.0, 500.0, 500.0, 500.0, 500.0, 500.0, 500.0, 254.0, 500.0, 500.0, 500.0, 500.0, 291.0, 500.0, 359.0, 500.0, 421.0, 377.0, 257.0, 232.0, 254.0, 220.0, 322.0, 300.0, 444.0, 320.0, 358.0, 355.0, 236.0, 77.0, 302.0, 255.0, 254.0, 500.0, 197.0, 196.0, 293.0, 345.0, 207.0, 239.0, 271.0, 500.0, 344.0, 299.0, 314.0, 421.0, 223.0, 500.0, 500.0, 200.0, 500.0, 243.0, 500.0, 478.0, 287.0, 238.0, 427.0, 500.0, 265.0, 324.0, 343.0, 393.0, 500.0, 500.0, 350.0, 337.0, 500.0, 500.0, 500.0, 500.0, 500.0, 372.0, 500.0, 417.0, 500.0, 500.0, 462.0, 500.0, 500.0, 500.0, 500.0, 500.0, 222.0, 500.0, 500.0, 500.0, 289.0, 500.0, 436.0, 310.0, 500.0, 319.0, 174.0, 500.0, 500.0, 500.0, 500.0, 369.0, 500.0, 500.0, 500.0, 500.0, 500.0, 500.0, 500.0, 500.0, 500.0, 500.0, 500.0, 500.0, 347.0, 219.0, 500.0, 496.0, 500.0, 254.0, 500.0, 500.0, 480.0, 500.0, 500.0, 500.0, 500.0, 308.0, 500.0, 500.0, 459.0, 175.0, 500.0, 459.0, 212.0, 500.0, 500.0, 490.0, 470.0, 500.0, 500.0, 500.0, 500.0, 500.0, 500.0, 500.0, 500.0, 500.0, 500.0, 500.0, 500.0, 500.0, 500.0, 500.0, 500.0, 500.0, 500.0, 181.0, 126.0, 227.0, 289.0, 500.0, 500.0, 500.0, 265.0, 500.0, 500.0, 500.0, 500.0, 500.0, 500.0, 500.0, 500.0, 500.0, 500.0, 500.0, 148.0, 500.0, 500.0, 500.0, 500.0, 500.0, 500.0, 500.0, 500.0, 500.0, 500.0, 500.0, 500.0, 500.0, 500.0, 283.0, 500.0, 500.0, 500.0, 500.0, 500.0, 459.0, 500.0, 500.0, 500.0, 500.0, 500.0, 500.0, 500.0, 500.0, 263.0, 500.0, 500.0, 500.0, 500.0],