{"rewards": [23.583090379008745, 30.186567164179106, 49.49689440993789, 85.73033707865169, 143.59615384615384, 178.11904761904762, 482.3125, 500.0, 500.0, 500.0], "lengths": [23.583090379008745, 30.186567164179106, 49.49689440993789, 85.73033707865169, 143.59615384615384, 178.11904761904762, 482.3125, 500, 500, 500], "entropies": [0.6781747738520304, 0.6604560216267904, 0.6283390522003174, 0.615988532702128, 0.5900795857111613, 0.5448521773020426, 0.5000839730103811, 0.47963473200798035, 0.43509042263031006, 0.41642138361930847]}