{"rewards": [-661.881779298287, -455.582069911309, -581.2085103758246, -123.7695994105408, -131.126700414735, -138.92823068054383, -134.62484749172708, -136.2619184338757, -129.8815064312386, -130.0192877017578, -131.24563268194572, -129.04660260311255, -136.4641426405209, -128.60897185011248, -130.55968116204735, -133.70190897713994, -128.6007303741987, -129.44067721209365, -132.17934843893332, -131.7405237901711, -130.53726782784327, -134.8043288412983], "lengths": [155.5744680851064, 136.17543859649123, 150.33333333333334, 69.61061946902655, 68.58771929824562, 72.3, 69.25217391304348, 70.34821428571429, 68.98245614035088, 68.61739130434782, 70.13513513513513, 71.71171171171171, 67.99152542372882, 72.35779816513761, 69.01754385964912, 71.22522522522523, 71.9, 69.7719298245614, 70.14159292035399, 72.04504504504504, 70.97321428571429, 69.85714285714286], "entropies": [2.2103142738342285, 2.2782108783721924, 2.2908825874328613, 1.8711268901824951, 1.8642312288284302, 1.8945345878601074, NaN, NaN, NaN, NaN, NaN, NaN, NaN, NaN, NaN, NaN, NaN, NaN, NaN, NaN, NaN, NaN, NaN, NaN, NaN, NaN, NaN, NaN, NaN, NaN, NaN, NaN, NaN, NaN, NaN, NaN, NaN, NaN, NaN, NaN, NaN, NaN, NaN, NaN, NaN, NaN, NaN, NaN, NaN, NaN, NaN, NaN, NaN, NaN, NaN, NaN, NaN, NaN, NaN, NaN, NaN, NaN, NaN, NaN, NaN, NaN]}