{"rewards": [34.042735042735046, 42.88172043010753, 52.391891891891895, 77.08823529411765, 124.5, 155.9375, 215.94117647058823, 203.61111111111111, 278.7692307692308, 263.18518518518516, 365.7647058823529, 363.1666666666667, 403.55555555555554, 478.125, 469.5, 433.25, 467.75, 486.5625, 500.0, 500.0, 500.0, 500.0, 500.0, 500.0, 500.0, 500.0, 500.0, 500.0, 500.0, 500.0, 500.0, 500.0, 500.0, 500.0, 500.0, 500.0, 500.0, 500.0, 500.0, 500.0, 500.0, 500.0, 500.0, 500.0, 500.0, 500.0, 500.0, 500.0, 500.0, 500.0, 500.0, 500.0, 500.0, 500.0, 500.0, 500.0, 500.0, 500.0, 500.0, 500.0, 500.0, 500.0, 500.0, 500.0, 500.0, 500.0, 500.0, 500.0, 500.0, 500.0, 500.0, 500.0, 500.0, 500.0, 500.0, 500.0, 500.0, 500.0, 500.0, 500.0, 500.0, 500.0, 500.0, 500.0, 500.0, 500.0, 500.0, 500.0, 500.0, 500.0, 500.0, 500.0, 500.0, 500.0, 500.0, 500.0, 500.0, 500.0, 500.0, 500.0, 500.0, 500.0, 500.0, 500.0, 500.0, 500.0, 500.0, 500.0, 500.0, 500.0, 500.0, 500.0, 500.0, 500.0, 500.0, 500.0, 500.0, 500.0, 500.0, 500.0, 500.0, 500.0, 500.0, 500.0, 500.0, 500.0, 500.0, 500.0, 500.0, 500.0, 500.0, 500.0, 500.0, 500.0, 500.0, 500.0, 500.0, 500.0, 500.0, 500.0, 500.0, 500.0, 500.0], "lengths": [34.042735042735046, 42.88172043010753, 52.391891891891895, 77.08823529411765, 124.5, 155.9375, 215.94117647058823, 203.61111111111111, 278.7692307692308, 263.18518518518516, 365.7647058823529, 363.1666666666667, 403.55555555555554, 478.125, 469.5, 433.25, 467.75, 486.5625, 500, 500, 500, 500, 500, 500, 500, 500, 500, 500, 500, 500, 500, 500, 500, 500, 500, 500, 500, 500, 500, 500, 500, 500, 500, 500, 500, 500, 500, 500, 500, 500, 500, 500, 500, 500, 500, 500, 500, 500, 500, 500, 500, 500, 500, 500, 500, 500, 500, 500, 500, 500, 500, 500, 500, 500, 500, 500, 500, 500, 500, 500, 500, 500, 500, 500, 500, 500, 500, 500, 500, 500, 500, 500, 500, 500, 500, 500, 500, 500, 500, 500, 500, 500, 500, 500, 500, 500, 500, 500, 500, 500, 500, 500, 500, 500, 500, 500, 500, 500, 500, 500, 500, 500, 500, 500, 500, 500, 500, 500, 500, 500, 500, 500, 500, 500, 500, 500, 500, 500, 500, 500, 500, 500, 500], "entropies": [0.6510456204414368, 0.6512081623077393, 0.6534379124641418, 0.6406280994415283, 0.6412463784217834, 0.6405153274536133, 0.6267690658569336, 0.6232218742370605, 0.6247330904006958, 0.6154310703277588, 0.6148226261138916, 0.6144171953201294, 0.6045395135879517, 0.5997941493988037, 0.6006754636764526, 0.593558132648468, 0.5893058776855469, 0.5876266360282898, 0.5995398759841919, 0.5890787839889526, 0.5898275375366211, 0.5962866544723511, 0.5889463424682617, 0.588742196559906, 0.6023616790771484, 0.6043311357498169, 0.6025611162185669, 0.5955268144607544, 0.5986137390136719, 0.5970780253410339, 0.5822915434837341, 0.5785892605781555, 0.5809260606765747, 0.5933554768562317, 0.5816937685012817, 0.5778458118438721, 0.5873108506202698, 0.5848699808120728, 0.5830170512199402, 0.5694363713264465, 0.5616965889930725, 0.5787675380706787, 0.5809360146522522, 0.57568359375, 0.5812240839004517, 0.582909345626831, 0.559624195098877, 0.5523875951766968, 0.5630267858505249, 0.5632805228233337, 0.5148290991783142, 0.5218839645385742, 0.5296453833580017, 0.5081783533096313, 0.5036097764968872, 0.5057752132415771, 0.47161751985549927, 0.4846927225589752, 0.47884321212768555, 0.45453161001205444, 0.45542624592781067, 0.4473656713962555, 0.4417208433151245, 0.44909387826919556, 0.45657992362976074, 0.4517470896244049, 0.4413541853427887, 0.4096056818962097, 0.375762403011322, 0.39351141452789307, 0.38963446021080017, 0.38532036542892456, 0.37983107566833496, 0.3820907473564148, 0.37667739391326904, 0.3735538125038147, 0.36170434951782227, 0.35960549116134644, 0.3601502776145935, 0.355063259601593, 0.3476649820804596, 0.33605411648750305, 0.32135599851608276, 0.3136054277420044, 0.3129085600376129, 0.3161223828792572, 0.3129841089248657, 0.3161448836326599, 0.31090807914733887, 0.3031507730484009, 0.3034256100654602, 0.29632842540740967, 0.2947223484516144, 0.28494811058044434, 0.27802398800849915, 0.2705664038658142, 0.27098512649536133, 0.26438209414482117, 0.2629415988922119, 0.27450090646743774, 0.2627881169319153, 0.2557567059993744, 0.241253063082695, 0.23063257336616516, 0.22498193383216858, 0.22188043594360352, 0.2162596583366394, 0.2126929610967636, 0.21963602304458618, 0.216221421957016, 0.21602727472782135, 0.22129881381988525, 0.2200726866722107, 0.21911349892616272, 0.20394012331962585, 0.19924356043338776, 0.19470813870429993, 0.197998508810997, 0.19344596564769745, 0.19080454111099243, 0.1943715214729309, 0.18797051906585693, 0.18471628427505493, 0.18098893761634827, 0.17725208401679993, 0.17688003182411194, 0.18682512640953064, 0.18542924523353577, 0.18465404212474823, 0.19565558433532715, 0.19497962296009064, 0.1937178373336792, 0.18009021878242493, 0.17678984999656677, 0.17646491527557373, 0.17362189292907715, 0.1749049723148346, 0.17373502254486084, 0.1797390580177307, 0.17727698385715485, 0.17623519897460938, 0.17844396829605103, 0.17655357718467712, 0.17523856461048126, 0.1751948446035385, 0.17363646626472473, 0.1722925752401352, 0.16282179951667786, 0.15905869007110596, 0.1582292914390564, 0.16636711359024048, 0.16525065898895264, 0.16370783746242523, 0.1820271909236908, 0.18178357183933258, 0.17839369177818298, 0.16488803923130035, 0.1632690727710724, 0.1607942432165146, 0.16874456405639648, 0.16511443257331848, 0.16509106755256653, 0.16209805011749268, 0.15867449343204498, 0.15855711698532104, 0.1540111005306244, 0.1523476392030716, 0.15008778870105743, 0.14487329125404358, 0.1441400647163391, 0.1421944499015808, 0.1550220251083374, 0.1541225165128708, 0.15200172364711761, 0.15523368120193481, 0.15432652831077576, 0.1532321572303772, 0.13794496655464172, 0.1374674141407013, 0.13552400469779968, 0.1588582992553711, 0.1579889953136444, 0.158117413520813, 0.15303856134414673, 0.1513071060180664, 0.14913398027420044, 0.14261916279792786, 0.1406148076057434, 0.13785932958126068, 0.1540156602859497, 0.15381895005702972, 0.15349388122558594, 0.12388171255588531, 0.12486331164836884, 0.12567530572414398, 0.13027292490005493, 0.1288997232913971, 0.12761326134204865, 0.13813108205795288, 0.136219322681427, 0.13548478484153748, 0.1402985006570816, 0.13799159228801727, 0.1360863447189331, 0.1257350742816925, 0.1255708485841751, 0.12545669078826904, 0.13821880519390106, 0.13704192638397217, 0.13489246368408203, 0.14699622988700867, 0.14434805512428284, 0.14287962019443512, 0.1559911072254181, 0.15439511835575104, 0.15261346101760864, 0.12153051793575287, 0.12144465744495392, 0.12109336256980896, 0.1274791955947876, 0.1262865662574768, 0.12548203766345978, 0.11869508028030396, 0.11684532463550568, 0.11604396253824234, 0.12728513777256012, 0.12611356377601624, 0.12580658495426178, 0.12321522831916809, 0.12255300581455231, 0.12229803949594498, 0.1210632473230362, 0.11911732703447342, 0.11909961700439453, 0.12496162950992584, 0.12314930558204651, 0.1219138503074646, 0.11975517868995667, 0.11832451075315475, 0.11856292933225632, 0.11607594788074493, 0.11548721790313721, 0.11468979716300964, 0.13072021305561066, 0.1313108205795288, 0.13055944442749023, 0.11907707154750824, 0.11802785098552704, 0.11742834746837616, 0.1397767961025238, 0.13897015154361725, 0.1378549337387085, 0.11589093506336212, 0.11455978453159332, 0.11441636085510254, 0.12151086330413818, 0.12206032872200012, 0.12165248394012451, 0.11907467246055603, 0.11815115809440613, 0.11788876354694366, 0.10769014060497284, 0.10658279806375504, 0.10524070262908936, 0.11751150339841843, 0.11725205183029175, 0.11750287562608719, 0.11382310092449188, 0.11275160312652588, 0.11084984242916107, 0.10281471908092499, 0.10335224866867065, 0.10240575671195984, 0.11592836678028107, 0.1141846626996994, 0.11369293928146362, 0.0884794145822525, 0.08765198290348053, 0.08678223937749863, 0.09282934665679932, 0.09234337508678436, 0.09087710082530975, 0.09903966635465622, 0.09876149147748947, 0.09828104078769684, 0.0900496244430542, 0.0891285166144371, 0.0890040248632431, 