{"rewards": [24.51212121212121, 31.618110236220474, 40.61224489795919, 50.4140127388535, 65.19491525423729, 92.25301204819277, 111.59420289855072, 151.3, 216.3235294117647, 274.68, 354.8421052631579, 327.9047619047619], "lengths": [24.51212121212121, 31.618110236220474, 40.61224489795919, 50.4140127388535, 65.19491525423729, 92.25301204819277, 111.59420289855072, 151.3, 216.3235294117647, 274.68, 354.8421052631579, 327.9047619047619], "entropies": [0.6789250373840332, 0.6786173582077026, 0.6788595914840698, 0.6608344316482544, 0.6575838923454285, 0.6552000045776367, 0.6427907943725586, 0.640790581703186, 0.6403779983520508, 0.6181329488754272, 0.6181043982505798, 0.6185593605041504, 0.6137816905975342, 0.6107379794120789, 0.6110392808914185, 0.60793137550354, 0.6030659079551697, 0.6026794910430908, 0.6027044057846069, 0.5997804999351501, 0.5966888070106506, 0.5884411334991455, 0.5846850872039795, 0.5813359618186951, 0.5979423522949219, 0.591720461845398, 0.5847781896591187, 0.5836033821105957, 0.5869606137275696, 0.5872342586517334, 0.5876219272613525, 0.5882576107978821, 0.5886452794075012, 0.5674244165420532, 0.5651549100875854, 0.56532883644104]}