{"rewards": [21.575, 24.94736842105263, 27.275862068965516, 28.29032258064516, 35.875, 32.61538461538461, 38.608695652173914, 42.1578947368421, 40.05], "lengths": [21.575, 24.94736842105263, 27.275862068965516, 28.29032258064516, 35.875, 32.61538461538461, 38.608695652173914, 42.1578947368421, 40.05], "entropies": [0.6930656433105469, 0.6928492784500122, 0.6920254230499268, 0.6907740831375122, 0.6885822415351868, 0.685517430305481, 0.6834318041801453, 0.679629921913147, 0.6754148006439209, 0.6754729747772217, 0.6721919775009155, 0.6690692901611328, 0.6707905530929565, 0.6679762601852417, 0.6648091077804565, 0.6580682992935181, 0.6534187197685242, 0.6483885645866394, 0.6502166986465454, 0.6465849876403809, 0.6434265971183777, 0.6475021839141846, 0.6456050872802734, 0.6441403031349182, 0.6388689279556274, 0.6376042366027832, 0.6362400054931641]}