{"rewards": [22.67042253521127, 28.1993006993007, 43.7967032967033, 66.27731092436974, 107.23611111111111, 152.15555555555557, 251.33333333333334, 327.0, 369.1111111111111, 348.1666666666667, 485.5625, 500.0, 500.0, 494.625, 500.0, 469.4375, 406.3529411764706, 400.6666666666667, 355.0, 333.55, 392.11764705882354, 464.8125, 426.94117647058823, 461.88235294117646, 470.8125, 500.0, 500.0, 478.875, 493.4375, 432.6470588235294, 500.0, 500.0, 500.0, 500.0, 500.0, 500.0, 500.0, 500.0, 426.52941176470586, 456.6875, 473.875, 494.75, 500.0, 500.0, 500.0, 500.0, 500.0, 458.25, 413.88235294117646, 442.5, 466.875, 486.0625, 489.6875, 487.9375, 500.0, 500.0, 500.0, 500.0, 500.0, 476.5, 463.5, 500.0, 470.6470588235294, 500.0, 454.25, 474.5625, 467.375, 479.9375, 456.5625, 420.47058823529414, 479.875, 460.625, 468.5, 484.25, 500.0, 493.25, 500.0, 500.0, 462.75, 436.3125, 372.44444444444446, 461.9375, 435.94117647058823, 410.25, 477.4375, 492.6875, 479.3125, 497.75, 487.5, 500.0, 500.0, 491.4375, 461.0, 496.1875, 491.375, 500.0, 500.0, 500.0, 500.0, 500.0, 500.0], "lengths": [22.67042253521127, 28.1993006993007, 43.7967032967033, 66.27731092436974, 107.23611111111111, 152.15555555555557, 251.33333333333334, 327, 369.1111111111111, 348.1666666666667, 485.5625, 500, 500, 494.625, 500, 469.4375, 406.3529411764706, 400.6666666666667, 355, 333.55, 392.11764705882354, 464.8125, 426.94117647058823, 461.88235294117646, 470.8125, 500, 500, 478.875, 493.4375, 432.6470588235294, 500, 500, 500, 500, 500, 500, 500, 500, 426.52941176470586, 456.6875, 473.875, 494.75, 500, 500, 500, 500, 500, 458.25, 413.88235294117646, 442.5, 466.875, 486.0625, 489.6875, 487.9375, 500, 500, 500, 500, 500, 476.5, 463.5, 500, 470.6470588235294, 500, 454.25, 474.5625, 467.375, 479.9375, 456.5625, 420.47058823529414, 479.875, 460.625, 468.5, 484.25, 500, 493.25, 500, 500, 462.75, 436.3125, 372.44444444444446, 461.9375, 435.94117647058823, 410.25, 477.4375, 492.6875, 479.3125, 497.75, 487.5, 500, 500, 491.4375, 461, 496.1875, 491.375, 500, 500, 500, 500, 500, 500], "entropies": [0.6807578802108765, 0.6793485879898071, 0.6773704290390015, 0.6632614135742188, 0.6598471403121948, 0.6577242016792297, 0.6406230330467224, 0.637804388999939, 0.6339478492736816, 0.6288021802902222, 0.621309757232666, 0.6187470555305481, 0.6106774806976318, 0.6032867431640625, 0.6003937721252441, 0.5919057130813599, 0.5863410234451294, 0.5847615003585815, 0.5845987796783447, 0.5824458599090576, 0.5840331315994263, 0.5707011818885803, 0.5673484802246094, 0.5669490694999695, 0.560465931892395, 0.5614906549453735, 0.561076283454895, 0.5579002499580383, 0.5576534271240234, 0.556786298751831, 0.5520168542861938, 0.5427957773208618, 0.5433326959609985, 0.5574129819869995, 0.5523102283477783, 0.5490971803665161, 0.5447203516960144, 0.5446655750274658, 0.5481396317481995, 0.5386492013931274, 0.5291786789894104, 0.5320209264755249, 0.5370272397994995, 0.5421556830406189, 0.5442465543746948, 0.5612868666648865, 0.5621378421783447, 0.5615044236183167, 0.5611628890037537, 0.5567473769187927, 0.5538879632949829, 0.547488808631897, 0.5437235832214355, 0.5420079231262207, 0.5572642087936401, 0.5650666356086731, 0.5673419237136841, 0.5716552734375, 0.5669609308242798, 0.5689144730567932, 0.5555044412612915, 0.5573149919509888, 0.5629281997680664, 0.5487372279167175, 0.5428333878517151, 0.5402798056602478, 0.547266960144043, 0.5433704853057861, 0.5450177788734436, 0.531137228012085, 0.533801794052124, 0.5358315706253052, 0.552819013595581, 0.5555980801582336, 0.5528625249862671, 0.5384770035743713, 0.5375275015830994, 0.5366889834403992, 0.5394905805587769, 0.5486320853233337, 0.5531313419342041, 0.5422513484954834, 0.5413211584091187, 0.543317973613739, 0.5536177158355713, 0.5432872772216797, 0.5428704619407654, 0.5531098246574402, 0.5481931567192078, 0.5440705418586731, 0.5300251245498657, 0.5242412090301514, 0.5227286219596863, 0.520035982131958, 0.5154991149902344, 0.5151050090789795, 0.5281186699867249, 0.5231146812438965, 0.5181012749671936, 0.5229126214981079, 0.5250687599182129, 0.5229188799858093, 0.5139914751052856, 0.5153816342353821, 0.5179479122161865, 0.5243271589279175, 0.5261869430541992, 0.523707389831543, 0.5265135169029236, 0.5240765810012817, 0.5229068398475647, 0.5305477380752563, 0.5307953357696533, 0.530341625213623, 0.5258489847183228, 0.5207130312919617, 0.5229463577270508, 0.53462815284729, 0.5442261695861816, 0.5444197654724121, 0.5386454463005066, 0.5386020541191101, 0.5394298434257507, 0.5217263698577881, 0.5121051073074341, 0.5113431811332703, 0.5115892291069031, 0.5184791088104248, 0.5247868299484253, 0.5278657674789429, 0.5313097834587097, 0.5326708555221558, 0.5285875201225281, 0.5305254459381104, 0.5277358889579773, 0.527253270149231, 0.5194849967956543, 0.5206410884857178, 0.5070925951004028, 0.5058133602142334, 0.5115925669670105, 0.5347219705581665, 0.5235110521316528, 0.524587094783783, 0.5319543480873108, 0.5371828079223633, 0.5361298322677612, 0.5381730198860168, 0.5302184820175171, 0.5304868817329407, 0.533351480960846, 0.5392758846282959, 0.5406820774078369, 0.5369929075241089, 0.5322158932685852, 0.5323664546012878, 0.5300174951553345, 0.5285542607307434, 0.5316084027290344, 0.5281570553779602, 0.5204099416732788, 0.5241166353225708, 0.5177721977233887, 0.5161356925964355, 0.5131499767303467, 0.5115323066711426, 0.5075296759605408, 0.5075634121894836, 0.5150332450866699, 0.5165027379989624, 0.5147303342819214, 0.4972880482673645, 0.49232104420661926, 0.4915699064731598, 0.49813100695610046, 0.5019557476043701, 0.5047117471694946, 0.4975566565990448, 0.4949602484703064, 0.49298095703125, 0.5003470182418823, 0.48937252163887024, 0.48671019077301025, 0.4935247302055359, 0.4951152801513672, 0.4961077868938446, 0.488112211227417, 0.4846927523612976, 0.48454856872558594, 0.4895133376121521, 0.4793474078178406, 0.4729197025299072, 0.4705163240432739, 0.46616435050964355, 0.4674963355064392, 0.4723900556564331, 0.4776807427406311, 0.4794195890426636, 0.48736509680747986, 0.48791584372520447, 0.4887204170227051, 0.4718712270259857, 0.4741211533546448, 0.4771748483181, 0.49507638812065125, 0.4966243505477905, 0.5017695426940918, 0.5114275217056274, 0.5078494548797607, 0.5082949995994568, 0.4957236051559448, 0.5040607452392578, 0.5036315321922302, 0.5054918527603149, 0.5010871887207031, 0.5008669495582581, 0.4979262351989746, 0.49760591983795166, 0.498413622379303, 0.48641881346702576, 0.4871308207511902, 0.48729902505874634, 0.4841320514678955, 0.4872802495956421, 0.48845434188842773, 0.48247694969177246, 0.47725099325180054, 0.4770221412181854, 0.4861084520816803, 0.4806756377220154, 0.48359015583992004, 0.4874478578567505, 0.48735511302948, 0.4834476113319397, 0.4986746907234192, 0.49938932061195374, 0.5005708336830139, 0.49179333448410034, 0.4948393702507019, 0.48812443017959595, 0.50276780128479, 0.504246711730957, 0.5023365616798401, 0.5056852698326111, 0.5200299024581909, 0.5213533639907837, 0.5093691945075989, 0.5005199909210205, 0.4997144043445587, 0.502354085445404, 0.49695977568626404, 0.4959532618522644, 0.5011504888534546, 0.5134559869766235, 0.5146620273590088, 0.5118077993392944, 0.514913022518158, 0.5151147246360779, 0.5079339742660522, 0.5117191076278687, 0.5132462382316589, 0.5268653631210327, 0.536171555519104, 0.5374392867088318, 0.5258358716964722, 0.5142709016799927, 0.5129073858261108, 0.5034916400909424, 0.501485288143158, 0.5033584237098694, 0.5118921995162964, 0.5083250999450684, 0.5068598985671997, 0.5306568741798401, 0.5264749526977539, 0.5208497643470764, 0.5064011812210083, 0.5104020833969116, 0.5091617703437805, 0.5128805041313171, 0.5228105187416077, 0.5226962566375732, 0.5231283903121948, 0.517806887626648, 0.5143925547599792, 0.51340651512146, 0.5180987119674683, 0.5175402760505676, 0.5101274251937866, 0.5046231746673584, 0.5092307329177856, 0.5206999182701111, 0.5090115070343018, 0.5045055150985718, 0.504608690738678, 0.5104302763938904, 0.509202778339386, 0.5059893131256104, 