{"rewards": [-280.4535651552545, -329.1632761174989, -334.4720075459995, -265.9972232388261, -272.4547429697666, -251.2114305257368, -297.5504750706469, -521.2130764761529], "lengths": [98.43037974683544, 88.65168539325843, 92.855421686747, 93.88888888888889, 98.10126582278481, 98.58974358974359, 97.62820512820512, 86.51086956521739], "entropies": [1.9237078825632732, 1.7638496557871501, 1.7225804328918457, 1.8536383310953777, 1.881052851676941, 1.973522464434306, 2.165032386779785, 3.3928043842315674]}