{"rewards": [21.286089238845143, 26.736666666666668, 35.508849557522126, 47.566265060240966, 75.71153846153847, 99.73333333333333, 117.015625], "lengths": [21.286089238845143, 26.736666666666668, 35.508849557522126, 47.566265060240966, 75.71153846153847, 99.73333333333333, 117.015625], "entropies": [0.6883540153503418, 0.6872343420982361, 0.6868165731430054, 0.6684066653251648, 0.6648204326629639, 0.6628149151802063, 0.6464166641235352, 0.6432257890701294, 0.640640139579773, 0.6188568472862244, 0.6194233894348145, 0.6191624999046326, 0.6146305203437805, 0.6065110564231873, 0.606190025806427, 0.6119768619537354, 0.6050076484680176, 0.6035393476486206, 0.5940513014793396, 0.5945502519607544, 0.5948855876922607]}