{"rewards": [18.636781609195403, 25.43354430379747, 44.53591160220994, 60.96875, 92.10714285714286, 129.77966101694915, 196.24324324324326, 223.625, 254.62962962962962, 409.6470588235294, 404.52941176470586, 446.5, 415.8333333333333, 491.6875, 474.4375], "lengths": [18.636781609195403, 25.43354430379747, 44.53591160220994, 60.96875, 92.10714285714286, 129.77966101694915, 196.24324324324326, 223.625, 254.62962962962962, 409.6470588235294, 404.52941176470586, 446.5, 415.8333333333333, 491.6875, 474.4375], "entropies": [0.6920844316482544, 0.6919771432876587, 0.690587043762207, 0.6765802502632141, 0.6697139143943787, 0.6678171753883362, 0.6481078863143921, 0.6417713165283203, 0.6394311785697937, 0.6226657629013062, 0.6152930855751038, 0.6152582168579102, 0.6043916940689087, 0.6026984453201294, 0.6023464798927307, 0.6041426658630371, 0.5963794589042664, 0.594516396522522, 0.6077210307121277, 0.601224422454834, 0.5975267887115479, 0.5833092927932739, 0.5805583596229553, 0.579845666885376, 0.5758951902389526, 0.5655746459960938, 0.5708937644958496, 0.5771487951278687, 0.5757831335067749, 0.5755422115325928, 0.5643101930618286, 0.5612471103668213, 0.5681143403053284, 0.5704658627510071, 0.5732929110527039, 0.575516939163208, 0.563279390335083, 0.5507770776748657, 0.5483324527740479, 0.5572761297225952, 0.5630251169204712, 0.5624657869338989, 0.5558184385299683, 0.5525988936424255, 0.5481125116348267]}