{"rewards": [24.679878048780488, 30.518939393939394, 34.69130434782609, 37.48815165876777, 40.81347150259067, 51.32258064516129, 58.333333333333336, 69.45614035087719, 75.3495145631068, 80.54639175257732, 91.96385542168674, 104.9054054054054, 107.85915492957747, 128.35593220338984, 170.0888888888889, 172.38095238095238, 191.9268292682927, 208.06060606060606, 199.06060606060606, 181.29268292682926, 196.52631578947367, 181.84615384615384, 167.88888888888889, 181.23076923076923, 220.1764705882353, 225.75757575757575, 259.53846153846155, 255.79310344827587, 219.9375, 218.3548387096774, 179.5, 201.63888888888889, 208.0909090909091, 172.15, 205.37142857142857], "lengths": [24.679878048780488, 30.518939393939394, 34.69130434782609, 37.48815165876777, 40.81347150259067, 51.32258064516129, 58.333333333333336, 69.45614035087719, 75.3495145631068, 80.54639175257732, 91.96385542168674, 104.9054054054054, 107.85915492957747, 128.35593220338984, 170.0888888888889, 172.38095238095238, 191.9268292682927, 208.06060606060606, 199.06060606060606, 181.29268292682926, 196.52631578947367, 181.84615384615384, 167.88888888888889, 181.23076923076923, 220.1764705882353, 225.75757575757575, 259.53846153846155, 255.79310344827587, 219.9375, 218.3548387096774, 179.5, 201.63888888888889, 208.0909090909091, 172.15, 205.37142857142857], "entropies": [0.6881875395774841, 0.6843307018280029, 0.6797817945480347, 0.6705268621444702, 0.6591725945472717, 0.6519199013710022, 0.6584872007369995, 0.655924916267395, 0.6526175737380981, 0.6439990997314453, 0.6372804045677185, 0.629484236240387, 0.6571305990219116, 0.650880753993988, 0.6447906494140625, 0.5985898375511169, 0.5912812948226929, 0.5841267108917236, 0.5878877639770508, 0.5851852893829346, 0.5832729339599609, 0.6063194274902344, 0.6031155586242676, 0.599337100982666, 0.6419925093650818, 0.6407948732376099, 0.6392867565155029, 0.6291861534118652, 0.6280122399330139, 0.6263302564620972, 0.6143839359283447, 0.6114711165428162, 0.6079519987106323, 0.5919630527496338, 0.5832595825195312, 0.5742628574371338, 0.6057747006416321, 0.6011531352996826, 0.5953848361968994, 0.5694652795791626, 0.5662997364997864, 0.5621931552886963, 0.5630724430084229, 0.5561090707778931, 0.5476701259613037, 0.5755369663238525, 0.5678362250328064, 0.5578430891036987, 0.5811640024185181, 0.5805956125259399, 0.5798622965812683, 0.575791597366333, 0.5750057697296143, 0.5740623474121094, 0.6072511672973633, 0.6016491651535034, 0.5961836576461792, 0.6110560894012451, 0.6091852784156799, 0.607689380645752, 0.5894086360931396, 0.5894619822502136, 0.5895885229110718, 0.5794459581375122, 0.5778669118881226, 0.576111376285553, 0.5538318157196045, 0.5485337972640991, 0.5409265756607056, 0.5931071639060974, 0.5917313694953918, 0.5905197858810425, 0.595976710319519, 0.5974634885787964, 0.5986696481704712, 0.5897368788719177, 0.5901857614517212, 0.589910626411438, 0.608184814453125, 0.6066716909408569, 0.6046804189682007, 0.559950053691864, 0.5616869926452637, 0.563531756401062, 0.605006217956543, 0.6028751730918884, 0.5986310839653015, 0.5802695751190186, 0.5760031938552856, 0.5777382254600525, 0.5835559964179993, 0.5858052968978882, 0.5860087871551514, 0.5311691761016846, 0.5253902673721313, 0.5171537399291992, 0.5700536966323853, 0.5692546367645264, 0.5699623227119446, 0.545610785484314, 0.5447779297828674, 0.5447235107421875, 0.5755794048309326, 0.5739472508430481, 0.570723295211792]}