{"rewards": [18.49886104783599, 25.08150470219436, 35.88444444444445, 59.52671755725191, 89.10588235294118, 138.0909090909091], "lengths": [18.49886104783599, 25.08150470219436, 35.88444444444445, 59.52671755725191, 89.10588235294118, 138.0909090909091], "entropies": [0.690983772277832, 0.6748717427253723, 0.6415556867917379, 0.607140858968099, 0.5911126534144083, 0.5391727685928345]}