{"rewards": [-499.87277363666146, -558.6023062615604, -596.2400562795165, -626.9871995960692], "lengths": [106.57142857142857, 101.66666666666667, 98.14285714285714, 91], "entropies": [2.045055111249288, 2.015563209851583, 2.3198755582173667, 2.5041843255360923]}