{"rewards": [13.948453608247423, 18.00890868596882, 25.78846153846154, 37.23394495412844, 58.07971014492754, 78.15, 110.42028985507247, 128.70689655172413, 183.95, 203.25806451612902, 251.07407407407408, 302.8636363636364, 274.04545454545456, 368.42105263157896, 375.1111111111111, 491.5, 444.9375, 406.44444444444446, 192.88888888888889, 196.94594594594594, 246.93333333333334, 454.8125, 471.3125, 500.0, 500.0, 500.0, 500.0, 500.0, 500.0, 500.0, 500.0, 500.0, 500.0, 500.0, 500.0, 500.0, 500.0, 500.0, 500.0, 500.0, 500.0, 500.0, 500.0, 500.0, 500.0, 500.0, 500.0, 500.0, 500.0, 500.0, 500.0, 500.0, 500.0, 500.0, 500.0, 500.0, 500.0, 500.0, 500.0, 500.0, 500.0, 500.0, 500.0, 500.0, 500.0, 500.0, 500.0, 500.0, 500.0, 500.0, 500.0, 500.0, 500.0, 500.0, 500.0, 500.0, 500.0, 500.0], "lengths": [13.948453608247423, 18.00890868596882, 25.78846153846154, 37.23394495412844, 58.07971014492754, 78.15, 110.42028985507247, 128.70689655172413, 183.95, 203.25806451612902, 251.07407407407408, 302.8636363636364, 274.04545454545456, 368.42105263157896, 375.1111111111111, 491.5, 444.9375, 406.44444444444446, 192.88888888888889, 196.94594594594594, 246.93333333333334, 454.8125, 471.3125, 500, 500, 500, 500, 500, 500, 500, 500, 500, 500, 500, 500, 500, 500, 500, 500, 500, 500, 500, 500, 500, 500, 500, 500, 500, 500, 500, 500, 500, 500, 500, 500, 500, 500, 500, 500, 500, 500, 500, 500, 500, 500, 500, 500, 500, 500, 500, 500, 500, 500, 500, 500, 500, 500, 500], "entropies": [0.6644092202186584, 0.6715496778488159, 0.664620041847229, 0.6917234659194946, 0.6919358372688293, 0.6908747553825378, 0.6733695268630981, 0.6711038947105408, 0.6706668734550476, 0.6438389420509338, 0.6366643905639648, 0.6359444856643677, 0.6254474520683289, 0.6136618852615356, 0.6125332713127136, 0.6092441082000732, 0.5972500443458557, 0.5954477787017822, 0.6015461683273315, 0.597611129283905, 0.597214937210083, 0.6011270880699158, 0.5893834829330444, 0.5889369249343872, 0.5982411503791809, 0.5985663533210754, 0.5990179777145386, 0.5977929830551147, 0.5911533832550049, 0.5901809334754944, 0.5876551866531372, 0.5813643932342529, 0.5814306735992432, 0.5806254744529724, 0.5782610177993774, 0.5802046656608582, 0.5905919075012207, 0.5861828327178955, 0.579922080039978, 0.5830891132354736, 0.5864927768707275, 0.582895815372467, 0.5846220254898071, 0.5767934322357178, 0.5685458779335022, 0.5711303949356079, 0.5714902877807617, 0.5585195422172546, 0.550102949142456, 0.5569776296615601, 0.5404716730117798, 0.5494533181190491, 0.5369529724121094, 0.5252071022987366, 0.5098461508750916, 0.5070120096206665, 0.5080137848854065, 0.5110460519790649, 0.5152078866958618, 0.5168584585189819, 0.5258391499519348, 0.5196936130523682, 0.5160965919494629, 0.5172852277755737, 0.5044237375259399, 0.5033280849456787, 0.5055115222930908, 0.4908277988433838, 0.4831928312778473, 0.49352699518203735, 0.4763367772102356, 0.4620169997215271, 0.4611126482486725, 0.42620649933815, 0.42245522141456604, 0.43054258823394775, 0.42168986797332764, 0.4257674813270569, 0.42862674593925476, 0.429358571767807, 0.4296562075614929, 0.43396568298339844, 0.420674592256546, 0.39898431301116943, 0.39079731702804565, 0.38409489393234253, 0.3860619068145752, 0.38369208574295044, 0.36107200384140015, 0.3591597080230713, 0.3629598021507263, 0.35767054557800293, 0.3515813648700714, 0.36041736602783203, 0.3575994074344635, 0.35509181022644043, 0.3572877049446106, 0.35610437393188477, 0.3569377064704895, 0.36690226197242737, 0.344409704208374, 0.3389585018157959, 0.3351268768310547, 0.34042856097221375, 0.3397654891014099, 0.328460156917572, 0.32365965843200684, 0.3203391432762146, 0.3361688256263733, 0.33127087354660034, 0.3278611898422241, 0.32512980699539185, 0.319488525390625, 0.31905490159988403, 0.3231484293937683, 0.3093112111091614, 0.30662134289741516, 0.3048458993434906, 0.2869510054588318, 0.28935694694519043, 0.28097817301750183, 0.2755211591720581, 0.2749353051185608, 0.2724341154098511, 0.2660925090312958, 0.26701271533966064, 0.26323947310447693, 0.25968343019485474, 0.25160232186317444, 0.25232774019241333, 0.24623560905456543, 0.2406572848558426, 0.24351808428764343, 0.24058914184570312, 0.23473939299583435, 0.23689454793930054, 0.23552575707435608, 0.2315535843372345, 0.22652064263820648, 0.21760743856430054, 0.2140776365995407, 0.21292226016521454, 0.21044914424419403, 0.21013721823692322, 0.20623843371868134, 0.2044142633676529, 0.20306788384914398, 0.1954556703567505, 0.19673700630664825, 0.19509172439575195, 0.19946669042110443, 0.1962021142244339, 0.19605323672294617, 0.1848701536655426, 0.18199637532234192, 0.18067729473114014, 0.17048552632331848, 0.1671457290649414, 0.16996465623378754, 0.18700982630252838, 0.18635740876197815, 0.18390116095542908, 0.1746342033147812, 0.17467445135116577, 0.17166593670845032, 0.18668431043624878, 0.18422217667102814, 0.18242588639259338, 0.16643919050693512, 0.16521891951560974, 0.16269022226333618, 0.1762629896402359, 0.17409029603004456, 0.17319552600383759, 0.15916649997234344, 0.15838387608528137, 0.15693989396095276, 0.1851068139076233, 0.18342366814613342, 0.1835634708404541, 0.16645482182502747, 0.16376127302646637, 0.16151012480258942, 0.181118905544281, 0.18130157887935638, 0.18135519325733185, 0.17567868530750275, 0.1713392287492752, 0.17214050889015198, 0.17069050669670105, 0.17146536707878113, 0.1708296537399292, 0.1728290319442749, 0.17445486783981323, 0.17523586750030518, 0.17647159099578857, 0.1738734096288681, 0.17442776262760162, 0.1738782525062561, 0.17180724442005157, 0.17034222185611725, 0.1703849583864212, 0.1714789867401123, 0.17078062891960144, 0.1608620136976242, 0.16053099930286407, 0.1597774624824524, 0.18166428804397583, 0.18173974752426147, 0.182288259267807, 0.16295865178108215, 0.16284480690956116, 0.16220751404762268, 0.1748863011598587, 0.17283111810684204, 0.17112460732460022, 0.16975566744804382, 0.16893678903579712, 0.16767586767673492, 0.17505188286304474, 0.17478938400745392, 0.17478685081005096, 0.16992107033729553, 0.16722436249256134, 0.16361746191978455, 0.1712668538093567, 0.1716509759426117, 0.1713249534368515, 0.16632570326328278, 0.16507449746131897, 0.16367313265800476, 0.1739807426929474, 0.1715133935213089, 0.17065273225307465]}