{"rewards": [-161.07649836149398, -149.97673990505817, -122.7280686751356, -111.02761807445029, -114.89532992439443, -98.26850435370017, -99.44412879058856, -90.57213602359258, -67.57090847146463, -51.05077430854238, -34.915332842361174, -58.55020004400546, -32.385907771974495, -18.861458171746808, -24.213410511495773, -34.65278188688264, -7.81540464647882, -51.646340532979316, -16.15566518373667, -16.500283239376003, -50.82670465747612, -9.0146842431352, -8.655068138832393, 16.773808493829385, 69.55981343924388, 72.27936763601525, 69.19206386474279, 45.19370588727697, 71.42229385662135, 26.814910160854158, 113.71084320974036, 57.791362817056694, 88.48271366039349, 37.30400172294789, 35.20817560221845, 67.92546142751628, 99.64963231725844, 59.94110974429525, 92.06416559512756, 92.12950738690783, 68.49561170276856, 88.41400246453865, 131.24466279923828, 84.56939242067052, 54.32555235746123], "lengths": [87.0813953488372, 86.75, 85.20652173913044, 88.60227272727273, 96.3780487804878, 92.83544303797468, 100.15384615384616, 110.61428571428571, 110.2, 120, 153.91666666666666, 205.66666666666666, 168.8421052631579, 189.73076923076923, 335.0769230769231, 264.7, 384.8125, 306.23809523809524, 603.3, 570.3333333333334, 480.8, 539.2, 661.6, 610, 871.375, 1000, 903.875, 826.25, 1000, 785, 964.125, 839, 816, 626.4444444444445, 524.3846153846154, 694.6666666666666, 756.2, 639.5, 817.75, 732.875, 643.625, 609.1, 868.7777777777778, 711.5, 546.7272727272727], "entropies": [1.3598956664403279, 1.3487094640731812, 1.3433058261871338, 1.3368051846822102, 1.3204851150512695, 1.305107871691386, 1.3002209663391113, 1.2494558493296306, 1.2213383118311565, 1.1713809569676716, 1.1466663678487141, 1.1455687284469604, 1.07028063138326, 1.0712243715922039, 1.0798215468724568, 1.0934086243311565, 1.0472487608591716, 1.0157989660898845, 0.9900914430618286, 1.0236275990804036, 1.0537598133087158, 1.0607072909673054, 1.0350829760233562, 1.1308183272679646, 1.092911998430888, 1.0798105001449585, 1.1132345994313557, 1.1244364579518635, 1.0741681257883708, 1.0788127183914185, 1.025689164797465, 1.0450902382532756, 1.0377209583918254, 0.9823383887608846, 0.9922411640485128, 1.0321034987767537, 0.9901583393414816, 1.001845161120097, 1.0688453515370686, 1.048197825749715, 1.0341065327326457, 1.0256513357162476, 0.9969803889592489, 1.0263392925262451, 1.0156771341959636]}