{"rewards": [24.734375, 27.495689655172413, 31.99514563106796, 27.88646288209607, 27.081196581196583, 34.25257731958763, 47.88111888111888, 66.71028037383178, 65.88888888888889, 100.21739130434783, 117.14516129032258, 135.86274509803923, 137.47169811320754, 198.69444444444446, 176.3, 163.22727272727272, 180.3658536585366, 179.65, 176.26829268292684, 167.85365853658536, 192.34285714285716, 183.47368421052633, 199.62857142857143, 157.54347826086956, 148.71428571428572, 144.2340425531915, 207.80645161290323, 182.05263157894737, 186.25714285714287, 201.3939393939394, 185.31578947368422, 200.11111111111111, 191.1578947368421, 202.97142857142856, 178.89743589743588, 158.52173913043478, 178.825, 164.8095238095238, 153.0212765957447, 133.64150943396226, 125.06896551724138, 117.85, 108.04545454545455, 94.6, 143.54, 114.6, 84.55294117647058, 123.42372881355932, 124.64285714285714, 106.55882352941177, 94.74324324324324, 102.29577464788733, 77.65217391304348, 89.125, 107.55223880597015, 116.23809523809524, 121.22033898305085, 113.03174603174604, 126.46551724137932, 138.57692307692307, 135.4814814814815, 97.46478873239437, 90.75641025641026, 76.46808510638297, 102.72857142857143, 128.64814814814815, 142.06, 143.9795918367347, 148.10204081632654, 128.22641509433961, 152.47916666666666, 142.79166666666666, 186.15384615384616, 191.47368421052633, 217.3939393939394, 246.67857142857142, 299.8181818181818, 314.0952380952381, 257.96153846153845, 203.97142857142856, 191.8918918918919], "lengths": [24.734375, 27.495689655172413, 31.99514563106796, 27.88646288209607, 27.081196581196583, 34.25257731958763, 47.88111888111888, 66.71028037383178, 65.88888888888889, 100.21739130434783, 117.14516129032258, 135.86274509803923, 137.47169811320754, 198.69444444444446, 176.3, 163.22727272727272, 180.3658536585366, 179.65, 176.26829268292684, 167.85365853658536, 192.34285714285716, 183.47368421052633, 199.62857142857143, 157.54347826086956, 148.71428571428572, 144.2340425531915, 207.80645161290323, 182.05263157894737, 186.25714285714287, 201.3939393939394, 185.31578947368422, 200.11111111111111, 191.1578947368421, 202.97142857142856, 178.89743589743588, 158.52173913043478, 178.825, 164.8095238095238, 153.0212765957447, 133.64150943396226, 125.06896551724138, 117.85, 108.04545454545455, 94.6, 143.54, 114.6, 84.55294117647058, 123.42372881355932, 124.64285714285714, 106.55882352941177, 94.74324324324324, 102.29577464788733, 77.65217391304348, 89.125, 107.55223880597015, 116.23809523809524, 121.22033898305085, 113.03174603174604, 126.46551724137932, 138.57692307692307, 135.4814814814815, 97.46478873239437, 90.75641025641026, 76.46808510638297, 102.72857142857143, 128.64814814814815, 142.06, 143.9795918367347, 148.10204081632654, 128.22641509433961, 152.47916666666666, 142.79166666666666, 186.15384615384616, 191.47368421052633, 217.3939393939394, 246.67857142857142, 299.8181818181818, 314.0952380952381, 257.96153846153845, 203.97142857142856, 191.8918918918919], "entropies": [0.6766271591186523, 0.6703170339266459, 0.6725296179453532, 0.6631753842035929, 0.638380209604899, 0.6300802429517111, 0.6375392278035482, 0.6206072568893433, 0.5477196971575419, 0.6028105417887369, 0.4860954185326894, 0.5641562541325887, 0.5807062784830729, 0.6218423644701639, 0.5708068609237671, 0.5163072148958842, 0.5889666875203451, 0.5801683664321899, 0.6285029252370199, 0.5876908699671427, 0.5993378758430481, 0.5816722512245178, 0.5742563605308533, 0.6020299990971884, 0.5761740803718567, 0.4189650813738505, 0.53936900695165, 0.56764817237854, 0.5130398670832316, 0.5470145344734192, 0.5810800989468893, 0.547339657942454, 0.5814242561658224, 0.5669437249501547, 0.5847678184509277, 0.5416447321573893, 0.5473063588142395, 0.522687296072642, 0.542620042959849, 0.5828994909922282, 0.5584668715794882, 0.5680631200472513, 0.5451604326566061, 0.48664597670237225, 0.5604400237401327, 0.5712320804595947, 0.536251982053121, 0.5434958140055338, 0.5729263424873352, 0.5522995392481486, 0.47050900260607403, 0.5013155937194824, 0.4977673689524333, 0.4985431631406148, 0.5623780687650045, 0.5171205997467041, 0.5277985135714213, 0.5464367667833964, 0.5722130537033081, 0.5434226393699646, 0.572030246257782, 0.5540705521901449, 0.5396912296613058, 0.45071645577748615, 0.515549103418986, 0.5062570373217264, 0.5773135224978129, 0.5316249132156372, 0.5161998867988586, 0.5306936502456665, 0.5131154457728068, 0.5301785866419474, 0.5442240834236145, 0.5160663525263468, 0.5124948024749756, 0.5066970189412435, 0.46757015585899353, 0.49210359652837116, 0.5296509464581808, 0.4730782707532247, 0.5058183868726095]}