{"rewards": [21.945701357466064, 27.642105263157895, 33.412121212121214, 31.953757225433527, 39.65986394557823, 56.392857142857146, 65.86868686868686, 67.65625, 65.56122448979592, 98.70588235294117, 140.47916666666666, 140.9787234042553, 163.21428571428572, 214.5151515151515, 196.36363636363637, 232.44827586206895, 205.6969696969697], "lengths": [21.945701357466064, 27.642105263157895, 33.412121212121214, 31.953757225433527, 39.65986394557823, 56.392857142857146, 65.86868686868686, 67.65625, 65.56122448979592, 98.70588235294117, 140.47916666666666, 140.9787234042553, 163.21428571428572, 214.5151515151515, 196.36363636363637, 232.44827586206895, 205.6969696969697], "entropies": [0.6749314069747925, 0.6594881812731425, 0.6806295116742452, 0.6348111828168234, 0.6541314721107483, 0.6201879183451334, 0.6273899674415588, 0.562069296836853, 0.6236939231554667, 0.5770088831583658, 0.5963608423868815, 0.6178960005442301, 0.5978097915649414, 0.6239016850789388, 0.5820167064666748, 0.6015846133232117, 0.6028946836789449]}