{"rewards": [-104.757314849648, -100.27689734069978, -99.17943083358686, -101.3264944942368, -97.82900677646133, -95.97614105067068, -94.32365351745345, -91.77413482971889, -84.87745049224903, -88.0091237462882, -79.21916223550708, -75.61853734854014, -82.57955491861235, -70.67584988346604, -66.65067331932856, -56.37977451573904, -65.2065660643394, -60.801326599948396, -64.1005057230733, -65.93674302551517, -57.61439684035139, -62.73920074277554, -62.179350044566874, -25.733848918235868, -24.455363412919933, -22.69676485731659, -22.12534416293142, -8.131161906193183, 4.8146030185580955, -6.777088705431883, 33.986249408511526, -14.956180683866602, 14.532614933416586, 17.439844373290143, 45.16045243037572, 14.664943257351105, 45.593065461089985, 19.993223105491698, 26.40885374730041, -3.053823950361421, 26.297547354813734, 36.70339705423381, -5.623352137246747, -7.536749647405806, 7.349933933857, 20.231858711697395, 15.345876648362749, 79.40748314733523, 14.070077944722657, 71.63296642618866, 71.41419804672563, 62.07184600000588, 84.58113970477922, 81.71249837455986, 50.04082979122708, 84.93788703391168, 99.31707857608508, 139.31115379117873, 50.018745642873846, 103.34341661403508, 40.68870779151758, 9.550266401564915, 87.98565687127181, 7.254759559584296, 101.44419457332474, 60.05112845295324, -23.515147109865307, -9.650832264667697, -52.671111140223076, 22.98866076588101, 50.27505375489937, -40.624839532533386, 5.423400738830393, 22.792913411308106, 81.40076178689002, 68.57980491986311, 97.20034969947393, 6.863344678531192, -22.287781625107357, -62.99462842112673, -26.17825066215477, -64.24884186187718, -32.9819654470513, -22.05858849256016, 41.86148911679601, -9.470598518917274, 52.72658932109572, 109.01647506065052, 3.5912804847949196, 0.6769209117333693, 51.16920733857321, 94.50195388833077, 75.2288896302153, 80.71009415838364], "lengths": [430.1333333333333, 714.6315789473684, 693.1, 752.1111111111111, 840.5, 946.3571428571429, 1182.4545454545455, 947.2142857142857, 1429.7777777777778, 841.3125, 1294.7, 1295.9, 1020.1538461538462, 1291.7, 1296.5, 1600, 1296.2, 1429.7777777777778, 1433.3333333333333, 1185.909090909091, 1296, 1094.0833333333333, 949.7142857142857, 1600, 1600, 1428.888888888889, 1308.2, 1431.2222222222222, 1434.3333333333333, 1425.5555555555557, 1600, 1296.3333333333333, 1598.375, 1311.7, 1600, 1363.4444444444443, 1600, 1319, 1318.6666666666667, 1096.090909090909, 1324.2, 1398.75, 1107.8181818181818, 1001.5384615384615, 1012.3333333333334, 1023.9230769230769, 1014.9166666666666, 1380.7777777777778, 930.0769230769231, 1333.888888888889, 1283.9, 1212.5, 1311.2222222222222, 1298.1, 1059.4545454545455, 1235.9, 1300.2, 1436.6666666666667, 1062, 1295, 953.7142857142857, 860.8571428571429, 1159.5454545454545, 774.8571428571429, 1185.2, 1040.3636363636363, 571.0434782608696, 702.6666666666666, 482.04347826086956, 793.6, 878.8666666666667, 495.2307692307692, 699.9411764705883, 823.2666666666667, 1085.1818181818182, 1101.7272727272727, 1223.4444444444443, 732.8, 612.6521739130435, 400.84375, 544.64, 342.02777777777777, 517.36, 618.1666666666666, 888.8571428571429, 625.7391304347826, 963.9166666666666, 1162.7272727272727, 729, 715.1538461538462, 935.0769230769231, 1187.2727272727273, 1071.6666666666667, 1051.1818181818182], "entropies": [4.102424144744873, 4.098345756530762, 4.094112873077393, 4.159641265869141, 4.159214496612549, 4.158970355987549, 4.168266773223877, 4.164152145385742, 4.161048889160156, 4.102239608764648, 4.102004051208496, 4.100515842437744, 4.008546829223633, 4.01271390914917, 4.016162395477295, 4.023157119750977, 4.0345330238342285, 4.027319431304932, 4.178874969482422, 4.179304122924805, 4.185588836669922, 4.182779788970947, 4.17858362197876, 4.174623489379883, 4.194443702697754, 4.188508987426758, 4.192264556884766, 4.258596897125244, 4.258183002471924, 4.266905784606934, 4.223664283752441, 4.214841842651367, 4.216109752655029, 4.263878345489502, 4.263011455535889, 4.271197319030762, 4.24618673324585, 4.238626956939697, 4.236026763916016, 4.238659858703613, 4.249205589294434, 4.250730037689209, 4.334105491638184, 4.329036712646484, 4.332381248474121, 4.44389533996582, 4.446563720703125, 4.44693660736084, 4.509101390838623, 4.505764961242676, 4.512881755828857, 4.54813289642334, 4.560494422912598, 4.556748867034912, 4.706476211547852, 4.708940505981445, 4.711979389190674, 4.751853942871094, 4.743951797485352, 4.739919185638428, 4.717569828033447, 4.730808258056641, 4.725682735443115, 4.776355743408203, 4.798271656036377, 4.797760963439941, 4.788633346557617, 4.78200101852417, 4.778400897979736, 4.707169055938721, 4.705615043640137, 4.700331211090088, 4.656329154968262, 4.667777061462402, 4.673027038574219, 4.700247764587402, 4.701878547668457, 4.704329967498779, 4.675709247589111, 4.664478778839111, 4.663820266723633, 4.624520778656006, 4.630849361419678, 4.626219749450684, 4.601590633392334, 4.601512908935547, 4.600612640380859, 4.558167457580566, 4.547036170959473, 4.54541540145874, 4.460396766662598, 4.460071563720703, 4.468015670776367, 4.483312606811523, 4.4770941734313965, 4.477643966674805, 4.3702898025512695, 4.367792129516602, 4.367032527923584, 4.34351110458374, 4.336955547332764, 4.338759422302246, 4.336966514587402, 4.337698936462402, 4.341769218444824, 4.51219367980957, 4.534811019897461, 4.5232110023498535, 4.545742034912109, 4.5495076179504395, 4.552953243255615, 4.566917419433594, 4.573432922363281, 4.571746826171875, 4.593515396118164, 4.5781965255737305, 4.585463523864746, 4.623256206512451, 4.612418174743652, 4.600868225097656, 4.552659511566162, 4.552160739898682, 4.556247711181641, 4.592886447906494, 4.588366985321045, 4.587846279144287, 4.4582929611206055, 4.459592342376709, 4.464993953704834, 4.471402168273926, 4.478000640869141, 4.4801554679870605, 4.360260009765625, 4.359893798828125, 4.355413913726807, 4.339992523193359, 4.335954189300537, 4.333626747131348, 4.240079879760742, 4.254556179046631, 4.257622718811035, 4.041387557983398, 4.0452656745910645, 4.048124313354492, 4.019895076751709, 4.001567363739014, 3.9971566200256348, 4.020378112792969, 4.009966850280762, 4.006722927093506, 4.014920234680176, 4.0110554695129395, 4.0127034187316895, 3.863554000854492, 3.8550195693969727, 3.8554506301879883, 3.81197190284729, 3.8055267333984375, 3.8060545921325684, 3.852646827697754, 3.849235773086548, 3.842958688735962, 3.7442116737365723, 3.753800392150879, 3.751779079437256, 3.767054319381714, 3.7615303993225098, 3.759553909301758, 3.5424954891204834, 3.54091215133667, 3.5352354049682617, 3.6169230937957764, 3.613589286804199, 3.6074743270874023, 3.686323642730713, 3.6871659755706787, 3.6953179836273193, 3.585181951522827, 3.575284004211426, 3.566422939300537, 3.523282289505005, 3.516806125640869, 3.5077733993530273, 3.4402289390563965, 3.4326798915863037, 3.431889295578003, 3.388045310974121, 3.380293369293213, 3.382361888885498, 3.393777847290039, 3.3926339149475098, 3.386383056640625, 3.295396089553833, 3.287519931793213, 3.2942821979522705, 3.120600700378418, 3.1172051429748535, 3.1123833656311035, 2.9940731525421143, 2.993134021759033, 2.989598274230957, 3.072767972946167, 3.0592145919799805, 3.059882640838623, 2.9729037284851074, 2.973893880844116, 2.971766471862793, 3.0219569206237793, 3.0137033462524414, 3.0165951251983643, 2.8814170360565186, 2.87949275970459, 2.865194797515869, 2.8713483810424805, 2.8696844577789307, 2.866436243057251, 2.998053550720215, 2.9887425899505615, 2.989225387573242, 2.992419481277466, 2.987781047821045, 2.99178409576416, 2.881112575531006, 2.8730156421661377, 2.87001895904541, 2.854386568069458, 2.8566880226135254, 2.8566949367523193, 2.7879555225372314, 2.7884514331817627, 2.7877004146575928, 2.865368604660034, 2.858964204788208, 2.860722064971924, 2.686605453491211, 2.684089422225952, 2.6837244033813477, 2.520987033843994, 2.5209591388702393, 2.5242552757263184, 2.490891456604004, 2.476348638534546, 2.4776573181152344, 2.360690116882324, 2.344069242477417, 