{"rewards": [-155.71660848316253, -473.494482178544, -313.0711384403723, -365.0282194124936], "lengths": [79.625, 92, 90.75, 82.25], "entropies": [1.4633538722991943, 1.4355932474136353, 1.55220627784729, 1.1330876350402832, 1.1312305927276611, 1.0558382272720337, 1.3994213342666626, 1.3737647533416748, 1.4340496063232422, 1.6881810426712036, 1.6686362028121948, 1.5495167970657349]}