{"rewards": [-109.3111140061871, -108.596577994513, -106.01715508541372, -110.09106999242289, -108.14073182416335, -108.4014998881278, -110.74180861740282, -115.96016461224696, -110.64414452073991, -113.42313247306545, -108.76329274127038, -107.30818188898985, -106.73261048150914, -110.32727889763649, -104.7661200029162, -105.56088066759294, -102.23799514944292, -105.02531767016049, -102.63913797280759, -97.92125734490595, -98.57046322857727, -96.71917803834253, -91.22588280625023, -85.00732160132792, -87.3905632773893, -88.69282153240198, -78.01734484104746, -85.38209291734462, -77.62439514431136, -83.88669384365352, -81.72830643843977, -76.96517259878159, -70.20687157450796, -79.03920904075059, -77.85040722904598, -81.99063918123205, -79.39201093960594, -73.71455890360042, -80.86343070472095, -74.57198877123778], "lengths": [952.8571428571429, 800.2352941176471, 620.0952380952381, 570.5454545454545, 682.1904761904761, 691.3157894736842, 873.8666666666667, 1076.25, 757.8333333333334, 1251.8, 952.5, 1198.1818181818182, 950.7142857142857, 753.8888888888889, 1017.2307692307693, 886.6, 1436.888888888889, 943.2142857142857, 1014.1538461538462, 1427.7777777777778, 1431, 1184.909090909091, 1430.7777777777778, 1430.888888888889, 1300.4, 1293.5, 1600, 1291.2, 1430.3333333333333, 1189.5454545454545, 1302.3, 1430.888888888889, 1600, 1550.875, 1432.3333333333333, 1186.7272727272727, 1317.9, 1430.5555555555557, 1187.4545454545455, 1431.7777777777778], "entropies": [3.2839980125427246, 3.308276653289795, 3.3366832733154297, 3.3084957599639893, 3.3107681274414062, 3.3314626216888428, 3.3048794269561768, 3.315603256225586, 3.344381332397461, 3.293901205062866, 3.07051944732666, 3.1260504722595215, 3.1000447273254395, 3.0968782901763916, 3.0908665657043457, 3.0882580280303955, 3.144542932510376, 3.116077184677124, 3.1084728240966797, 3.086923837661743, 2.9585766792297363, 2.990506887435913, 2.9613986015319824, 2.9479775428771973, 2.990302324295044, 2.942462682723999, 2.97743821144104, 2.9759747982025146, 2.924881935119629, 2.9518516063690186, 2.8831844329833984, 2.8368144035339355, 2.8430097103118896, 2.8363895416259766, 2.8408751487731934, 2.8189988136291504, 2.8441219329833984, 2.8198413848876953, 2.8309085369110107, 2.8466203212738037, 2.874748945236206, 2.874680519104004, 2.8878142833709717, 2.8600478172302246, 2.8669469356536865, 2.8575599193573, 2.8496289253234863, 2.851668357849121, 2.8474361896514893, 2.849412441253662, 2.75702166557312, 2.791706085205078, 2.7490956783294678, 2.7754032611846924, 2.745983123779297, 2.7349040508270264, 2.7454521656036377, 2.727912425994873, 2.7215702533721924, 2.7325987815856934, 2.7441601753234863, 2.726947784423828, 2.711078405380249, 2.711397171020508, 2.7200961112976074, 2.7078936100006104, 2.7054569721221924, 2.7056572437286377, 2.693683385848999, 2.7075307369232178, 2.675747871398926, 2.7429089546203613, 2.770578384399414, 2.727612018585205, 2.7372920513153076, 2.732834815979004, 2.7426095008850098, 2.730884075164795, 2.740316867828369, 2.726327896118164, 2.6767983436584473, 2.636293411254883, 2.6457738876342773, 2.6389217376708984, 2.636556386947632, 2.6503841876983643, 2.607994318008423, 2.6396780014038086, 2.6090211868286133, 2.6353204250335693, 2.736149549484253, 2.761218309402466, 2.769925594329834, 2.741021156311035, 2.7510056495666504, 2.7311689853668213, 2.744391679763794, 2.7390644550323486, 2.745098352432251, 2.7321622371673584, 2.614765167236328, 2.6143221855163574, 2.5918800830841064, 2.6073873043060303, 2.6166229248046875, 2.5861010551452637, 2.6006906032562256, 2.6094658374786377, 2.5906758308410645, 2.5978832244873047, 2.6227307319641113, 2.607085943222046, 2.6346418857574463, 2.619856834411621, 2.6293559074401855, 2.626068115234375, 2.6495308876037598, 2.609881639480591, 2.6310861110687256, 2.6174237728118896, 2.4850142002105713, 2.4967124462127686, 2.512753963470459, 2.5206573009490967, 2.5035364627838135, 2.5113227367401123, 2.5158324241638184, 2.4953298568725586, 2.5022902488708496, 2.5105957984924316, 2.430647850036621, 2.4424471855163574, 2.4049198627471924, 2.417884588241577, 2.4068782329559326, 2.3787357807159424, 2.404414176940918, 2.3924577236175537, 2.3760969638824463, 2.381059169769287, 2.5007543563842773, 2.5129799842834473, 2.516223430633545, 2.530458927154541, 2.536834955215454, 2.551022529602051, 2.541714906692505, 2.5587029457092285, 2.5572986602783203, 2.562088966369629, 2.6752424240112305, 2.6757731437683105, 2.680982828140259, 2.6727705001831055, 2.6672513484954834, 2.680979013442993, 2.6802546977996826, 2.673431634902954, 2.678659677505493, 2.684278726577759, 2.521732807159424, 2.5098037719726562, 2.5044312477111816, 2.5140762329101562, 2.533754348754883, 2.5158917903900146, 2.4992451667785645, 2.5130298137664795, 2.5281782150268555, 2.5143799781799316, 2.38857364654541, 2.387293815612793, 2.35672664642334, 2.390124559402466, 2.3968725204467773, 2.384643316268921, 2.3654074668884277, 2.374138832092285, 2.3745439052581787, 2.378664970397949, 2.3394336700439453, 2.3252787590026855, 2.312840461730957, 2.3139216899871826, 2.31925892829895, 2.329415798187256, 2.323319435119629, 2.3336172103881836, 2.3267149925231934, 2.324022054672241, 2.311006784439087, 2.331470251083374, 2.3307855129241943, 2.3277812004089355, 2.3225204944610596, 2.3442206382751465, 2.3273420333862305, 2.326686143875122, 2.3314743041992188, 2.328643321990967, 2.4221913814544678, 2.4683303833007812, 2.4688076972961426, 2.466963768005371, 2.461825370788574, 2.4600231647491455, 2.470005750656128, 2.452880859375, 2.4798362255096436, 2.466700792312622, 2.4829912185668945, 2.4965713024139404, 2.4835829734802246, 2.4756741523742676, 2.479743480682373, 2.466264486312866, 2.473562479019165, 2.469996452331543, 2.4678003787994385, 2.4719605445861816, 2.5454211235046387, 2.498351812362671, 2.5513007640838623, 2.5221023559570312, 2.567399740219116, 2.5278429985046387, 2.5414767265319824, 2.528376817703247, 2.5716257095336914, 2.509467124938965, 2.518425464630127, 2.5289576053619385, 2.538050889968872, 2.522770881652832, 2.5210728645324707, 2.5253403186798096, 2.5295286178588867, 2.5168988704681396, 2.5359818935394287, 2.5161266326904297, 2.455178737640381, 2.447488784790039, 2.4670052528381348, 2.471339225769043, 2.4692811965942383, 2.470708131790161, 2.470027446746826, 2.4738738536834717, 2.468118667602539, 2.4603826999664307, 2.434385061264038, 2.3947675228118896, 2.380638837814331, 2.388184070587158, 2.4157087802886963, 2.4205198287963867, 2.4081172943115234, 2.394115447998047, 2.4128735065460205, 2.400646924972534, 2.4464969635009766, 2.4400975704193115, 2.4503443241119385, 2.4582467079162598, 2.4520859718322754, 2.4406635761260986, 2.4502925872802734, 2.4411978721618652, 2.4366295337677, 2.437159538269043, 2.4262514114379883, 2.4407732486724854, 2.4883222579956055, 2.469534397125244, 2.486553430557251, 2.4606146812438965, 2.481226921081543, 2.485992193222046, 2.4894285202026367, 2.487542152404785, 2.4214377403259277, 2.410804271697998, 2.433690071105957, 2.431317090988159, 2.427823066711426, 2.4291141033172607, 2.4438297748565674, 2.4372928142547607, 2.435894012451172, 2.434354305267334, 2.4683475494384766, 2.429497718811035, 2.4265999794006348, 2.4501302242279053, 2.4384989738464355, 2.4580299854278564, 2.4332244396209717, 2.4480371475219727, 2.442218065261841, 2.441167116165161, 2.450993776321411, 2.4485559463500977, 2.416156768798828, 2.4190313816070557, 2.410738229751587, 2.4028303623199463, 2.3971140384674072, 2.3890929222106934, 2.4005722999572754, 2.396535634994507, 2.2850735187530518, 2.2712645530700684, 2.2680888175964355, 2.2690420150756836, 2.2604520320892334, 2.2567062377929688, 2.266033172607422, 2.273620367050171, 2.260158061981201, 2.2537448406219482, 2.347673177719116, 2.3489363193511963, 2.343958854675293, 2.359309196472168, 2.3521981239318848, 2.360152244567871, 2.368741035461426, 2.3759167194366455, 2.3634085655212402, 2.371495246887207, 2.3096609115600586, 2.3107986450195312, 2.3030688762664795, 