{"rewards": [22.901408450704224, 17.50429184549356, 34.54545454545455, 20.940568475452196, 16.8402489626556, 13.102728731942214, 10.914209115281501], "lengths": [22.901408450704224, 17.50429184549356, 34.54545454545455, 20.940568475452196, 16.8402489626556, 13.102728731942214, 10.914209115281501], "entropies": [0.6864610513051351, 0.68525497118632, 0.681927760442098, 0.652951717376709, 0.5961213310559591, 0.4303368429342906, 0.2898271282513936]}