{"rewards": [-106.86992330728803, -101.20277754158161, -105.20303156880398, -110.48430730940439, -101.57521069194314, -105.07049695547512, -96.58001590512093, -103.46513662045187, -97.08740066839638, -95.54567298370785, -96.34969035981216, -91.67958218045753, -94.94570986319842, -95.07682041830739, -99.9780941229722, -97.51590382598862, -105.19296703018979, -92.83861366131478], "lengths": [623.6363636363636, 753.1111111111111, 540.3846153846154, 634.0909090909091, 1290.6, 765.3333333333334, 1600, 753.2222222222222, 942.7142857142857, 1085.3333333333333, 948.7142857142857, 1291, 1302, 940.5714285714286, 836.625, 834.5, 516.2857142857143, 1085.6666666666667], "entropies": [2.7394611835479736, 2.557845664024353, 2.5791723012924193, 2.9027551412582397, 2.435608220100403, 2.4683761596679688, 2.3394416093826296, 2.3607146978378295, 2.195040154457092, 2.140487623214722, 2.152506446838379, 2.111331248283386, 2.090099883079529, 2.017357277870178, 2.0989238739013674, 2.032129740715027, 2.0582113742828367, 1.8687598824501037]}