{"rewards": [24.3987915407855, 32.19838056680162, 41.371134020618555, 68.13793103448276, 99.84722222222223, 130.22413793103448, 127.36666666666666, 147.6346153846154, 212.25, 229.03030303030303, 224.83333333333334, 229.6060606060606, 222.3030303030303, 223.5, 260.10714285714283, 233.09375, 203.64864864864865, 204.1891891891892, 228.65625, 241.5, 224.8125], "lengths": [24.3987915407855, 32.19838056680162, 41.371134020618555, 68.13793103448276, 99.84722222222223, 130.22413793103448, 127.36666666666666, 147.6346153846154, 212.25, 229.03030303030303, 224.83333333333334, 229.6060606060606, 222.3030303030303, 223.5, 260.10714285714283, 233.09375, 203.64864864864865, 204.1891891891892, 228.65625, 241.5, 224.8125], "entropies": [0.6769312222798666, 0.6608688036600748, 0.6385586063067118, 0.6161175568898519, 0.605032742023468, 0.5951936443646749, 0.5832161704699198, 0.5842445095380148, 0.5338071584701538, 0.5278795957565308, 0.48893021543820697, 0.5068816939989725, 0.5121785600980123, 0.512913982073466, 0.4987322986125946, 0.48861990372339886, 0.4694788455963135, 0.46158191561698914, 0.46249744296073914, 0.4651464621225993, 0.46134787797927856]}