{"rewards": [16.54237288135593, 17.52, 21.19047619047619, 24.88888888888889, 29.48, 35.94736842105263, 50.76923076923077], "lengths": [16.54237288135593, 17.52, 21.19047619047619, 24.88888888888889, 29.48, 35.94736842105263, 50.76923076923077], "entropies": [0.657653272151947, 0.6678628921508789, 0.6779094338417053, 0.6878744959831238, 0.6914068460464478, 0.6918802261352539, 0.6905239820480347, 0.6877578496932983, 0.6830037832260132, 0.6802830696105957, 0.6753813028335571, 0.6695131063461304, 0.667417049407959, 0.6617960929870605, 0.6556715965270996, 0.661696195602417, 0.6572929620742798, 0.6529306173324585, 0.6523538827896118, 0.6488252878189087, 0.645665168762207]}