{"rewards": [21.330708661417322, 31.85542168674699, 33.30165289256198, 30.41287878787879, 31.908730158730158, 45.19209039548023], "lengths": [21.330708661417322, 31.85542168674699, 33.30165289256198, 30.41287878787879, 31.908730158730158, 45.19209039548023], "entropies": [0.681342363357544, 0.6769022742907206, 0.6799310445785522, 0.6845059990882874, 0.6697775920232137, 0.6596555511156718]}