{"rewards": [-131.4149626094588, -127.10605273482734, -140.78138341144657, -119.70631400372869, -121.5620608316241, -137.09994220735896, -129.06820974712582, -133.41870379653238, -118.96303045198565, -120.85142258760753, -124.75382869935767, -126.07523173458782, -129.83790643367945, -135.914602590876, -130.12286194193823, -119.94186965752618, -131.16825048548128, -129.98106584213812, -137.21638507481217, -134.28490021689498, -119.99361498370773, -122.83824632753264, -136.83337090035948, -135.85719877503595, -122.5342176310292, -142.04343111695107, -125.77135648685478, -118.93623152591547, -151.43361747242483, -135.41909031990727, -131.96244110489653, -128.66501980255737, -133.78887651465215, -122.24172484161896, -133.29880382142136, -129.3579971786123, -127.81115646838666, -120.93002769235923, -117.5771844099054, -120.20382551406173], "lengths": [78.6, 78.95959595959596, 79.73737373737374, 80.11224489795919, 79.60606060606061, 77.7128712871287, 77.26923076923077, 80.26804123711341, 77.61764705882354, 79.13131313131314, 79.12121212121212, 83, 79.16326530612245, 79.34939759036145, 78.82178217821782, 79.72448979591837, 81.42857142857143, 77.31067961165049, 81.13186813186813, 77.85148514851485, 78.96842105263158, 77.69607843137256, 80.65979381443299, 83.72631578947369, 80.01010101010101, 78.72, 78.19607843137256, 79.35, 77.87128712871286, 79.37755102040816, 79.61224489795919, 79.8080808080808, 79.51, 78.41584158415841, 79.26732673267327, 79.43434343434343, 80.25252525252525, 78.82828282828282, 82.11340206185567, 79.18], "entropies": [1.9343271255493164, 1.9343271255493164, 1.9343271255493164, 1.9404690265655518, 1.9404690265655518, 1.9404690265655518, 1.95712411403656, 1.95712411403656, 1.95712411403656, 1.9604145288467407, 1.9604145288467407, 1.9604145288467407, 1.9608893394470215, 1.9608893394470215, 1.9608893394470215, 1.9377894401550293, 1.9377894401550293, 1.9377894401550293, 1.943713903427124, 1.943713903427124, 1.943713903427124, 1.9794596433639526, 1.9794596433639526, 1.9794596433639526, 1.93940007686615, 1.93940007686615, 1.93940007686615, 1.9655606746673584, 1.9655606746673584, 1.9655606746673584, 1.9393022060394287, 1.9393022060394287, 1.9393022060394287, 1.9789953231811523, 1.9789953231811523, 1.9789953231811523, 1.9600982666015625, 1.9600982666015625, 1.9600982666015625, 2.0279159545898438, 2.0279159545898438, 2.0279159545898438, 1.9477810859680176, 1.9477810859680176, 1.9477810859680176, 1.9340803623199463, 1.9340803623199463, 1.9340803623199463, 1.9654216766357422, 1.9654216766357422, 1.9654216766357422, 1.938018560409546, 1.938018560409546, 1.938018560409546, 1.990933895111084, 1.990933895111084, 1.990933895111084, 1.946296215057373, 1.946296215057373, 1.946296215057373, 1.9839197397232056, 1.9839197397232056, 1.9839197397232056, 1.9443488121032715, 1.9443488121032715, 1.9443488121032715, 1.972771406173706, 1.972771406173706, 1.972771406173706, 1.9726085662841797, 1.9726085662841797, 1.9726085662841797, 1.9687697887420654, 1.9687697887420654, 1.9687697887420654, 1.9449059963226318, 1.9449059963226318, 1.9449059963226318, 1.9512710571289062, 1.9512710571289062, 1.9512710571289062, 1.965599536895752, 1.965599536895752, 1.965599536895752, 1.93471097946167, 1.93471097946167, 1.93471097946167, 1.9405183792114258, 1.9405183792114258, 1.9405183792114258, 1.968879222869873, 1.968879222869873, 1.968879222869873, 1.9795303344726562, 1.9795303344726562, 1.9795303344726562, 1.9872806072235107, 1.9872806072235107, 1.9872806072235107, 1.9583529233932495, 1.9583529233932495, 1.9583529233932495, 1.9530311822891235, 1.9530311822891235, 1.9530311822891235, 1.9581632614135742, 1.9581632614135742, 1.9581632614135742, 1.9784612655639648, 1.9784612655639648, 1.9784612655639648, 1.9476804733276367, 1.9476804733276367, 1.9476804733276367, 1.9508423805236816, 1.9508423805236816, 1.9508423805236816, 1.9472219944000244, 1.9472219944000244, 1.9472219944000244]}