{"rewards": [36.5, 56.10071942446043, 85.56521739130434, 134.05263157894737, 201.08333333333334, 169.53488372093022, 184.82051282051282, 172.30232558139534, 217.375, 240.48275862068965, 249.7, 262.037037037037, 230.72413793103448, 340.2105263157895, 442.7647058823529, 462.1875, 476.1875, 480.3125, 490.8125, 489.5, 500.0, 500.0, 500.0, 500.0, 500.0, 500.0, 500.0, 500.0, 500.0, 500.0, 500.0, 500.0, 500.0, 500.0, 500.0, 500.0, 500.0, 500.0, 500.0, 500.0, 500.0, 500.0, 500.0, 500.0, 500.0, 500.0, 500.0, 500.0, 500.0, 500.0, 500.0, 500.0, 500.0, 500.0, 500.0, 500.0, 500.0, 500.0, 500.0, 500.0, 500.0, 500.0, 500.0, 500.0, 500.0, 500.0, 500.0, 500.0, 500.0, 500.0, 500.0, 500.0, 500.0, 500.0, 500.0, 500.0, 500.0, 500.0, 500.0, 500.0, 500.0, 500.0, 500.0, 500.0, 500.0, 500.0, 500.0, 500.0, 500.0, 500.0, 500.0, 500.0, 500.0, 500.0, 500.0, 500.0, 500.0, 500.0, 500.0, 500.0, 500.0, 500.0, 500.0, 500.0, 500.0, 500.0, 500.0, 500.0, 500.0, 500.0, 500.0, 500.0, 500.0, 500.0, 500.0, 500.0, 500.0, 500.0, 500.0, 500.0, 500.0, 500.0, 500.0, 500.0, 500.0, 500.0, 500.0, 500.0, 500.0, 500.0, 500.0, 500.0, 500.0, 500.0, 500.0, 500.0, 500.0, 500.0, 500.0, 500.0, 500.0, 500.0, 500.0, 500.0, 500.0, 500.0, 500.0, 500.0, 500.0, 500.0, 500.0, 500.0, 500.0, 500.0, 500.0, 500.0, 500.0, 500.0, 500.0, 500.0, 500.0, 500.0, 500.0, 500.0, 500.0, 500.0, 500.0, 500.0, 500.0, 500.0, 500.0, 500.0, 500.0, 500.0, 500.0, 500.0, 500.0, 500.0, 500.0, 495.875, 500.0, 500.0, 500.0, 500.0, 500.0, 500.0, 500.0, 500.0, 500.0, 500.0, 500.0, 500.0, 500.0, 500.0, 500.0, 500.0, 500.0, 500.0, 500.0, 500.0, 500.0, 500.0, 500.0, 500.0, 500.0, 500.0, 500.0, 500.0, 500.0, 500.0, 500.0, 500.0, 500.0, 500.0, 500.0, 500.0, 489.8125, 500.0, 500.0, 500.0, 500.0, 500.0, 500.0, 491.75, 500.0, 499.5, 500.0, 500.0, 500.0, 500.0, 500.0, 500.0, 500.0, 500.0], "lengths": [36.5, 56.10071942446043, 85.56521739130434, 134.05263157894737, 201.08333333333334, 169.53488372093022, 184.82051282051282, 172.30232558139534, 217.375, 240.48275862068965, 249.7, 262.037037037037, 230.72413793103448, 340.2105263157895, 442.7647058823529, 462.1875, 476.1875, 480.3125, 490.8125, 489.5, 500, 500, 500, 500, 500, 500, 500, 500, 500, 500, 500, 500, 500, 500, 500, 500, 500, 500, 500, 500, 500, 500, 500, 500, 500, 500, 500, 500, 500, 500, 500, 500, 500, 500, 500, 500, 500, 500, 500, 500, 500, 500, 500, 500, 500, 500, 500, 500, 500, 500, 500, 500, 500, 500, 500, 500, 500, 500, 500, 500, 500, 500, 500, 500, 500, 500, 500, 500, 500, 500, 500, 500, 500, 500, 500, 500, 500, 500, 500, 500, 500, 500, 500, 500, 500, 500, 500, 500, 500, 500, 500, 500, 500, 500, 500, 500, 500, 500, 500, 500, 500, 500, 500, 500, 500, 500, 500, 500, 500, 500, 500, 500, 500, 500, 500, 500, 500, 500, 500, 500, 500, 500, 500, 500, 500, 500, 500, 500, 500, 500, 500, 500, 500, 500, 500, 500, 500, 500, 500, 500, 500, 500, 500, 500, 500, 500, 500, 500, 500, 500, 500, 500, 500, 500, 500, 500, 500, 500, 500, 495.875, 500, 500, 500, 500, 500, 500, 500, 500, 500, 500, 500, 500, 500, 500, 500, 500, 500, 500, 500, 500, 500, 500, 500, 500, 500, 500, 500, 500, 500, 500, 500, 500, 500, 500, 500, 500, 489.8125, 500, 500, 500, 500, 500, 500, 491.75, 500, 499.5, 500, 500, 500, 500, 500, 500, 500, 500], "entropies": [0.6501839756965637, 0.6475210189819336, 0.6484052538871765, 0.6335989832878113, 0.6271911859512329, 0.6264150738716125, 0.6189749240875244, 0.6123227477073669, 0.6108620762825012, 0.6033759117126465, 0.600547194480896, 0.5995051264762878, 0.600534975528717, 0.5951159000396729, 0.592831552028656, 0.5795084238052368, 0.5702072978019714, 0.5714277625083923, 0.5911281108856201, 0.5949462652206421, 0.5950059294700623, 0.5757894515991211, 0.5745571255683899, 0.5785021781921387, 0.592522382736206, 0.591339647769928, 0.586999237537384, 0.6032426357269287, 0.5981334447860718, 0.5982166528701782, 0.5871214866638184, 0.585151731967926, 0.5893264412879944, 0.5901090502738953, 0.5926262140274048, 0.5928966999053955, 0.588890790939331, 0.5858333706855774, 0.5839206576347351, 0.5778813362121582, 0.5753892660140991, 0.5761913061141968, 0.5827181935310364, 0.5746933817863464, 0.5555992722511292, 0.5326995849609375, 0.5445524454116821, 0.5397753119468689, 0.5659031867980957, 0.5576806664466858, 0.5541137456893921, 0.5492517948150635, 0.541156530380249, 0.5214618444442749, 0.5744342803955078, 0.5612037181854248, 0.5528225302696228, 0.5568968057632446, 0.5433597564697266, 0.49667251110076904, 0.5251967906951904, 0.49342986941337585, 0.4837667942047119, 0.48164626955986023, 0.4582304358482361, 0.4547330141067505, 0.4632120132446289, 0.471736878156662, 0.46542948484420776, 0.45736655592918396, 0.4653914272785187, 0.4682062566280365, 0.4608306288719177, 0.44103842973709106, 0.4292624592781067, 0.4341156482696533, 0.4048457741737366, 0.40200427174568176, 0.40876179933547974, 0.40303313732147217, 0.39497846364974976, 0.3882952332496643, 0.37911146879196167, 0.3706032931804657, 0.36032024025917053, 0.3587731719017029, 0.3523140251636505, 0.3466321527957916, 0.34491583704948425, 0.3473314046859741, 0.34245729446411133, 0.3355293273925781, 0.3331333100795746, 0.3299865424633026, 0.3345939815044403, 0.3376280665397644, 0.3430316150188446, 0.3388863205909729, 0.3368762731552124, 0.34129682183265686, 0.3368919789791107, 0.332239031791687, 0.3344542980194092, 0.33519822359085083, 0.334322988986969, 0.332464337348938, 0.32652103900909424, 0.3234643340110779, 0.3125842213630676, 0.30834540724754333, 0.3111531734466553, 0.3124042749404907, 0.3119189143180847, 0.3119022846221924, 0.3179636001586914, 0.31264442205429077, 0.3052729666233063, 0.3176500201225281, 0.3168714642524719, 0.31102412939071655, 0.3056659400463104, 0.30608826875686646, 0.3018859028816223, 0.30722856521606445, 0.30476582050323486, 0.3004379868507385, 0.29749128222465515, 0.2779315710067749, 0.2733685374259949, 0.26679903268814087, 0.25952422618865967, 0.2532452940940857, 0.25287771224975586, 0.23834571242332458, 0.22983330488204956, 0.22728316485881805, 0.22595536708831787, 0.22269830107688904, 0.2186199426651001, 0.20867769420146942, 0.2068641185760498, 0.20477455854415894, 0.2035234570503235, 0.20189347863197327, 0.19347932934761047, 0.19271063804626465, 0.19428421556949615, 0.1998089998960495, 0.1960991621017456, 0.1944025158882141, 0.1921192705631256, 0.1923823207616806, 0.19121146202087402, 0.18412208557128906, 0.1791224181652069, 0.17725184559822083, 0.19115233421325684, 0.1901424080133438, 0.19262181222438812, 0.18648700416088104, 0.1872086524963379, 0.1879565417766571, 0.20331591367721558, 0.2009505331516266, 0.198628768324852, 0.19234788417816162, 0.1938805878162384, 0.1915132701396942, 0.19257208704948425, 0.1939184069633484, 0.19324025511741638, 0.2027357816696167, 0.19947001338005066, 0.19680550694465637, 0.19376201927661896, 0.19184866547584534, 0.19064007699489594, 0.18473435938358307, 0.1832471340894699, 0.18187861144542694, 0.18547436594963074, 0.1849248856306076, 0.18467895686626434, 0.18310068547725677, 0.18365617096424103, 0.18447816371917725, 0.18095579743385315, 0.1816098392009735, 0.18004438281059265, 0.1760876476764679, 0.17261271178722382, 0.17125535011291504, 0.17085599899291992, 0.16715985536575317, 0.16545243561267853, 0.16771848499774933, 0.1619550734758377, 0.16075211763381958, 0.1644791066646576, 0.16260689496994019, 0.1618727147579193, 0.15912693738937378, 0.15385802090168, 0.15432128310203552, 0.17480021715164185, 0.17322011291980743, 0.172347754240036, 0.1587778478860855, 0.15935806930065155, 0.1554277539253235, 0.1707509458065033, 0.17123126983642578, 0.17182886600494385, 0.16866816580295563, 0.16698482632637024, 0.16539166867733002, 0.17297500371932983, 0.173589825630188, 0.17436665296554565, 0.1611279845237732, 0.16079294681549072, 0.15957030653953552, 0.17371752858161926, 0.16934308409690857, 0.16772112250328064, 0.15323930978775024, 0.15223775804042816, 0.15144000947475433, 0.16913777589797974, 0.16878873109817505, 0.16741058230400085, 0.14852340519428253, 0.1483711451292038, 0.14780358970165253, 