{"rewards": [25.157894736842106, 38.56818181818182, 67.17757009345794, 103.03030303030303, 175.775, 193.35135135135135, 201.54285714285714, 226.59375, 337.05263157894734, 414.52941176470586, 500.0, 500.0, 500.0, 500.0, 500.0, 500.0, 500.0, 500.0, 500.0, 500.0, 500.0, 492.0625, 494.0625, 500.0, 500.0], "lengths": [25.157894736842106, 38.56818181818182, 67.17757009345794, 103.03030303030303, 175.775, 193.35135135135135, 201.54285714285714, 226.59375, 337.05263157894734, 414.52941176470586, 500, 500, 500, 500, 500, 500, 500, 500, 500, 500, 500, 492.0625, 494.0625, 500, 500], "entropies": [0.6694998542467753, 0.6237704753875732, 0.5734167496363322, 0.5908697843551636, 0.592643678188324, 0.5651983022689819, 0.5739051302274069, 0.6042946775754293, 0.5477679173151652, 0.5508096218109131, 0.5647100210189819, 0.40911240379015607, 0.37958604097366333, 0.47854071855545044, 0.44430723786354065, 0.46295368671417236, 0.2794204254945119, 0.3893492619196574, 0.3803097605705261, 0.21819895009199777, 0.40539830923080444, 0.17797601719697317, 0.17410187919934592, 0.16820810735225677, 0.10756339877843857]}