{"rewards": [-265.20004467749817, -178.542505318827, -155.26740345091693, -135.70013209693482, -120.69688438927514, -121.19483684613016, -113.48921372032986, -113.89192575533154, -97.56862814831321, -100.04851087821147, -95.92721348322277, -69.70472440058411, -63.21615466294824, -59.14332878187522, -51.362333388996646, -38.40333655529858, -36.443540846680776, -60.931355366585, -65.92544408646951, -99.53682674834329, -65.15416288547408, -135.51261236550096], "lengths": [76.75, 79.48, 78.61458333333333, 80.88775510204081, 83.01041666666667, 83.83870967741936, 83.72340425531915, 85.25806451612904, 84.04301075268818, 86.03260869565217, 89.73563218390805, 91.96428571428571, 94.90123456790124, 101.11764705882354, 113.03508771929825, 128.3846153846154, 192.76470588235293, 206.5, 157.92857142857142, 242.7391304347826, 329.7142857142857, 272.3], "entropies": [1.3122096061706543, 1.3247281312942505, 1.3226077556610107, 1.3355497121810913, 1.3368582725524902, 1.334722876548767, 1.320392370223999, 1.3244397640228271, 1.3265403509140015, 1.325086236000061, 1.3075627088546753, 1.3045799732208252, 1.30988347530365, 1.3025811910629272, 1.2986384630203247, 1.2853693962097168, 1.2636924982070923, 1.2683745622634888, 1.2643656730651855, 1.2535929679870605, 1.2471450567245483, 1.2196625471115112, 1.239398717880249, 1.2551971673965454, 1.2601547241210938, 1.2573318481445312, 1.2572946548461914, 1.2565536499023438, 1.2585963010787964, 1.270113229751587, 1.2483372688293457, 1.2401334047317505, 1.2403616905212402, 1.2152068614959717, 1.2107386589050293, 1.216984510421753, 1.168998122215271, 1.1912968158721924, 1.1843132972717285, 1.2032595872879028, 1.1779024600982666, 1.179507851600647, 1.1629152297973633, 1.178279161453247, 1.159307837486267, 1.1543359756469727, 1.117121934890747, 1.1261026859283447, 1.1958892345428467, 1.1892963647842407, 1.180260419845581, 1.1762285232543945, 1.159417748451233, 1.1492170095443726, 1.099924087524414, 1.0578874349594116, 1.0763933658599854, 1.1587036848068237, 1.1334322690963745, 1.1161667108535767, 1.1655875444412231, 1.1563183069229126, 1.1365199089050293, 1.1111557483673096, 1.1239784955978394, 1.089397668838501]}