{"rewards": [30.23308270676692, 36.632558139534886, 54.013698630136986, 70.74545454545455, 93.91463414634147, 138.70909090909092, 195.88571428571427, 340.15, 439.52941176470586, 496.375, 463.25, 467.875, 500.0, 450.875, 500.0, 475.4375, 456.25, 471.625, 496.1875, 500.0, 496.0, 454.8125, 472.0, 473.875, 499.125, 474.5, 500.0, 500.0, 500.0, 500.0, 497.9375, 500.0, 500.0, 500.0, 494.375, 500.0, 500.0, 500.0, 500.0, 500.0, 500.0, 500.0, 390.77777777777777, 500.0, 482.25, 482.1875, 500.0, 500.0, 500.0, 455.1875, 493.0625, 500.0, 500.0, 500.0, 500.0, 500.0, 500.0, 500.0, 500.0, 500.0, 485.0, 500.0, 500.0, 500.0, 500.0, 500.0, 500.0, 500.0, 500.0, 463.1764705882353, 500.0, 500.0, 500.0, 500.0, 476.1875, 500.0, 500.0, 496.5, 500.0, 500.0, 500.0, 494.25, 500.0, 500.0, 500.0, 474.125, 500.0, 494.125, 500.0, 500.0, 473.1875, 500.0, 464.0625, 474.875, 500.0, 500.0, 500.0, 480.3125, 500.0, 500.0, 500.0, 500.0, 500.0, 500.0, 500.0, 500.0, 500.0, 500.0, 500.0, 500.0, 500.0, 500.0, 500.0, 500.0, 500.0, 500.0, 500.0, 500.0, 500.0, 500.0, 500.0, 500.0, 500.0, 500.0, 500.0, 500.0, 500.0, 500.0, 471.8235294117647, 500.0, 500.0, 493.3125, 500.0, 500.0, 500.0, 449.3529411764706, 500.0, 500.0, 500.0, 500.0, 500.0, 500.0, 500.0, 483.625, 500.0, 500.0, 500.0, 500.0, 500.0, 500.0, 500.0, 500.0, 500.0, 500.0, 500.0, 500.0, 500.0, 500.0, 497.25, 500.0, 500.0, 479.625, 500.0, 500.0, 500.0, 500.0, 500.0, 500.0, 500.0, 500.0, 500.0, 500.0, 500.0, 500.0, 500.0, 500.0, 500.0, 500.0, 496.0625, 500.0, 500.0, 500.0, 484.25, 495.5625, 500.0, 500.0, 471.8235294117647, 500.0, 500.0, 500.0, 500.0, 500.0, 500.0, 500.0, 500.0, 500.0, 500.0, 500.0, 500.0, 500.0, 500.0, 500.0, 489.3125, 500.0, 481.75, 500.0, 500.0, 500.0, 473.5, 485.9375, 494.8125, 500.0, 500.0, 500.0, 500.0, 500.0, 500.0, 500.0, 500.0, 500.0, 500.0, 478.125, 500.0, 500.0, 500.0, 500.0, 500.0, 500.0, 500.0, 492.875, 500.0, 500.0, 485.0, 458.0, 500.0, 500.0, 500.0, 484.3125], "lengths": [30.23308270676692, 36.632558139534886, 54.013698630136986, 70.74545454545455, 93.91463414634147, 138.70909090909092, 195.88571428571427, 340.15, 439.52941176470586, 496.375, 463.25, 467.875, 500, 450.875, 500, 475.4375, 456.25, 471.625, 496.1875, 500, 496, 454.8125, 472, 473.875, 499.125, 474.5, 500, 500, 500, 500, 497.9375, 500, 500, 500, 494.375, 500, 500, 500, 500, 500, 500, 500, 390.77777777777777, 500, 482.25, 482.1875, 500, 500, 500, 455.1875, 493.0625, 500, 500, 500, 500, 500, 500, 500, 500, 500, 485, 500, 500, 500, 500, 500, 500, 500, 500, 463.1764705882353, 500, 500, 500, 500, 476.1875, 500, 500, 496.5, 500, 500, 500, 494.25, 500, 500, 500, 474.125, 500, 494.125, 500, 500, 473.1875, 500, 464.0625, 474.875, 500, 500, 500, 480.3125, 500, 500, 500, 500, 500, 500, 500, 500, 500, 500, 500, 500, 500, 500, 500, 500, 500, 500, 500, 500, 500, 500, 500, 500, 500, 500, 500, 500, 500, 500, 471.8235294117647, 500, 500, 493.3125, 500, 500, 500, 449.3529411764706, 500, 500, 500, 500, 500, 500, 500, 483.625, 500, 500, 500, 500, 500, 500, 500, 500, 500, 500, 500, 500, 500, 500, 497.25, 500, 500, 479.625, 500, 500, 500, 500, 500, 500, 500, 500, 500, 500, 500, 500, 500, 500, 500, 500, 496.0625, 500, 500, 500, 484.25, 495.5625, 500, 500, 471.8235294117647, 500, 500, 500, 500, 500, 500, 500, 500, 500, 500, 500, 500, 500, 500, 500, 489.3125, 500, 481.75, 500, 500, 500, 473.5, 485.9375, 494.8125, 500, 500, 500, 500, 500, 500, 500, 500, 500, 500, 478.125, 500, 500, 500, 500, 500, 500, 500, 492.875, 500, 500, 485, 458, 500, 500, 500, 484.3125], "entropies": [0.6584546566009521, 0.6582054495811462, 0.6562502384185791, 0.6370816230773926, 0.6374621391296387, 0.6360456943511963, 0.6217708587646484, 0.6230212450027466, 0.6212704181671143, 0.6159712076187134, 0.6118186712265015, 0.6105005741119385, 0.6111524105072021, 0.605025053024292, 0.6026615500450134, 0.603752851486206, 0.5986385345458984, 0.5988452434539795, 0.5895102620124817, 0.5864115953445435, 0.5857223272323608, 0.5807159543037415, 0.5755606293678284, 0.5712451338768005, 0.5788025856018066, 0.5795204639434814, 0.5789341330528259, 0.5640876889228821, 0.5673168897628784, 0.5675318837165833, 0.5599908232688904, 0.5617778301239014, 0.5625866651535034, 0.5637918710708618, 0.5624986886978149, 0.5641778707504272, 0.5631870627403259, 0.5729097127914429, 0.5677536129951477, 0.5556339025497437, 0.55381178855896, 0.5536599159240723, 0.5683778524398804, 0.5844902396202087, 0.5858213901519775, 0.5773969888687134, 0.5746932625770569, 0.5787547826766968, 0.5781493186950684, 0.5792256593704224, 0.5797311663627625, 0.5698628425598145, 0.5640966296195984, 0.5609911680221558, 0.5718191862106323, 0.576970100402832, 0.5774179697036743, 0.5680748224258423, 0.574787974357605, 0.57774817943573, 0.5738785266876221, 0.5823115110397339, 0.5837222337722778, 0.578349232673645, 0.5807311534881592, 0.5772966742515564, 0.5726995468139648, 0.5709965229034424, 0.5713682174682617, 0.5663443803787231, 0.5648815631866455, 0.5702819228172302, 0.5668160915374756, 0.5629104375839233, 0.5618470907211304, 0.5636075735092163, 0.5524002313613892, 0.5477869510650635, 0.5650935173034668, 0.5680482983589172, 0.5674970149993896, 0.5664306879043579, 0.5555508732795715, 0.5538909435272217, 0.556124210357666, 0.5538649559020996, 0.5547738671302795, 0.5584923028945923, 0.5566924214363098, 0.5550910234451294, 0.5547458529472351, 0.5529453158378601, 0.5542140007019043, 0.5516873598098755, 0.5635836124420166, 0.5654203295707703, 0.5632650852203369, 0.5700638294219971, 0.5679104924201965, 0.5777335166931152, 0.5791617035865784, 0.5789293050765991, 0.5563573837280273, 0.5479507446289062, 0.5485381484031677, 0.5714528560638428, 0.5688568353652954, 0.5665775537490845, 0.5616884231567383, 0.5613836646080017, 0.5610930919647217, 0.5562852621078491, 0.5489363074302673, 0.5507189035415649, 0.5607190728187561, 0.5641430616378784, 0.567231297492981, 0.554995059967041, 0.5552608966827393, 0.5587151646614075, 0.5684336423873901, 0.5743929147720337, 0.5730524063110352, 0.564348042011261, 0.5704387426376343, 0.5735552906990051, 0.5732173323631287, 0.5605647563934326, 0.5610142946243286, 0.5733435153961182, 0.5697683095932007, 0.5673783421516418, 0.5758402943611145, 0.5789530873298645, 0.575393557548523, 0.5575118064880371, 0.5532099008560181, 0.555316686630249, 0.5560428500175476, 0.5572301149368286, 0.5560450553894043, 0.5648749470710754, 0.5650002956390381, 0.561886727809906, 0.5668826103210449, 0.5713983774185181, 0.5721026659011841, 0.5530391931533813, 0.5502825975418091, 0.5491476058959961, 0.5602390766143799, 0.5612121224403381, 0.554935872554779, 0.5566971302032471, 0.5536617040634155, 0.5511793494224548, 0.5524507761001587, 0.547283411026001, 0.5448749661445618, 0.5500032901763916, 0.5417550802230835, 0.5388909578323364, 0.5518863201141357, 0.5467961430549622, 0.5432609915733337, 0.5306547284126282, 0.5365447998046875, 0.5408025979995728, 0.5565110445022583, 0.5530953407287598, 0.5483430624008179, 0.5479556322097778, 0.5508524179458618, 0.5493814945220947, 0.5546300411224365, 0.5573039054870605, 0.5557080507278442, 0.560969889163971, 0.5685766935348511, 0.5686335563659668, 0.5477882623672485, 0.5517616271972656, 0.5571898818016052, 0.556086003780365, 0.5450795888900757, 0.5452828407287598, 0.5615872144699097, 0.5671170949935913, 0.5658602118492126, 0.5692404508590698, 0.5735695362091064, 0.5741429328918457, 0.5726242065429688, 0.5687525868415833, 0.56758713722229, 0.5670350193977356, 0.5571197271347046, 0.5565016865730286, 0.5629773139953613, 0.5673903226852417, 0.5693679451942444, 0.5724590420722961, 0.5809189677238464, 0.5812094211578369, 0.5720183253288269, 0.5780735015869141, 0.5776264667510986, 0.5562890768051147, 0.5528886318206787, 0.5516823530197144, 0.5667037963867188, 0.563448429107666, 0.5604959726333618, 0.5618600845336914, 0.5558468103408813, 0.5555710792541504, 0.5508627891540527, 0.5456810593605042, 0.5447955131530762, 0.5564361810684204, 0.5526023507118225, 0.5500703454017639, 0.5424504280090332, 0.5371885299682617, 0.5402290225028992, 