{"rewards": [-656.7611640874704, -581.4748391981732, -603.6092505060299, -537.0521867599984, -489.6470781661788, -624.0575256276863, -644.7810391147063, -524.2182527019767, -539.3393637002021, -550.6558910022396, -549.4612458930841, -570.5533894206097, -529.426566206788, -454.13009512983615, -422.7520213121843], "lengths": [105, 102.5, 99.42857142857143, 98.14285714285714, 102.33333333333333, 102.57142857142857, 110.75, 109.71428571428571, 109.5, 105.71428571428571, 99.5, 99.57142857142857, 92.28571428571429, 101.33333333333333, 93], "entropies": [2.7441581885019937, 2.719582716623942, 2.4966372648874917, 2.3477277755737305, 2.0643135706583657, 2.4505508740743003, 2.5897770722707114, 1.9327771266301472, 1.7425252199172974, 1.7265480359395344, 1.6122777064641316, 1.6430031061172485, 0.8956592877705892, 0.9223364194234213, 1.0730640093485515]}