{"rewards": [-188.7071635320299, -160.43742255551717, -138.70223901047967, -141.99815902924092, -151.41293071206402], "lengths": [96.625, 100.0506329113924, 103.16216216216216, 113.03030303030303, 118.6923076923077], "entropies": [1.3604379892349243, 1.3538154363632202, 1.3481354713439941, 1.348701000213623, 1.3405381441116333, 1.3384994268417358, 1.3297854661941528, 1.3298919200897217, 1.3136166334152222, 1.3240519762039185, 1.30364990234375, 1.3014626502990723, 1.2653952836990356, 1.2580562829971313, 1.2444127798080444]}