{"rewards": [21.58823529411765, 26.0, 24.59375], "lengths": [21.58823529411765, 26, 24.59375], "entropies": [0.6850256522496542, 0.6888056397438049, 0.6820028026898702]}