{"rewards": [26.145631067961165, 34.30869565217391, 43.93370165745856, 66.4396551724138, 118.5, 193.71428571428572, 316.3636363636364, 214.46875, 195.0, 365.52941176470586, 237.09375, 287.08, 300.0, 458.375, 475.1875, 500.0, 500.0, 500.0, 498.9375], "lengths": [26.145631067961165, 34.30869565217391, 43.93370165745856, 66.4396551724138, 118.5, 193.71428571428572, 316.3636363636364, 214.46875, 195, 365.52941176470586, 237.09375, 287.08, 300, 458.375, 475.1875, 500, 500, 500, 498.9375], "entropies": [0.6736464699109396, 0.6484277447064718, 0.6275513569513956, 0.610977053642273, 0.5950859785079956, 0.5724677840868632, 0.5265201131502787, 0.5372256636619568, 0.5211706558863322, 0.49376121163368225, 0.47884054978688556, 0.43900065620740253, 0.41569335261980694, 0.39162448048591614, 0.38639437158902484, 0.3559252421061198, 0.3619073728720347, 0.36214155952135724, 0.3727966547012329]}