{"rewards": [17.47198275862069, 20.935567010309278, 25.629392971246006, 26.993311036789297], "lengths": [17.47198275862069, 20.935567010309278, 25.629392971246006, 26.993311036789297], "entropies": [0.6815608739852905, 0.6864523887634277, 0.6899672746658325, 0.6918383836746216, 0.6911808252334595, 0.6866923570632935, 0.6891411542892456, 0.6878095269203186, 0.6864447593688965, 0.6824029684066772, 0.6801156401634216, 0.6767995357513428]}