{"rewards": [14.4, 13.947008547008547], "lengths": [14.4, 13.947008547008547], "entropies": [NaN, NaN, NaN, NaN, NaN, NaN]}