{"rewards": [-304.6934632251569, -239.98992826980674], "lengths": [100, 100], "entropies": [45.66413370768229, 63.48058827718099]}