{"rewards": [24.96273291925466, 33.648305084745765], "lengths": [24.96273291925466, 33.648305084745765], "entropies": [0.6744288802146912, 0.6522326668103536]}