{"rewards": [-111.3189140024933, -87.09532014469949, -113.10823180502857, -126.60706421556354, -156.00182438794178, -118.20745516495836, -102.15652198706923, -117.93305545485056, -159.9219340971985, -154.33312951565455, -119.00608953107094, -146.08398870904242, -80.7948398530521, -129.34532326651714, -181.98331460511275, -97.6970142136107, -200.79073197706316, -114.29606538610675, -133.80430676799455, -102.99287685880361, -162.3918809656526, -108.28893457696834, -116.62296312348408, -87.36777513786271, -78.35310626038817, -86.31559988785182, -176.67612136328063, -110.26587120409629, -140.6376526333701, -74.78261188581554, -164.3358445008933, -102.3447450471006, -111.1694406339557, -116.93579173715742, -91.88575489892662, -72.12247062939645, -144.7881135753908, -125.67272826064634, -161.08648660612823, -98.35807256207868, -73.30251184628813, -115.82671425349858, -85.77274333769665, -103.05827313298036, -88.97124580836767, -88.39104759235649, -74.36736535364652, -160.60191952909622, -158.66904964499165, -103.94294689652803, -168.40887909616896, -130.80461705591864, -98.08267793534245, -101.73690684846979, -87.01264521006715, -115.44916220092381, -95.10096670325974, -192.58370602082488, -71.71100785454144, -114.88317492068488, -112.08152439003968, -140.23033148612967, -63.71304564907586, -85.00840092636498, -117.89235638415695, -131.6501435231382, -173.21476859118806, -116.45569252975216, -114.40340316555248, -96.37768781146983, -166.84201559891173, -122.15147926885408, -98.42942073458443, -132.69525626415492, -103.02062816410157, -124.02390179001013, -113.98534754438941, -96.09214904367326, -95.09577465360115], "lengths": [78.33333333333333, 75, 85.25, 89.125, 84.875, 84.25, 95.25, 79, 83, 88.75, 80.625, 92.25, 75.375, 82.5, 84.75, 84.625, 91.75, 85.25, 82.25, 83.625, 85.25, 75.75, 81.88888888888889, 87.5, 78.625, 78.11111111111111, 93.25, 84.375, 80.125, 78.85714285714286, 92, 87.625, 87.875, 77.5, 75.125, 87, 85.25, 77.11111111111111, 87.75, 68.77777777777777, 78, 74.25, 73.1, 75.88888888888889, 73.33333333333333, 75.1, 74.6, 73.8, 86.375, 84.875, 95, 81.5, 82.625, 82.625, 72, 77, 82.375, 86.5, 79.875, 86, 83.88888888888889, 89.71428571428571, 78.75, 68.8, 84, 90.16666666666667, 88.75, 79.77777777777777, 79.125, 83.75, 79.33333333333333, 80.75, 78.88888888888889, 83.875, 79.375, 90.42857142857143, 74.5, 82.22222222222223, 78.625], "entropies": [2.3216657638549805, 2.3216657638549805, 2.3216657638549805, 2.3460278511047363, 2.3460278511047363, 2.3460278511047363, 2.3698530197143555, 2.3698530197143555, 2.3698530197143555, 2.3545751571655273, 2.3545751571655273, 2.3545751571655273, 2.320681095123291, 2.320681095123291, 2.320681095123291, 2.3405380249023438, 2.3405380249023438, 2.3405380249023438, 2.3941540718078613, 2.3941540718078613, 2.3941540718078613, 2.357755184173584, 2.357755184173584, 2.357755184173584, 2.326509952545166, 2.326509952545166, 2.326509952545166, 2.3683671951293945, 2.3683671951293945, 2.3683671951293945, 2.352616310119629, 2.352616310119629, 2.352616310119629, 2.3776872158050537, 2.3776872158050537, 2.3776872158050537, 2.33732008934021, 2.33732008934021, 2.33732008934021, 2.335139513015747, 2.335139513015747, 2.335139513015747, 2.2923097610473633, 2.2923097610473633, 2.2923097610473633, 2.334545612335205, 2.334545612335205, 2.334545612335205, 2.370920419692993, 2.370920419692993, 2.370920419692993, 2.325087070465088, 2.325087070465088, 2.325087070465088, 2.3412137031555176, 2.3412137031555176, 2.3412137031555176, 2.338197708129883, 2.338197708129883, 2.338197708129883, 2.3809850215911865, 2.3809850215911865, 2.3809850215911865, 2.3504815101623535, 2.3504815101623535, 2.3504815101623535, 2.337653160095215, 2.337653160095215, 2.337653160095215, 2.323460578918457, 2.323460578918457, 2.323460578918457, 2.35986065864563, 2.35986065864563, 2.35986065864563, 2.3278045654296875, 2.3278045654296875, 2.3278045654296875, 2.3761684894561768, 2.3761684894561768, 2.3761684894561768, 2.363370895385742, 2.363370895385742, 2.363370895385742, 2.334111213684082, 2.334111213684082, 2.334111213684082, 2.302666664123535, 2.302666664123535, 2.302666664123535, 2.391972541809082, 2.391972541809082, 2.391972541809082, 2.3652186393737793, 2.3652186393737793, 2.3652186393737793, 2.3475396633148193, 2.3475396633148193, 2.3475396633148193, 2.3458192348480225, 2.3458192348480225, 2.3458192348480225, 2.347391366958618, 2.347391366958618, 2.347391366958618, 2.2725820541381836, 2.2725820541381836, 2.2725820541381836, 2.3438374996185303, 2.3438374996185303, 2.3438374996185303, 2.3410391807556152, 2.3410391807556152, 2.3410391807556152, 2.331432819366455, 2.331432819366455, 2.331432819366455, 2.254995346069336, 2.254995346069336, 2.254995346069336, 2.29337739944458, 2.29337739944458, 2.29337739944458, 2.337347984313965, 2.337347984313965, 2.337347984313965, 2.3222601413726807, 2.3222601413726807, 2.3222601413726807, 2.3306429386138916, 2.3306429386138916, 2.3306429386138916, 2.287958860397339, 2.287958860397339, 2.287958860397339, 2.338756561279297, 2.338756561279297, 2.338756561279297, 2.2910280227661133, 2.2910280227661133, 2.2910280227661133, 2.2916436195373535, 2.2916436195373535, 2.2916436195373535, 2.377470016479492, 2.377470016479492, 2.377470016479492, 2.273883819580078, 2.273883819580078, 2.273883819580078, 2.3958353996276855, 2.3958353996276855, 2.3958353996276855, 2.355635166168213, 2.355635166168213, 2.355635166168213, 2.3309969902038574, 2.3309969902038574, 2.3309969902038574, 2.3023343086242676, 2.3023343086242676, 2.3023343086242676, 2.338944911956787, 2.338944911956787, 2.338944911956787, 2.346707820892334, 2.346707820892334, 2.346707820892334, 2.347135066986084, 2.347135066986084, 2.347135066986084, 2.3156278133392334, 2.3156278133392334, 2.3156278133392334, 2.2990903854370117, 2.2990903854370117, 2.2990903854370117, 2.3350889682769775, 2.3350889682769775, 2.3350889682769775, 2.288986921310425, 2.288986921310425, 2.288986921310425, 2.3709335327148438, 2.3709335327148438, 2.3709335327148438, 2.342205286026001, 2.342205286026001, 2.342205286026001, 2.2932307720184326, 2.2932307720184326, 2.2932307720184326, 2.3327016830444336, 2.3327016830444336, 2.3327016830444336, 2.3112494945526123, 2.3112494945526123, 2.3112494945526123, 2.388728380203247, 2.388728380203247, 2.388728380203247, 2.3339405059814453, 2.3339405059814453, 2.3339405059814453, 2.3209292888641357, 2.3209292888641357, 2.3209292888641357, 2.3375000953674316, 2.3375000953674316, 2.3375000953674316, 2.3099687099456787, 2.3099687099456787, 2.3099687099456787, 2.303527355194092, 2.303527355194092, 2.303527355194092, 2.3055176734924316, 2.3055176734924316, 2.3055176734924316, 2.3125858306884766, 2.3125858306884766, 2.3125858306884766, 2.3045873641967773, 2.3045873641967773, 2.3045873641967773, 2.320246458053589, 2.320246458053589, 2.320246458053589, 2.2958054542541504, 2.2958054542541504, 2.2958054542541504, 2.340165853500366, 2.340165853500366, 2.340165853500366, 2.28041410446167, 2.28041410446167, 2.28041410446167]}