{"rewards": [-287.1074703287746, -234.0217202769975, -199.59094034599033, -172.5678718936882, -171.67385816297298], "lengths": [109.61971830985915, 112.27142857142857, 114.34328358208955, 108.19444444444444, 118.46875], "entropies": [1.3020500739415486, 1.262294888496399, 1.1901003917058308, 1.0830324093500774, 1.2281311353047688]}