{"rewards": [20.123762376237625, 27.568493150684933, 36.89719626168224, 44.76744186046512, 62.435483870967744, 87.81395348837209, 111.72222222222223, 134.6206896551724, 143.1153846153846, 172.0909090909091, 189.9, 222.5, 180.94444444444446, 182.2, 249.71428571428572, 252.30769230769232, 306.6363636363636, 359.8, 486.125, 354.625, 366.6666666666667, 449.375, 492.375, 498.875, 500.0, 430.125, 478.0, 467.5, 500.0, 500.0, 488.875, 462.75, 492.625, 500.0, 500.0, 500.0, 500.0, 500.0, 500.0, 500.0, 500.0, 500.0], "lengths": [20.123762376237625, 27.568493150684933, 36.89719626168224, 44.76744186046512, 62.435483870967744, 87.81395348837209, 111.72222222222223, 134.6206896551724, 143.1153846153846, 172.0909090909091, 189.9, 222.5, 180.94444444444446, 182.2, 249.71428571428572, 252.30769230769232, 306.6363636363636, 359.8, 486.125, 354.625, 366.6666666666667, 449.375, 492.375, 498.875, 500, 430.125, 478, 467.5, 500, 500, 488.875, 462.75, 492.625, 500, 500, 500, 500, 500, 500, 500, 500, 500], "entropies": [0.6905034780502319, 0.6903166770935059, 0.6899574995040894, 0.6804394721984863, 0.6772903203964233, 0.6750026345252991, 0.6661745309829712, 0.6569631099700928, 0.6560719013214111, 0.6393256187438965, 0.6365950107574463, 0.6357871890068054, 0.6277568340301514, 0.6178451776504517, 0.6192935705184937, 0.6258030533790588, 0.6152641177177429, 0.6130300164222717, 0.602246880531311, 0.6098049879074097, 0.6084233522415161, 0.6109915375709534, 0.6027960181236267, 0.6026257276535034, 0.6068199872970581, 0.6020928025245667, 0.5998139381408691, 0.6005768775939941, 0.5857439637184143, 0.5882400274276733, 0.5915645360946655, 0.5907211303710938, 0.5909098982810974, 0.6003550291061401, 0.5866767168045044, 0.5876191854476929, 0.5901936888694763, 0.5891480445861816, 0.5909073352813721, 0.588759183883667, 0.5881951451301575, 0.5933603048324585, 0.5834475755691528, 0.5761451721191406, 0.5716462135314941, 0.5883422493934631, 0.5865960121154785, 0.5840681791305542, 0.5789910554885864, 0.5790998339653015, 0.5772788524627686, 0.5770753622055054, 0.5680558085441589, 0.5666549205780029, 0.5841004848480225, 0.5830062627792358, 0.5788257122039795, 0.5572822690010071, 0.5593796968460083, 0.5630919933319092, 0.5772180557250977, 0.5670437216758728, 0.5664045810699463, 0.5730552673339844, 0.566085934638977, 0.5655405521392822, 0.5781337022781372, 0.5707501173019409, 0.5612174272537231, 0.5749329924583435, 0.5773114562034607, 0.5756406784057617, 0.5529972910881042, 0.5546799302101135, 0.5597836971282959, 0.560152530670166, 0.5642940998077393, 0.5660398006439209, 0.5637112259864807, 0.5576167106628418, 0.5593903660774231, 0.5751771926879883, 0.5746257305145264, 0.5842406749725342, 0.549595057964325, 0.546836256980896, 0.550146222114563, 0.517575740814209, 0.5171656012535095, 0.49390316009521484, 0.5182890892028809, 0.5197845697402954, 0.4786512851715088, 0.49662142992019653, 0.5035190582275391, 0.4730193018913269, 0.4927127957344055, 0.5037186741828918, 0.4959249198436737, 0.5014467835426331, 0.49096035957336426, 0.47167566418647766, 0.46343332529067993, 0.47258514165878296, 0.47122541069984436, 0.4685806930065155, 0.4566749334335327, 0.45333003997802734, 0.4553784132003784, 0.46017318964004517, 0.45399004220962524, 0.43928635120391846, 0.44919702410697937, 0.4452836513519287, 0.4612993896007538, 0.44355177879333496, 0.4464969336986542, 0.44968733191490173, 0.42817723751068115, 0.4186657667160034, 0.4297090470790863, 0.4200609028339386, 0.4131484627723694, 0.40887099504470825, 0.40692633390426636, 0.408659428358078]}