{"rewards": [23.855457227138643, 32.587755102040816, 49.75949367088607, 69.11607142857143], "lengths": [23.855457227138643, 32.587755102040816, 49.75949367088607, 69.11607142857143], "entropies": [0.6789072751998901, 0.6773410439491272, 0.6765657067298889, 0.6532105207443237, 0.6521990299224854, 0.6515340805053711, 0.6375924944877625, 0.6331400275230408, 0.6324359178543091, 0.6208512187004089, 0.615424633026123, 0.6132142543792725]}