{"rewards": [24.0, 26.75, 25.81404958677686, 28.004347826086956, 33.576530612244895, 39.705882352941174, 45.32, 44.86274509803921, 61.12173913043478, 56.08661417322835, 56.63492063492063, 74.66666666666667, 92.92207792207792, 106.97101449275362, 136.54545454545453, 121.0, 131.03703703703704, 149.16666666666666, 119.84745762711864, 121.6, 115.34920634920636, 101.68493150684931, 92.13924050632912, 81.51724137931035, 112.48387096774194, 132.24074074074073, 184.6578947368421, 199.39473684210526], "lengths": [24, 26.75, 25.81404958677686, 28.004347826086956, 33.576530612244895, 39.705882352941174, 45.32, 44.86274509803921, 61.12173913043478, 56.08661417322835, 56.63492063492063, 74.66666666666667, 92.92207792207792, 106.97101449275362, 136.54545454545453, 121, 131.03703703703704, 149.16666666666666, 119.84745762711864, 121.6, 115.34920634920636, 101.68493150684931, 92.13924050632912, 81.51724137931035, 112.48387096774194, 132.24074074074073, 184.6578947368421, 199.39473684210526], "entropies": [0.6816749970118204, 0.6778104503949484, 0.68062690893809, 0.6717036565144857, 0.6415521502494812, 0.6333182652791342, 0.6411475539207458, 0.5781693657239279, 0.6098553737004598, 0.6058234969774882, 0.5978748599688212, 0.5643510818481445, 0.5831836263338724, 0.6164222359657288, 0.5608669718106588, 0.5766791105270386, 0.591107447942098, 0.5868281722068787, 0.5939132571220398, 0.5735586086908976, 0.6072269479433695, 0.6110696593920389, 0.5741452972094218, 0.4946749409039815, 0.5477438171704611, 0.5599595904350281, 0.5859155456225077, 0.5779222249984741]}