{"rewards": [24.649390243902438, 29.59925093632959, 42.015625, 49.29192546583851, 60.715384615384615, 77.36, 104.66216216216216, 131.28333333333333, 173.45238095238096, 210.62857142857143, 365.9, 314.95652173913044, 435.6875, 450.875, 417.1875, 443.875, 429.05882352941177, 485.4375, 496.5625, 500.0, 500.0, 500.0, 500.0, 500.0, 500.0, 500.0, 500.0, 500.0, 500.0, 500.0, 500.0, 500.0, 500.0, 500.0, 500.0, 500.0, 500.0, 500.0, 500.0, 500.0, 500.0, 500.0, 500.0, 500.0, 500.0, 500.0, 500.0, 500.0, 500.0, 500.0, 500.0, 500.0, 500.0, 500.0, 500.0, 500.0, 500.0, 500.0, 500.0, 500.0, 500.0, 500.0, 500.0, 500.0, 500.0, 500.0, 500.0, 500.0, 500.0, 500.0, 500.0, 500.0, 500.0, 500.0, 500.0, 500.0, 500.0, 500.0, 500.0, 500.0, 500.0, 500.0, 500.0, 500.0, 500.0, 500.0, 500.0, 500.0, 500.0, 500.0, 500.0, 500.0, 500.0, 500.0, 500.0, 500.0, 500.0, 500.0, 500.0, 500.0, 500.0, 500.0, 500.0, 500.0, 500.0, 500.0, 500.0, 500.0, 500.0, 500.0, 500.0, 500.0, 500.0, 500.0, 500.0, 500.0, 500.0, 500.0], "lengths": [24.649390243902438, 29.59925093632959, 42.015625, 49.29192546583851, 60.715384615384615, 77.36, 104.66216216216216, 131.28333333333333, 173.45238095238096, 210.62857142857143, 365.9, 314.95652173913044, 435.6875, 450.875, 417.1875, 443.875, 429.05882352941177, 485.4375, 496.5625, 500, 500, 500, 500, 500, 500, 500, 500, 500, 500, 500, 500, 500, 500, 500, 500, 500, 500, 500, 500, 500, 500, 500, 500, 500, 500, 500, 500, 500, 500, 500, 500, 500, 500, 500, 500, 500, 500, 500, 500, 500, 500, 500, 500, 500, 500, 500, 500, 500, 500, 500, 500, 500, 500, 500, 500, 500, 500, 500, 500, 500, 500, 500, 500, 500, 500, 500, 500, 500, 500, 500, 500, 500, 500, 500, 500, 500, 500, 500, 500, 500, 500, 500, 500, 500, 500, 500, 500, 500, 500, 500, 500, 500, 500, 500, 500, 500, 500, 500], "entropies": [0.6757734417915344, 0.6747420430183411, 0.6720373630523682, 0.6578253507614136, 0.6561017632484436, 0.6546090245246887, 0.6447305679321289, 0.6422269344329834, 0.6407887935638428, 0.6256973147392273, 0.6234474182128906, 0.6226145029067993, 0.6153404712677002, 0.6118074655532837, 0.6113393306732178, 0.6019406914710999, 0.5985602140426636, 0.5990192890167236, 0.6096915602684021, 0.6081604361534119, 0.6058533787727356, 0.5903067588806152, 0.598426878452301, 0.5975959300994873, 0.5921734571456909, 0.5958781838417053, 0.5958451628684998, 0.5886434316635132, 0.584496021270752, 0.585413932800293, 0.602466344833374, 0.6057634353637695, 0.6022370457649231, 0.5687387585639954, 0.566673994064331, 0.5594630837440491, 0.5915594100952148, 0.58596271276474, 0.5810310244560242, 0.5519263744354248, 0.5673890709877014, 0.5809170007705688, 0.5733944773674011, 0.5640466213226318, 0.5712374448776245, 0.5842154026031494, 0.5777276754379272, 0.558443546295166, 0.5698723196983337, 0.5718879699707031, 0.5623488426208496, 0.540209174156189, 0.543303906917572, 0.5380690097808838, 0.5514485239982605, 0.5268515348434448, 0.4624236822128296, 0.46083319187164307, 0.45747989416122437, 0.4399341940879822, 0.4420691132545471, 0.4312226176261902, 0.41813844442367554, 0.430717408657074, 0.4048495590686798, 0.38682618737220764, 0.38608479499816895, 0.359373539686203, 0.34551572799682617, 0.35347747802734375, 0.3373425602912903, 0.3215872645378113, 0.3317939043045044, 0.3364729881286621, 0.33483707904815674, 0.3354765772819519, 0.3343762159347534, 0.3284263610839844, 0.3246489465236664, 0.32527515292167664, 0.32134413719177246, 0.31748518347740173, 0.3201630115509033, 0.3182624578475952, 0.3120376467704773, 0.30369627475738525, 0.294906347990036, 0.3023911118507385, 0.2924831509590149, 0.2981604039669037, 0.3084729015827179, 0.29722607135772705, 0.2883027493953705, 0.2835981249809265, 0.27340462803840637, 0.26198530197143555, 0.2676478922367096, 0.25459083914756775, 0.2448234260082245, 0.23637713491916656, 0.2383223921060562, 0.23853984475135803, 0.2267478108406067, 0.2132425755262375, 0.2061634361743927, 0.21034608781337738, 0.21018770337104797, 0.20716643333435059, 0.20976585149765015, 0.2052931934595108, 0.2038480043411255, 0.2032013088464737, 0.20058724284172058, 0.1936827301979065, 0.19824272394180298, 0.19429068267345428, 0.1877492517232895, 0.19173437356948853, 0.19261308014392853, 0.1941644251346588, 0.17327165603637695, 0.16467751562595367, 0.1612185835838318, 0.18034647405147552, 0.17847543954849243, 0.1774211823940277, 0.17911376059055328, 0.1751876026391983, 0.1715555638074875, 0.17167116701602936, 0.16829419136047363, 0.16535452008247375, 0.17294812202453613, 0.1703781634569168, 0.1686551570892334, 0.17887137830257416, 0.1759137064218521, 0.17418718338012695, 0.15538643300533295, 0.15595415234565735, 0.15482282638549805, 0.1595240980386734, 0.1572715938091278, 0.15453386306762695, 0.16881400346755981, 0.16737544536590576, 0.16629381477832794, 0.15164625644683838, 0.15017977356910706, 0.14946416020393372, 0.16313837468624115, 0.16357824206352234, 0.1623406708240509, 0.15041737258434296, 0.1499176174402237, 0.14797022938728333, 0.15062110126018524, 0.1503257304430008, 0.14966002106666565, 0.15487031638622284, 0.15304894745349884, 0.15281639993190765, 0.14500796794891357, 0.14409178495407104, 0.1422533392906189, 0.1467915177345276, 0.1458793580532074, 0.14412544667720795, 0.13560819625854492, 0.1338462233543396, 0.13187095522880554, 0.14105096459388733, 0.1368979513645172, 0.13532021641731262, 0.13058972358703613, 0.1291949450969696, 0.12730766832828522, 0.13809172809123993, 0.13523145020008087, 0.1343538910150528, 0.1392398476600647, 0.13598954677581787, 0.13463276624679565, 0.12232448160648346, 0.12128931283950806, 0.12027053534984589, 0.10544098168611526, 0.10508309304714203, 0.10554476827383041, 0.10648444294929504, 0.1040351465344429, 0.1031954288482666, 0.11733129620552063, 0.11758772283792496, 0.1170520931482315, 0.10526000708341599, 0.10496053099632263, 0.10468025505542755, 0.09851584583520889, 0.09811430424451828, 0.09799180924892426, 0.11142610013484955, 0.11027270555496216, 0.10916559398174286, 0.08213374018669128, 0.08236696571111679, 0.0818784087896347, 0.11636712402105331, 0.11525294184684753, 0.11411963403224945, 0.0962301641702652, 0.09541690349578857, 0.09555475413799286, 0.0986795499920845, 0.09844619780778885, 0.09767429530620575, 0.10884777456521988, 0.10777506977319717, 0.1069505512714386, 0.0977611169219017, 0.09639214724302292, 0.09432198852300644, 0.06773076951503754, 0.067959263920784, 0.06735339015722275, 0.07196187973022461, 0.07198333740234375, 0.07161670923233032, 0.08516871929168701, 0.08512362837791443, 0.08467407524585724, 0.06641692668199539, 0.06630440801382065, 0.06594040244817734, 0.054209236055612564, 0.0537370964884758, 0.05330227315425873, 0.06392398476600647, 0.06316415965557098, 0.06221851706504822, 0.06050891429185867, 0.060226719826459885, 0.06007431074976921, 0.07738316059112549, 0.07690377533435822, 0.0762978345155716, 0.06960752606391907, 0.06836817413568497, 0.06753133237361908, 0.06383085250854492, 0.06326618045568466, 0.06256792694330215, 0.0670810416340828, 0.0660407692193985, 0.06468869000673294, 0.05956810712814331, 0.05962412431836128, 0.05921844020485878, 0.054310671985149384, 0.05405161529779434, 0.0536365732550621, 0.06184087693691254, 0.06181902438402176, 0.06146412715315819, 0.056239113211631775, 0.05583743005990982, 0.055436279624700546, 0.0522499717772007, 0.05178186669945717, 0.051364000886678696, 0.05458873137831688, 0.05380879342556, 0.053164683282375336, 0.049405910074710846, 0.04865531623363495, 0.04827653616666794, 0.06434813886880875, 0.06434178352355957, 0.0641024112701416, 0.050459250807762146, 0.050561171025037766, 0.05025365203619003, 0.05237869173288345, 0.052144862711429596, 0.05182507261633873, 0.04176146909594536, 0.041831038892269135, 0.04160992056131363, 0.03632615879178047, 0.036080848425626755, 0.03566758334636688, 0.04372189939022064, 0.04357127845287323, 0.04337151721119881, 0.041007284075021744, 0.041008368134498596, 0.040799837559461594, 0.038131505250930786, 0.03728661313652992, 0.03682997077703476, 0.05382300540804863, 