{"rewards": [-500.0, -500.0, -500.0, -500.0, -500.0, -500.0, -500.0, -500.0, -500.0, -500.0, -500.0, -500.0, -500.0, -500.0, -500.0, -500.0, -500.0, -500.0], "lengths": [500, 500, 500, 500, 500, 500, 500, 500, 500, 500, 500, 500, 500, 500, 500, 500, 500, 500], "entropies": [1.0740113258361816, 1.0679631233215332, 1.0529637336730957, 1.0725975036621094, 1.0843327045440674, 1.0820643901824951, 1.0709315538406372, 1.0556224584579468, 1.0420721769332886, 1.011750340461731, 1.003025770187378, 1.004642367362976, 0.9958208203315735, 0.9768049716949463, 0.9619650840759277, 0.9517809152603149, 0.952303409576416, 0.9558495879173279, 0.9618651866912842, 0.9646002054214478, 0.96892911195755, 0.9702744483947754, 0.9728691577911377, 0.9808014631271362, 0.9853425621986389, 0.9868665337562561, 0.9918314814567566, 1.004753589630127, 1.0140219926834106, 1.0481454133987427, 1.0636965036392212, 1.0030349493026733, 1.0394319295883179, 1.081113338470459, 1.0838350057601929, 1.0804489850997925, 1.080195665359497, 1.086157202720642, 1.0881600379943848, 1.0877755880355835, 1.0868802070617676, 1.0860354900360107, 1.090035319328308, 1.091671347618103, 1.092851161956787, 1.0970360040664673, 1.09416663646698, 1.077897310256958, 1.072718620300293, 1.0661036968231201, 1.045902967453003, 1.0187307596206665, 1.0111281871795654, 1.0604954957962036]}