{"rewards": [19.895833333333332, 22.404761904761905, 22.973684210526315, 33.68, 30.703703703703702, 37.55555555555556, 55.642857142857146, 74.5, 100.0, 82.2, 85.0, 51.0, 44.0, 84.75, 78.0, 70.66666666666667, 99.0, 50.0, 55.333333333333336, 88.0, null, 66.33333333333333, 127.0, null, null, null, null, null, null, null, null, null, null, null, null, null, null, null, null, null, null, null, null, null, null, null, null, null, null, null, null, null, null, null, null, null, null, null, null, null, null, null, null], "lengths": [19.895833333333332, 22.404761904761905, 22.973684210526315, 33.68, 30.703703703703702, 37.55555555555556, 55.642857142857146, 74.5, 100, 82.2, 85, 51, 44, 84.75, 78, 70.66666666666667, 99, 50, 55.333333333333336, 88, null, 66.33333333333333, 127, null, null, null, null, null, null, null, null, null, null, null, null, null, null, null, null, null, null, null, null, null, null, null, null, null, null, null, null, null, null, null, null, null, null, null, null, null, null, null, null], "entropies": [0.6906720201174418, 0.6797603766123453, 0.6670910318692526, 0.6633320252100626, 0.6552416880925497, 0.6429999669392904, 0.6279301842053732, 0.6242923537890116, 0.6249281167984009, 0.6221367319424947, 0.6024059255917867, 0.6150942047437032, 0.6095281839370728, 0.6096790631612142, 0.6108619769414266, 0.6108879645665487, 0.6114193995793661, 0.6012644171714783, 0.5826898813247681, 0.5688953797022501, 0.5596418976783752, 0.5031623442967733, 0.479702889919281, 0.3733936945597331, 0.3314870794614156, 0.3261814812819163, 0.3337734341621399, 0.31479177872339886, 0.2989953060944875, 0.29811225334803265, 0.2942604422569275, 0.27154142657915753, 0.26085005203882855, 0.23128498593966165, 0.20430222153663635, 0.19857249657313028, 0.18975772460301718, 0.16173152128855386, 0.1425690899292628, 0.12217874825000763, 0.10760087271531422, 0.11481392631928126, 0.10909534245729446, 0.10791786511739095, 0.09020527203877766, 0.09640855342149734, 0.08955855667591095, 0.0961554820338885, 0.09124882519245148, 0.09902003159125645, 0.08382869511842728, 0.09469105551640193, 0.09253715227047603, 0.07225927462180455, 0.07656764735778172, 0.06883042802413304, 0.06699550648530324, 0.06988129764795303, 0.06518739213546117, 0.06109227115909258, 0.06957439333200455, 0.05549941584467888, 0.061700197557608284]}