{"rewards": [-102.29153110336547, -105.57428184988531, -104.66619662312335, -102.528191930165, -101.59234779980413, -102.00856679640033, -104.62570564056439, -102.13169451880427, -102.1659289454199, -102.80197807136956, -99.94039350432222, -101.2654986320028, -97.27570146114628, -98.08064343381628, -93.36942661622689, -97.23062483607394, -86.00564669395177, -86.24724227469477, -74.6880573949972, -89.80853790623391, -86.68556915905332, -82.77106113037924, -80.9024609329612, -64.78914709801047, -74.89580769699242, -70.56405233652606, -68.38924913053928, -73.87845545391352, -70.90889474428732, -55.040872753230715, -52.16161065848907, -46.31909512093678, -43.55330874116955, -35.30949186123424, -20.019803410173502, 6.096374561229053, 20.249744257110702, 17.093550778647597, 27.462871560112426, 36.318296702544906, 27.938789386180023, 33.680957169853265, 40.95259658625381, 80.43854454070608, 83.02937263843654, 83.56296046965383, 51.87340112881901, 52.55866195928956, 86.76431683264768, 81.07948583749587, 101.83640469536446, 90.71643443122431, 106.49508707345666, 114.72537999077811, 73.7143911549967, 80.49048028837984, 106.70819339535258, 117.14567665174356, 110.91558204531651, 132.72661533019098, 67.05795052609864, 97.31761417741022, 99.00023563774904, 149.08604480144007, 112.96453201343513, 133.99186996193646, 114.71910487051436, 61.835344085495926, 3.6387263436635995, 85.10215283125498, 49.333755685401634, 85.11318420289722, -8.200444553525454, -45.49946863235738, -35.24867369742578, 7.650714403121823, 80.46378928483274, 4.204731700663594, 45.748904209560884, -6.290298218786596, -17.090549234863676, 49.41674085987779, 32.644835182017346, -4.965613683499415, 2.756031609050095, 21.740005577315703, -42.592396806457685, -53.806534428480234, 16.45256226893846, -19.16418555643769, -45.406436655453405, -27.07123262210376, -30.202456599085874, -31.317371341160243, 3.289964696773301, 8.616719246382921, 10.97528163529028, 12.592684655629489, 24.31724693787582, 70.11245391715845, 34.003230660832806, 48.98786029630404, -12.084603644788837, -52.56358003547744], "lengths": [1293.9, 1291.3, 1298.6, 1442.4444444444443, 1600, 1600, 1431, 1600, 1600, 1185.4545454545455, 1600, 1300.4, 1429.5555555555557, 1429.2222222222222, 1293.1, 1009.6153846153846, 1600, 1299.5, 1600, 1022.6923076923077, 947.1428571428571, 1016.9230769230769, 1092.4166666666667, 1600, 1092.0833333333333, 1182.909090909091, 1183.090909090909, 943.7857142857143, 1015.3076923076923, 1429.111111111111, 1290.7, 1428, 1299.7, 1294.6, 1431.111111111111, 1600, 1600, 1600, 1600, 1600, 1554.375, 1330.7, 1295.9, 1600, 1600, 1600, 1333.6, 1394.3333333333333, 1599.25, 1457.25, 1600, 1595, 1600, 1600, 1298.8, 1323.888888888889, 1442.2222222222222, 1530, 1435.888888888889, 1600, 1233.4444444444443, 1327.2, 1301.9, 1600, 1431.7777777777778, 1458.75, 1317.2222222222222, 1040.6923076923076, 744.6666666666666, 1265, 1031.2, 1239.7777777777778, 747.6111111111111, 542.5238095238095, 543.952380952381, 770.0625, 1118.0833333333333, 718.7647058823529, 920.6363636363636, 722.1176470588235, 588.7619047619048, 1034.5454545454545, 871.8333333333334, 671.3333333333334, 697.8, 794.9444444444445, 494.51851851851853, 386.5882352941176, 714.1111111111111, 632.1578947368421, 472.75, 593.047619047619, 574.7727272727273, 528.5238095238095, 867, 706, 705.2, 717.2666666666667, 804.4666666666667, 998.8333333333334, 861.4, 980, 612.8666666666667, 430.04], "entropies": [3.515436808268229, 3.7636196613311768, 3.8070961634318032, 3.875141143798828, 3.958118279774984, 4.088631788889567, 4.0016069412231445, 4.073254267374675, 4.22456153233846, 4.421131769816081, 4.369038899739583, 4.438310941060384, 4.474873860677083, 4.556242307027181, 4.579795678456624, 4.501891136169434, 4.48118257522583, 4.593594074249268, 4.491419792175293, 4.642901261647542, 4.640901247660319, 4.556234995524089, 4.620813846588135, 4.602865378061931, 4.5435512860616045, 4.563029766082764, 4.525374889373779, 4.512059052785237, 4.578287442525228, 4.629282792409261, 4.656845887502034, 4.773216088612874, 4.7127448717753095, 4.697919845581055, 4.675831000010173, 4.5965274175008135, 4.547487894694011, 4.631200472513835, 4.557340621948242, 4.407469272613525, 4.3437371253967285, 4.114350159962972, 3.992328723271688, 3.936389128367106, 3.867621580759684, 3.770035187403361, 3.879879872004191, 3.8141066233317056, 3.8152796427408853, 3.828958034515381, 3.769380489985148, 3.6942286491394043, 3.6175721486409507, 3.5222671826680503, 3.4538656870524087, 3.446893056233724, 3.388418356577555, 3.3773794968922934, 3.315366586049398, 3.3417814572652182, 3.2916765213012695, 3.217266003290812, 3.0757625102996826, 3.0649479230244956, 3.0613706906636557, 3.069886843363444, 3.0911737283070884, 3.051008939743042, 2.9942503770192466, 2.9792062441507974, 3.0527497132619223, 2.972430864969889, 2.9611543814341226, 3.0082236925760903, 3.0151036580403647, 3.0489891370137534, 2.9202024936676025, 2.9285544554392495, 2.933792511622111, 2.9261320432027182, 2.847081104914347, 2.764477332433065, 2.84417994817098, 2.810399293899536, 2.7666749954223633, 2.7464064757029214, 2.7755022843678794, 2.766242504119873, 2.7645079294840493, 2.93861452738444, 2.944175402323405, 2.9129323164621987, 2.8659282525380454, 2.9043572743733725, 2.8076065381368003, 2.7965831756591797, 2.6770397822062173, 2.7086219787597656, 2.6670753955841064, 2.574360450108846, 2.5720361868540444, 2.6586407820383706, 2.706175963083903, 2.6658569971720376]}