{"rewards": [-219.62358027185957, -213.32764935825764, -181.75816091882675, -196.1537848591224, -174.0328985919864, -203.94886333050766, -173.05034188144083, -97.46876607970333, -132.0527419865629, -196.5438433255454, -301.2174015799606, -326.942030571683, -435.73806296263206, -279.48417541766], "lengths": [94.5, 74.88888888888889, 86.33333333333333, 85.375, 71.375, 82.33333333333333, 81.5, 76.11111111111111, 91.42857142857143, 94.16666666666667, 99.4, 86.33333333333333, 102, 89.71428571428571], "entropies": [1.56494144598643, 1.166562795639038, 1.1576881408691406, 1.1129072904586792, 1.097805142402649, 1.0536449352900188, 1.0635243654251099, 1.130226453145345, 1.2179608345031738, 1.0921170711517334, 0.9510920643806458, 1.0909732580184937, 1.1566836833953857, 1.165153980255127]}