{"rewards": [-114.59577323942321, -120.9735352505954, -118.18351303252936, -119.06887925838505, -120.24471385054032, -119.01463470681115, -122.86947338285569, -118.54931461434, -119.10677744670397, -119.75105048242355, -117.11818374136361, -117.23600668405771, -117.59125152968105, -119.03663980455721, -116.98747846254311, -116.11154649876379, -113.8443862435447, -114.61748606124475, -116.90245943474375, -115.11971976077626, -115.63851312097154, -116.7743341498181, -119.6624477771856, -120.16684622950847, -122.8414193042203, -121.49731301421056, -118.96611997126405, -117.45548385760706, -115.42966310215375, -105.59512164908975, -97.44801529088426, -100.59859938820087, -121.15151967151866], "lengths": [945.0714285714286, 504.2692307692308, 567.7826086956521, 1289.4, 836.5, 853.125, 1430.888888888889, 884.4666666666667, 745.7222222222222, 1086.25, 1187.8181818181818, 1083.1666666666667, 1004.3076923076923, 1013.7692307692307, 1091.5833333333333, 1176.8181818181818, 700.7368421052631, 1290, 786.5294117647059, 1083.9166666666667, 1600, 1428.5555555555557, 1600, 1600, 1600, 1600, 1600, 1427.2222222222222, 1600, 1600, 1600, 1600, 1336.4444444444443], "entropies": [4.440521240234375, 4.442931652069092, 4.444375038146973, 4.559308052062988, 4.544247150421143, 4.540864944458008, 4.516239166259766, 4.527754306793213, 4.526498794555664, 4.525535583496094, 4.526578903198242, 4.526193141937256, 4.548233509063721, 4.53847074508667, 4.533866882324219, 4.570460319519043, 4.5738844871521, 4.56751823425293, 4.688967227935791, 4.687712669372559, 4.686505317687988, 4.702220916748047, 4.714384078979492, 4.710854530334473, 4.677721977233887, 4.6933770179748535, 4.685978889465332, 4.877619743347168, 4.8800835609436035, 4.889429569244385, 4.823486804962158, 4.822580337524414, 4.821942329406738, 4.746615409851074, 4.746265411376953, 4.750699996948242, 4.784173488616943, 4.792028427124023, 4.789847373962402, 4.836604595184326, 4.839117050170898, 4.839999675750732, 4.804094314575195, 4.79006290435791, 4.783555030822754, 4.831528663635254, 4.82518196105957, 4.822622299194336, 4.720205307006836, 4.72967529296875, 4.724911689758301, 4.812860488891602, 4.821328163146973, 4.823310852050781, 4.745235443115234, 4.752994537353516, 4.755791664123535, 4.943639755249023, 4.937481880187988, 4.934680461883545, 5.0340189933776855, 5.045319080352783, 5.045806884765625, 5.187625885009766, 5.198822975158691, 5.1983323097229, 5.333428859710693, 5.349566459655762, 5.351529598236084, 5.616946697235107, 5.636837005615234, 5.6410369873046875, 5.86957311630249, 5.875589847564697, 5.874623775482178, 5.7694807052612305, 5.786007881164551, 5.786105632781982, 5.92749547958374, 5.925856113433838, 5.927853584289551, 5.892633438110352, 5.884687900543213, 5.8897318840026855, 5.81103515625, 5.822299003601074, 5.820236682891846, 5.763565540313721, 5.77097749710083, 5.768492221832275, 5.565836429595947, 5.557973861694336, 5.555197238922119, 5.487728118896484, 5.501608371734619, 5.497352600097656, 5.23974084854126, 5.25111722946167, 5.2458696365356445]}