{"rewards": [20.969594594594593, 20.294701986754966, 19.60912052117264, 17.957575757575757, 17.094285714285714, 19.22429906542056, 22.21985815602837], "lengths": [20.969594594594593, 20.294701986754966, 19.60912052117264, 17.957575757575757, 17.094285714285714, 19.22429906542056, 22.21985815602837], "entropies": [0.6931427121162415, 0.6931227048238119, 0.6930413246154785, 0.6929807662963867, 0.6929996411005656, 0.6930287877718607, 0.6930349667867025]}