{"rewards": [14.988888888888889, 21.897018970189702, 31.193050193050194, 41.677083333333336, 58.984962406015036, 87.97647058823529, 119.0625, 156.97916666666666, 181.7560975609756, 216.3030303030303, 233.09375, 329.55555555555554, 381.05882352941177, 373.7894736842105, 468.0, 496.375, 453.25, 500.0, 495.875, 477.0, 411.875, 493.0, 500.0, 500.0, 500.0, 500.0, 500.0, 500.0, 500.0, 500.0, 500.0, 500.0, 500.0, 500.0, 500.0, 500.0, 500.0, 500.0, 500.0, 500.0, 500.0, 500.0, 500.0, 500.0], "lengths": [14.988888888888889, 21.897018970189702, 31.193050193050194, 41.677083333333336, 58.984962406015036, 87.97647058823529, 119.0625, 156.97916666666666, 181.7560975609756, 216.3030303030303, 233.09375, 329.55555555555554, 381.05882352941177, 373.7894736842105, 468, 496.375, 453.25, 500, 495.875, 477, 411.875, 493, 500, 500, 500, 500, 500, 500, 500, 500, 500, 500, 500, 500, 500, 500, 500, 500, 500, 500, 500, 500, 500, 500], "entropies": [0.6780850887298584, 0.6818186044692993, 0.6755388975143433, 0.6866937875747681, 0.6844767332077026, 0.6828039288520813, 0.6621533632278442, 0.6571453809738159, 0.6559796333312988, 0.6296305656433105, 0.625481128692627, 0.6257709264755249, 0.6154911518096924, 0.6069736480712891, 0.6075685024261475, 0.6165479421615601, 0.6049530506134033, 0.6010512709617615, 0.6088382005691528, 0.604819118976593, 0.6001052260398865, 0.5977863073348999, 0.5919735431671143, 0.5880545377731323, 0.5998903512954712, 0.6001617908477783, 0.597600519657135, 0.5896346569061279, 0.583188533782959, 0.5821816921234131, 0.5800290703773499, 0.573706865310669, 0.5768450498580933, 0.576805591583252, 0.5707566738128662, 0.5601011514663696, 0.5621703267097473, 0.5708736181259155, 0.5667235851287842, 0.5788823962211609, 0.5691656470298767, 0.5653380751609802, 0.5607194304466248, 0.5748251080513, 0.5704149007797241, 0.5688916444778442, 0.5630254745483398, 0.5690525770187378, 0.5727144479751587, 0.5718316435813904, 0.5614584684371948, 0.5537246465682983, 0.5583720803260803, 0.541825532913208, 0.5314649343490601, 0.5269535779953003, 0.5116000771522522, 0.5093470811843872, 0.4996490180492401, 0.45738449692726135, 0.46578359603881836, 0.4539758861064911, 0.4411662817001343, 0.44723665714263916, 0.4326972961425781, 0.42279052734375, 0.41813427209854126, 0.4047437906265259, 0.3991205096244812, 0.40609878301620483, 0.3864191174507141, 0.37543320655822754, 0.37406498193740845, 0.3706895709037781, 0.3688183128833771, 0.37072688341140747, 0.35974666476249695, 0.3529823124408722, 0.3559987246990204, 0.3357548117637634, 0.3258722722530365, 0.31938838958740234, 0.3242453336715698, 0.32857584953308105, 0.3200623393058777, 0.32110196352005005, 0.32297879457473755, 0.32827964425086975, 0.3192083537578583, 0.31180185079574585, 0.2926419973373413, 0.28221309185028076, 0.27790796756744385, 0.28148484230041504, 0.27942848205566406, 0.2785615026950836, 0.2811878025531769, 0.28096553683280945, 0.27404776215553284, 0.258358359336853, 0.24906286597251892, 0.24143388867378235, 0.2542782425880432, 0.2494737207889557, 0.25116589665412903, 0.2526361644268036, 0.245713010430336, 0.24030210077762604, 0.24867381155490875, 0.2473715841770172, 0.2443278729915619, 0.24168750643730164, 0.23664775490760803, 0.23344255983829498, 0.22425483167171478, 0.2193056344985962, 0.21133506298065186, 0.22620147466659546, 0.2211933434009552, 0.2190622091293335, 0.2361435741186142, 0.23144003748893738, 0.22931191325187683, 0.22777938842773438, 0.22971591353416443, 0.22934290766716003, 0.2208513617515564, 0.21540462970733643, 0.2157217264175415, 0.22133660316467285, 0.21803438663482666, 0.21535837650299072]}