{"rewards": [24.145833333333332, 38.97073170731707], "lengths": [24.145833333333332, 38.97073170731707], "entropies": [0.6763975024223328, 0.6740344166755676, 0.6726175546646118, 0.6404069662094116, 0.6335057020187378, 0.6313772201538086]}