{"rewards": [22.74438202247191, 29.791044776119403, 34.684444444444445, 43.215053763440864, 48.17901234567901], "lengths": [22.74438202247191, 29.791044776119403, 34.684444444444445, 43.215053763440864, 48.17901234567901], "entropies": [0.6894524693489075, 0.6831846833229065, 0.6784076690673828, 0.6765230894088745, 0.6701973080635071, 0.6615842580795288, 0.6548222303390503, 0.6464673280715942, 0.6389485001564026, 0.6559633016586304, 0.6502777338027954, 0.6440151929855347, 0.6360577940940857, 0.6324300765991211, 0.6291119456291199]}