{"rewards": [-328.0532830194217, -292.47113426203896, -320.2595601647428, -281.3946110928238, -317.6422513861712, -288.1446697647575, -279.32585886868526, -277.4333181805027, -290.1233627784099, -296.11829068625366, -290.04219761273146, -318.67041936260415], "lengths": [100, 100, 100, 100, 100, 100, 100, 100, 100, 100, 100, 100], "entropies": [18.732498168945312, 22.492156982421875, 21.804994583129883, 21.44902801513672, 25.019094467163086, 24.19411277770996, 22.816316604614258, 22.989990234375, 23.872560501098633, 24.011205673217773, 24.081787109375, 24.066003799438477, 22.800506591796875, 24.121097564697266, 23.954124450683594, 23.510604858398438, 22.82308006286621, 22.85623550415039, 23.09011459350586, 23.210670471191406, 23.28769302368164, 23.330833435058594, 23.375686645507812, 23.425792694091797, 7.456335544586182, 8.792597770690918, 10.531265258789062, 23.557510375976562, 23.61461067199707, 23.69428062438965, 16.57046890258789, 19.54686737060547, 21.623462677001953, 19.380815505981445, 19.879526138305664, 21.793607711791992]}