{"rewards": [-325.0405169938175, -267.4922377282867, -357.29361928446673, -219.35690498594226], "lengths": [100, 100, 100, 100], "entropies": [NaN, NaN, NaN, NaN, NaN, NaN, NaN, NaN, NaN, NaN, NaN, NaN]}