{"rewards": [35.41136345991216, 36.983038600728676, 40.146459288455446, 46.422807226774495, 54.546043750149515, 69.13377504046846, 79.52947390300325, 87.65356757866866, 100.58739457946773, 119.69721285138698, 123.67862822983915, 136.7538360033129, 147.70491497715457, 159.03731525037182, 173.43987699178192, 197.25700540151988, 221.50552757485207, 245.0249517836013, 257.2421983210443, 275.17793895221996, 285.48463452536555, 279.9190497282598, 251.1929670988582, 264.8213238105495, 322.9993521679483, 366.8407248813631, 346.3920153953526, 317.83674040859404, 319.6366400347504, 358.29467860320506, 348.19609068919016, 307.1920186506102, 306.89858299989476, 291.88085360845184, 289.7160032386309, 310.31007585680885, 286.0037268235937, 348.1108244942225, 331.7981242055254, 347.98156482697425, 355.63378879879104, 560.7287409827377, 718.5772869562355, 912.6405481567003, 807.8554910222888, 932.9221367328412, 1439.0578168063973, 1492.5894064262473, 1423.353627419643, 1919.98329447677, 93.41522683367182, 85.05643627934882, 90.91434023931284, 97.33897591157195, 104.19823795173431, 118.04329852099606, 129.6315713121415, 146.70140678131153, 157.35424411919018, 163.21827218113415, 183.81138507019216, 191.18280205400404, 225.2566604093505, 238.88636675637147, 254.94165967722287, 286.39251591785546, 298.6901116714219, 311.24918944293574, 311.7278938155518, 337.9210798426667, 323.96452603526467, 335.59062427440085, 341.665911328021, 349.13945301370126, 400.5594737678036, 403.0339084370176, 457.6033402271704, 387.3019552834145, 422.86148482517297, 557.4635218569958, 507.4981595247587, 515.691198217969, 684.8230140875795, 611.4134041138802, 780.7162092397372, 809.2834699885374, 845.2053507388711, 1020.9883847792643, 1083.8058277457958, 1000.5035546092017, 1794.7413695678556, 1481.0978514990554, 2764.4932421989456, 134.3767621296578, 143.0049667944389, 135.76639136881158, 142.1735722445309, 143.25324039866024, 166.69551054714006, 165.36971518837672, 177.09576273364286, 193.3931048422411, 207.94144801392355, 216.17445476342658, 232.01773852805388, 241.5008930850869, 238.67254434428006, 263.51097796366, 270.05480263747006, 281.02374609962624, 338.6276730980399, 368.35432439207756, 386.3919891638204, 367.35344411609844], "lengths": [3.9516441005802707, 4.118951612903226, 4.46120218579235, 5.131909547738694, 6.004411764705883, 7.566666666666666, 8.678723404255319, 9.545667447306792, 10.924932975871315, 12.968152866242038, 13.392739273927393, 14.791970802919709, 15.964426877470355, 17.185654008438817, 18.73611111111111, 21.305263157894736, 23.923076923076923, 26.44736842105263, 27.751724137931035, 29.68148148148148, 30.786259541984734, 30.19402985074627, 27.12751677852349, 28.595744680851062, 34.80172413793103, 39.47, 37.29245283018868, 34.241379310344826, 34.422413793103445, 38.56190476190476, 37.495327102803735, 33.122950819672134, 33.11666666666667, 31.5078125, 31.284615384615385, 33.446280991735534, 30.862595419847327, 37.48598130841121, 35.73873873873874, 37.47663551401869, 38.29807692307692, 60.196969696969695, 77.05882352941177, 97.7948717948718, 86.6086956521739, 99.97142857142858, 154.08333333333334, 159.77272727272728, 152.38095238095238, 205.45454545454547, 10.129032258064516, 9.25909090909091, 9.88135593220339, 10.55958549222798, 11.296398891966758, 12.79245283018868, 14.048442906574394, 15.8984375, 17.050420168067227, 17.685589519650655, 19.92156862745098, 20.709183673469386, 24.39156626506024, 25.85987261146497, 27.59027777777778, 30.976923076923075, 32.296, 33.61666666666667, 33.666666666666664, 36.486486486486484, 34.973684210526315, 36.207207207207205, 36.872727272727275, 37.666666666666664, 43.17391304347826, 43.43010752688172, 49.28395061728395, 41.744680851063826, 45.55813953488372, 60, 54.64383561643836, 55.50684931506849, 73.67307692307692, 65.8, 83.95652173913044, 87.02325581395348, 90.86842105263158, 109.77777777777777, 116.51612903225806, 107.58823529411765, 192.72222222222223, 159.0909090909091, 296.7692307692308, 14.60431654676259, 15.53639846743295, 14.747292418772563, 15.44106463878327, 15.567049808429118, 18.09777777777778, 17.96, 19.232227488151658, 21.015544041450777, 22.583333333333332, 23.461988304093566, 25.180124223602483, 26.2012987012987, 25.897435897435898, 28.58992805755396, 29.277372262773724, 30.47328244274809, 36.63636363636363, 39.84848484848485, 41.802083333333336, 39.74],