{"rewards": [17.125, 19.613636363636363, 22.342105263157894, 27.8125, 45.68421052631579, 41.833333333333336, 50.30769230769231], "lengths": [17.125, 19.613636363636363, 22.342105263157894, 27.8125, 45.68421052631579, 41.833333333333336, 50.30769230769231], "entropies": [0.6919567982355753, 0.6873227755228678, 0.6723695794741312, 0.65505051612854, 0.651026169459025, 0.6299134294191996, 0.6277494033177694]}