{"rewards": [22.4, 33.18181818181818, 27.0, 33.333333333333336, 29.22222222222222, 54.666666666666664, 47.333333333333336, 45.833333333333336, 52.25, 63.166666666666664, 58.714285714285715, 55.2, 75.5, 52.333333333333336, 98.5, 67.25, 73.75], "lengths": [22.4, 33.18181818181818, 27, 33.333333333333336, 29.22222222222222, 54.666666666666664, 47.333333333333336, 45.833333333333336, 52.25, 63.166666666666664, 58.714285714285715, 55.2, 75.5, 52.333333333333336, 98.5, 67.25, 73.75], "entropies": [0.6732653379440308, 0.6723009943962097, 0.6716525554656982, 0.6711214780807495, 0.6711845397949219, 0.6715710163116455, 0.6708937287330627, 0.671184778213501, 0.6704368591308594, 0.6712414026260376, 0.6758328080177307, 0.6675496101379395, 0.6674036979675293, 0.6703903675079346, 0.6684284806251526, 0.671002984046936, 0.6661563515663147, 0.6766613125801086, 0.6697841882705688, 0.6704301238059998, 0.6689257025718689, 0.6644374132156372, 0.6687909364700317, 0.6690512895584106, 0.6693792939186096, 0.6684147715568542, 0.6675716042518616, 0.6696392297744751, 0.6645956039428711, 0.6657301187515259, 0.6670525074005127, 0.6614388227462769, 0.6536918878555298, 0.6542114019393921, 0.6551796793937683, 0.6534550786018372, 0.6528698205947876, 0.6523643732070923, 0.6527586579322815, 0.6519606113433838, 0.646289587020874, 0.642060399055481, 0.6430529952049255, 0.6433193683624268, 0.6442513465881348, 0.6438735723495483, 0.645094096660614, 0.6449170112609863, 0.6452927589416504, 0.6447657942771912, 0.6641135215759277, 0.6616674661636353, 0.6580698490142822, 0.6573660373687744, 0.6577435731887817, 0.6582661271095276, 0.6586074829101562, 0.6575299501419067, 0.6575632095336914, 0.6582484245300293, 0.6456865072250366, 0.6417332887649536, 0.6366094946861267, 0.6361055374145508, 0.63707435131073, 0.6367718577384949, 0.6366361379623413, 0.6366366147994995, 0.636359453201294, 0.6364551782608032, 0.6425898671150208, 0.6354283690452576, 0.6378563642501831, 0.636570930480957, 0.6419150233268738, 0.6388843655586243, 0.6451439261436462, 0.6420052647590637, 0.6454167366027832, 0.6423786878585815, 0.6421120166778564, 0.6314713954925537, 0.6332610249519348, 0.6345794200897217, 0.6326127052307129, 0.633956789970398, 0.6330618858337402, 0.6333386301994324, 0.6330111622810364, 0.6326987743377686, 0.6390678882598877, 0.6299211978912354, 0.6309412717819214, 0.6315302848815918, 0.6320002675056458, 0.6322171688079834, 0.6321383118629456, 0.6313868761062622, 0.6310362815856934, 0.6310809254646301, 0.626891016960144, 0.6186248064041138, 0.6199865341186523, 0.621281623840332, 0.6216039061546326, 0.6223742365837097, 0.6233880519866943, 0.6238976716995239, 0.6236510276794434, 0.6234345436096191, 0.6291224956512451, 0.618525505065918, 0.6126286387443542, 0.6098008155822754, 0.6083719730377197, 0.6081926226615906, 0.6088541746139526, 0.6099468469619751, 0.6109867095947266, 0.6124894022941589, 0.623167872428894, 0.6172352433204651, 0.6119200587272644, 0.610518217086792, 0.6125638484954834, 0.6122726202011108, 0.6114959716796875, 0.6124154329299927, 0.6128122806549072, 0.6130439639091492, 0.6130865216255188, 0.6091575622558594, 0.6053427457809448, 0.6049339771270752, 0.6061610579490662, 0.6058012247085571, 0.6071915626525879, 0.607394278049469, 0.6077780723571777, 0.6074411273002625, 0.6218476295471191, 0.625244140625, 0.6269456744194031, 0.6265232563018799, 0.6247833371162415, 0.6243921518325806, 0.6230744123458862, 0.6222018003463745, 0.6237661242485046, 0.6365174055099487, 0.6343302130699158, 0.6323886513710022, 0.6310694813728333, 0.6301349401473999, 0.6285322904586792, 0.6265137195587158, 0.6243181228637695, 0.6249655485153198, 0.6252228617668152, 0.6236550807952881, 0.6371082067489624, 0.6344324946403503, 0.6316180229187012, 0.6303602457046509, 0.6296758651733398, 0.629003643989563, 0.6285759806632996, 0.628338634967804, 0.628105878829956, 0.6284229755401611]}