{"rewards": [24.5311004784689, 27.49738219895288, 34.81481481481482, 40.22147651006711, 48.87301587301587, 83.55, 91.70833333333333, 92.10958904109589, 101.06349206349206, 162.82926829268294], "lengths": [24.5311004784689, 27.49738219895288, 34.81481481481482, 40.22147651006711, 48.87301587301587, 83.55, 91.70833333333333, 92.10958904109589, 101.06349206349206, 162.82926829268294], "entropies": [0.6662302017211914, 0.6293050845464071, 0.6414270997047424, 0.5882237354914347, 0.5250337918599447, 0.5865767598152161, 0.5972341696421305, 0.564267118771871, 0.5960849722226461, 0.5689356923103333]}