{"rewards": [20.486005089058523, 29.583941605839417, 36.27699530516432, 55.076388888888886, 74.85714285714286, 99.2051282051282, 138.4, 167.7674418604651, 246.82142857142858, 297.5833333333333, 300.1818181818182, 397.05555555555554, 420.9375, 485.625, 478.6875, 441.1764705882353, 490.875, 450.4375], "lengths": [20.486005089058523, 29.583941605839417, 36.27699530516432, 55.076388888888886, 74.85714285714286, 99.2051282051282, 138.4, 167.7674418604651, 246.82142857142858, 297.5833333333333, 300.1818181818182, 397.05555555555554, 420.9375, 485.625, 478.6875, 441.1764705882353, 490.875, 450.4375], "entropies": [0.6902320384979248, 0.6888192892074585, 0.6874465346336365, 0.6701899170875549, 0.666490912437439, 0.6640921831130981, 0.6480122804641724, 0.6428427696228027, 0.6415189504623413, 0.6228717565536499, 0.6198949813842773, 0.6191107630729675, 0.6116217374801636, 0.6052222847938538, 0.604982852935791, 0.6006344556808472, 0.5962330102920532, 0.5938471555709839, 0.5935308933258057, 0.5897111892700195, 0.5878674387931824, 0.5894001722335815, 0.5844829082489014, 0.5856962203979492, 0.5920267105102539, 0.5907571315765381, 0.5876519680023193, 0.5756887793540955, 0.5736598968505859, 0.5726878643035889, 0.5886063575744629, 0.5806084871292114, 0.5759937763214111, 0.5808349847793579, 0.572998583316803, 0.5703140497207642, 0.5651832818984985, 0.5266627073287964, 0.5540595650672913, 0.5726723074913025, 0.5717358589172363, 0.5777308940887451, 0.5687610507011414, 0.5793242454528809, 0.5829209089279175, 0.583228349685669, 0.5882217884063721, 0.5733178853988647, 0.5599218606948853, 0.5700887441635132, 0.5693094730377197, 0.5778306126594543, 0.574845016002655, 0.5318368673324585]}