{"rewards": [23.411594202898552, 25.67515923566879, 23.02279202279202], "lengths": [23.411594202898552, 25.67515923566879, 23.02279202279202], "entropies": [NaN, NaN, NaN, NaN, NaN, NaN, NaN, NaN, NaN]}