{"rewards": [23.49621212121212, 32.1747572815534, 57.739837398373986, 119.69491525423729, 275.72, 451.125, 500.0, 500.0, 450.125, 288.9166666666667, 363.4736842105263, 458.1875, 426.47058823529414, 491.8125, 444.0, 454.0625, 430.7647058823529, 463.3125, 486.4375, 482.625], "lengths": [23.49621212121212, 32.1747572815534, 57.739837398373986, 119.69491525423729, 275.72, 451.125, 500, 500, 450.125, 288.9166666666667, 363.4736842105263, 458.1875, 426.47058823529414, 491.8125, 444, 454.0625, 430.7647058823529, 463.3125, 486.4375, 482.625], "entropies": [0.6772461732228597, 0.631523072719574, 0.6099270979563395, 0.5520410935084025, 0.5345522165298462, 0.5424886147181193, 0.4755304555098216, 0.48045023282368976, 0.5190610686937968, 0.5277667840321859, 0.5048875411351522, 0.488328218460083, 0.49641768137613934, 0.4864671727021535, 0.5590986808141073, 0.45056678851445514, 0.5137283802032471, 0.5458159844080607, 0.6011514266331991, 0.5832187334696451]}