{"rewards": [31.787401574803148, 40.944162436548226, 56.824817518248175, 96.2948717948718, 126.80357142857143, 188.64102564102564, 185.775, 215.5], "lengths": [31.787401574803148, 40.944162436548226, 56.824817518248175, 96.2948717948718, 126.80357142857143, 188.64102564102564, 185.775, 215.5], "entropies": [0.6569994688034058, 0.6558520793914795, 0.6539112329483032, 0.6402648091316223, 0.6372160315513611, 0.6368230581283569, 0.6267118453979492, 0.623315691947937, 0.6226348876953125, 0.6209377646446228, 0.6126009821891785, 0.6098344922065735, 0.6096864342689514, 0.6008275747299194, 0.6004339456558228, 0.5944039821624756, 0.5876014232635498, 0.5898696780204773, 0.597721517086029, 0.588970422744751, 0.5990154147148132, 0.598280668258667, 0.6016797423362732, 0.6022262573242188]}