{"rewards": [-348.2444721961251, -294.03898572221726, -296.2113273157939, -319.1354845421942, -275.4939032274777, -299.4981121199492, -309.29415361443796, -258.66226231928385, -219.6334654815402, -211.92136695057354, -211.34308342752527, -132.4431570590123, -133.12886294480248, -136.79568911245696, -128.3389952211751, -132.82272944600908, -134.1358709320357, -128.22239850217866, -136.87893200252242, -138.9719764592767], "lengths": [131.78181818181818, 111.27142857142857, 99.53164556962025, 96.18518518518519, 109.58571428571429, 104.8082191780822, 104.95890410958904, 108.83333333333333, 107.98591549295774, 113.66176470588235, 122.8688524590164, 68.6086956521739, 70.06194690265487, 68.02586206896552, 69.38053097345133, 72.60185185185185, 70.70535714285714, 70.02654867256638, 69.4424778761062, 69.85840707964601], "entropies": [1.8833694855372112, 1.7943027416865032, 1.998139460881551, 2.1357169151306152, 2.2620983918507895, 2.673058350880941, 2.821788231531779, 2.7701582113901773, 2.63034717241923, 2.5999063650767007, NaN, NaN, NaN, NaN, NaN, NaN, NaN, NaN, NaN, NaN]}