{"rewards": [18.88139534883721, 31.10810810810811, 43.9010989010989, 63.17460317460318, 93.08333333333333, 139.42, 293.15, 474.9375, 500.0, 500.0], "lengths": [18.88139534883721, 31.10810810810811, 43.9010989010989, 63.17460317460318, 93.08333333333333, 139.42, 293.15, 474.9375, 500, 500], "entropies": [0.6880958278973898, 0.6623095870018005, 0.6289241313934326, 0.6100812554359436, 0.5977358420689901, 0.5561663309733073, 0.47222112615903217, 0.4359900752703349, 0.4204198718070984, 0.38774095972379047]}