{"debug": false, "env_name": "CartPole-v1", "state_dim": 4, "n_actions": 2, "continuous_control": false, "horizon": 1024, "workers": 8, "discount": 0.99, "learning_rate": 0.0003, "clip": 0.2, "c_entropy": 0.009999999776482582, "c_value": 1.0, "lam": 0.97, "gradient_clipping": 0.5, "clip_values": true, "tbptt_length": 8, "builder_function_name": "build_ffn_distinct_models", "is_recurrent": false, "iteration": 3, "current_fps": 1611.218629730652, "device": "GPU:0", "model_export_dir": "storage/saved_models/exports/", "agent_id": 1574852679, "agent_directory": "storage/saved_models/states//1574852679/", "total_frames_seen": 32768, "total_episodes_seen": 1060, "episode_reward_history": [10.0, 16.0, 17.0, 11.0, 11.0, 21.0, 17.0, 51.0, 13.0, 16.0, 13.0, 19.0, 31.0, 12.0, 11.0, 11.0, 14.0, 20.0, 26.0, 30.0, 20.0, 12.0, 33.0, 19.0, 38.0, 16.0, 40.0, 15.0, 10.0, 21.0, 17.0, 11.0, 50.0, 12.0, 27.0, 14.0, 33.0, 22.0, 25.0, 9.0, 15.0, 14.0, 15.0, 14.0, 14.0, 37.0, 38.0, 23.0, 13.0, 21.0, 27.0, 40.0, 11.0, 17.0, 13.0, 29.0, 16.0, 13.0, 13.0, 17.0, 13.0, 12.0, 12.0, 16.0, 10.0, 13.0, 41.0, 18.0, 19.0, 34.0, 18.0, 10.0, 12.0, 37.0, 34.0, 14.0, 13.0, 25.0, 13.0, 10.0, 10.0, 11.0, 12.0, 9.0, 19.0, 19.0, 41.0, 11.0, 23.0, 15.0, 18.0, 13.0, 10.0, 37.0, 16.0, 12.0, 52.0, 17.0, 11.0, 18.0, 13.0, 18.0, 14.0, 27.0, 35.0, 16.0, 30.0, 18.0, 27.0, 12.0, 27.0, 15.0, 17.0, 17.0, 27.0, 14.0, 21.0, 13.0, 27.0, 12.0, 12.0, 10.0, 11.0, 10.0, 13.0, 30.0, 13.0, 12.0, 21.0, 18.0, 10.0, 14.0, 12.0, 8.0, 30.0, 13.0, 16.0, 17.0, 18.0, 9.0, 12.0, 20.0, 19.0, 19.0, 11.0, 11.0, 39.0, 22.0, 20.0, 20.0, 22.0, 19.0, 12.0, 17.0, 13.0, 18.0, 24.0, 12.0, 14.0, 18.0, 28.0, 12.0, 21.0, 14.0, 27.0, 16.0, 24.0, 19.0, 12.0, 22.0, 17.0, 12.0, 30.0, 26.0, 21.0, 18.0, 9.0, 9.0, 16.0, 16.0, 23.0, 13.0, 12.0, 14.0, 31.0, 21.0, 18.0, 16.0, 12.0, 21.0, 19.0, 16.0, 13.0, 11.0, 12.0, 19.0, 22.0, 16.0, 12.0, 31.0, 32.0, 24.0, 10.0, 11.0, 27.0, 15.0, 38.0, 34.0, 17.0, 10.0, 20.0, 12.0, 26.0, 19.0, 26.0, 25.0, 11.0, 12.0, 9.0, 21.0, 16.0, 31.0, 13.0, 9.0, 12.0, 14.0, 12.0, 10.0, 14.0, 21.0, 24.0, 22.0, 15.0, 23.0, 22.0, 16.0, 25.0, 31.0, 12.0, 19.0, 12.0, 12.0, 15.0, 11.0, 17.0, 13.0, 14.0, 10.0, 21.0, 21.0, 21.0, 15.0, 30.0, 16.0, 15.0, 12.0, 29.0, 13.0, 26.0, 20.0, 25.0, 12.0, 18.0, 16.0, 11.0, 16.0, 14.0, 11.0, 15.0, 15.0, 11.0, 12.0, 21.0, 14.0, 15.0, 22.0, 9.0, 21.0, 13.0, 16.0, 22.0, 9.0, 10.0, 13.0, 21.0, 14.0, 28.0, 16.0, 15.0, 16.0, 9.0, 15.0, 11.0, 9.0, 29.0, 25.0, 25.0, 23.0, 17.0, 42.0, 15.0, 18.0, 15.0, 14.0, 27.0, 11.0, 27.0, 32.0, 10.0, 19.0, 19.0, 25.0, 19.0, 28.0, 26.0, 24.0, 10.0, 13.0, 9.0, 22.0, 14.0, 9.0, 24.0, 16.0, 21.0, 23.0, 12.0, 28.0, 21.0, 16.0, 13.0, 36.0, 19.0, 25.0, 18.0, 15.0, 16.0, 12.0, 20.0, 20.0, 13.0, 10.0, 16.0, 12.0, 14.0, 29.0, 11.0, 23.0, 17.0, 29.0, 40.0, 20.0, 14.0, 18.0, 14.0, 13.0, 10.0, 18.0, 22.0, 13.0, 19.0, 18.0, 8.0, 12.0, 18.0, 33.0, 11.0, 16.0, 13.0, 35.0, 30.0, 13.0, 17.0, 15.0, 12.0, 9.0, 12.0, 18.0, 16.0, 14.0, 35.0, 19.0, 39.0, 12.0, 12.0, 12.0, 12.0, 36.0, 25.0, 14.0, 13.0, 24.0, 28.0, 16.0, 12.0, 10.0, 11.0, 11.0, 16.0, 18.0, 9.0, 11.0, 14.0, 26.0, 25.0, 18.0, 14.0, 29.0, 15.0, 28.0, 16.0, 17.0, 10.0, 23.0, 24.0, 13.0, 12.0, 13.0, 19.0, 20.0, 35.0, 49.0, 17.0, 14.0, 12.0, 23.0, 19.0, 19.0, 70.0, 10.0, 13.0, 10.0, 20.0, 77.0, 11.0, 21.0, 35.0, 27.0, 47.0, 34.0, 56.0, 10.0, 36.0, 23.0, 61.0, 70.0, 22.0, 30.0, 18.0, 20.0, 59.0, 46.0, 16.0, 12.0, 42.0, 20.0, 18.0, 42.0, 26.0, 21.0, 20.0, 25.0, 16.0, 36.0, 14.0, 22.0, 65.0, 17.0, 35.0, 33.0, 29.0, 16.0, 12.0, 27.0, 15.0, 11.0, 52.0, 67.0, 16.0, 41.0, 20.0, 17.0, 13.0, 9.0, 15.0, 17.0, 44.0, 38.0, 22.0, 16.0, 25.0, 37.0, 25.0, 53.0, 27.0, 21.0, 61.0, 14.0, 43.0, 16.0, 23.0, 19.0, 18.0, 19.0, 11.0, 25.0, 54.0, 26.0, 20.0, 18.0, 36.0, 19.0, 11.0, 12.0, 26.0, 20.0, 11.0, 12.0, 17.0, 25.0, 26.0, 27.0, 13.0, 33.0, 25.0, 21.0, 14.0, 45.0, 27.0, 15.0, 19.0, 18.0, 29.0, 26.0, 20.0, 22.0, 35.0, 48.0, 12.0, 32.0, 21.0, 14.0, 22.0, 37.0, 19.0, 19.0, 15.0, 17.0, 15.0, 13.0, 19.0, 13.0, 56.0, 35.0, 44.0, 16.0, 16.0, 26.0, 28.0, 13.0, 33.0, 13.0, 16.0, 17.0, 43.0, 34.0, 18.0, 38.0, 16.0, 15.0, 44.0, 27.0, 18.0, 39.0, 33.0, 19.0, 17.0, 12.0, 19.0, 13.0, 32.0, 33.0, 32.0, 35.0, 24.0, 23.0, 17.0, 41.0, 42.0, 24.0, 21.0, 26.0, 28.0, 32.0, 35.0, 24.0, 19.0, 17.0, 27.0, 27.0, 19.0, 62.0, 40.0, 19.0, 12.0, 11.0, 22.0, 28.0, 15.0, 21.0, 16.0, 22.0, 20.0, 19.0, 56.0, 24.0, 35.0, 15.0, 20.0, 30.0, 26.0, 14.0, 41.0, 49.0, 22.0, 25.0, 11.0, 16.0, 19.0, 13.0, 15.0, 64.0, 13.0, 66.0, 21.0, 16.0, 12.0, 16.0, 37.0, 24.0, 37.0, 18.0, 52.0, 12.0, 27.0, 30.0, 34.0, 19.0, 13.0, 14.0, 38.0, 11.0, 11.0, 14.0, 23.0, 9.0, 23.0, 16.0, 23.0, 26.0, 17.0, 17.0, 20.0, 21.0, 31.0, 45.0, 17.0, 23.0, 27.0, 18.0, 15.0, 13.0, 15.0, 56.0, 14.0, 25.0, 48.0, 24.0, 21.0, 21.0, 14.0, 25.0, 25.0, 22.0, 12.0, 13.0, 21.0, 16.0, 11.0, 11.0, 19.0, 40.0, 14.0, 10.0, 16.0, 19.0, 24.0, 19.0, 8.0, 10.0, 58.0, 17.0, 12.0, 30.0, 9.0, 20.0, 19.0, 17.0, 44.0, 17.0, 23.0, 19.0, 13.0, 12.0, 61.0, 17.0, 45.0, 26.0, 15.0, 22.0, 42.0, 18.0, 43.0, 31.0, 14.0, 25.0, 34.0, 18.0, 22.0, 13.0, 64.0, 11.0, 31.0, 19.0, 34.0, 25.0, 22.0, 41.0, 45.0, 20.0, 16.0, 12.0, 14.0, 26.0, 14.0, 20.0, 48.0, 10.0, 33.0, 38.0, 81.0, 24.0, 107.0, 47.0, 74.0, 44.0, 21.0, 32.0, 60.0, 13.0, 69.0, 33.0, 74.0, 36.0, 19.0, 53.0, 50.0, 83.0, 64.0, 33.0, 45.0, 23.0, 54.0, 33.0, 12.0, 85.0, 20.0, 27.0, 23.0, 16.0, 103.0, 44.0, 33.0, 30.0, 21.0, 39.0, 33.0, 16.0, 30.0, 24.0, 42.0, 17.0, 27.0, 63.0, 12.0, 39.0, 61.0, 97.0, 25.0, 14.0, 56.0, 48.0, 23.0, 50.0, 9.0, 91.0, 29.0, 54.0, 52.0, 39.0, 38.0, 77.0, 40.0, 17.0, 31.0, 19.0, 65.0, 40.0, 9.0, 86.0, 79.0, 26.0, 31.0, 25.0, 29.0, 62.0, 34.0, 19.0, 24.0, 18.0, 35.0, 12.0, 68.0, 11.0, 38.0, 78.0, 61.0, 143.0, 49.0, 29.0, 112.0, 61.0, 26.0, 62.0, 66.0, 19.0, 41.0, 17.0, 21.0, 60.0, 28.0, 41.0, 55.0, 66.0, 48.0, 67.0, 44.0, 25.0, 32.0, 47.0, 16.0, 37.0, 26.0, 20.0, 75.0, 104.0, 47.0, 19.0, 54.0, 27.0, 38.0, 81.0, 44.0, 24.0, 71.0, 21.0, 84.0, 22.0, 53.0, 42.0, 50.0, 40.0, 25.0, 16.0, 24.0, 39.0, 85.0, 17.0, 49.0, 50.0, 43.0, 125.0, 55.0, 30.0, 50.0, 28.0, 43.0, 46.0, 14.0, 28.0, 54.0, 59.0, 62.0, 87.0, 66.0, 144.0, 22.0, 66.0, 20.0, 30.0, 18.0, 25.0, 37.0, 74.0, 43.0, 43.0, 69.0, 69.0, 33.0, 51.0, 12.0, 36.0, 139.0, 66.0, 41.0, 39.0, 11.0, 44.0, 10.0, 33.0, 10.0, 60.0, 51.0, 81.0, 167.0, 76.0, 78.0, 36.0, 23.0, 35.0, 31.0, 47.0, 72.0, 16.0, 65.0, 38.0, 47.0, 111.0, 37.0, 48.0, 95.0, 40.0, 45.0, 51.0, 47.0, 29.0, 92.0, 70.0, 75.0, 68.0, 73.0, 21.0, 28.0, 91.0, 50.0, 97.0, 72.0, 65.0, 37.0, 62.0, 63.0, 68.0, 49.0, 122.0, 30.0, 45.0, 122.0, 27.0, 18.0, 137.0, 48.0, 39.0, 70.0, 54.0, 58.0, 90.0, 44.0, 31.0, 64.0, 13.0, 25.0, 92.0, 120.0, 70.0, 40.0, 44.0, 52.0, 42.0, 15.0, 46.0, 79.0, 49.0, 64.0, 35.0, 48.0, 32.0, 21.0, 31.0, 54.0, 43.0, 118.0, 93.0, 46.0, 63.0, 31.0, 40.0, 61.0, 43.0, 36.0, 47.0, 83.0, 29.0, 89.0, 65.0, 10.0, 24.0, 115.0, 90.0, 20.0, 106.0, 100.0, 13.0, 47.0, 35.0, 44.0, 145.0, 96.0, 81.0, 89.0, 49.0, 116.0, 54.0, 42.0, 149.0, 50.0, 81.0, 102.0, 19.0, 16.0, 46.0, 45.0, 67.0, 32.0, 124.0, 174.0, 108.0, 22.0, 67.0, 43.0, 78.0],