{"rewards": [-168.01075584732868, -128.7030046101075, -106.7319466372614, -97.0327360599062, -78.56309546494778, -83.12547942490606, -52.891560328581335, -64.48777512448417, -61.530434639409215, -54.220448427208765, -35.988914977274206, -52.48817067478551], "lengths": [93.30952380952381, 107.26027397260275, 106.98630136986301, 108.7, 114.56060606060606, 118.17543859649123, 132.73684210526315, 170.37777777777777, 194.45945945945945, 196.12121212121212, 238.6, 243.17241379310346], "entropies": [1.3639765977859497, 1.3596991300582886, 1.3604607582092285, 1.3506873846054077, 1.3506555557250977, 1.3385204076766968, 1.3291327953338623, 1.3211669921875, 1.3327951431274414, 1.2875089645385742, 1.2762117385864258, 1.3076612949371338, 1.263742446899414, 1.2454739809036255, 1.249392032623291, 1.267430305480957, 1.239208459854126, 1.229209542274475, 1.2080607414245605, 1.1720399856567383, 1.1740764379501343, 1.2004530429840088, 1.156584620475769, 1.152001142501831, 1.1752606630325317, 1.1638250350952148, 1.1472551822662354, 1.1583540439605713, 1.1508896350860596, 1.1484618186950684, 1.1651501655578613, 1.1521703004837036, 1.149355411529541, 1.0514874458312988, 1.0259373188018799, 1.0210423469543457]}