{"rewards": [31.550387596899224, 42.62032085561497, 62.724409448818896, 89.02298850574712, 147.27083333333334, 436.6875, 484.75, 483.0625], "lengths": [31.550387596899224, 42.62032085561497, 62.724409448818896, 89.02298850574712, 147.27083333333334, 436.6875, 484.75, 483.0625], "entropies": [0.6492742498715719, 0.6324093739191691, 0.6235391497612, 0.6199098229408264, 0.5642876227696737, 0.505621333916982, 0.4680820405483246, 0.47262414296468097]}