{"rewards": [20.897435897435898, 26.913333333333334, 31.236220472440944, 37.395348837209305, 39.415841584158414, 44.172222222222224, 48.263803680981596, 47.25595238095238, 57.919117647058826, 63.6910569105691, 80.01010101010101, 88.62068965517241, 95.0625, 126.67213114754098, 151.78, 177.58536585365854, 165.48837209302326, 160.24444444444444, 168.27906976744185, 161.43478260869566, 123.11111111111111, 153.14583333333334, 186.4102564102564, 184.94736842105263, 158.35555555555555, 213.0, 196.1578947368421, 180.17073170731706, 181.4878048780488, 170.62790697674419, 187.43243243243242, 193.89743589743588, 200.59459459459458, 193.82051282051282, 196.0, 229.0, 242.53333333333333, 249.26923076923077, 236.43333333333334, 260.0357142857143, 287.75, 235.84615384615384, 324.05, 288.56, 271.51851851851853, 283.61538461538464, 233.03225806451613, 218.4857142857143, 235.87878787878788, 202.2941176470588, 310.9047619047619, 329.04761904761904, 261.44444444444446, 295.7916666666667, 319.4, 341.05, 290.95454545454544, 284.0833333333333, 277.96153846153845, 283.8181818181818, 286.0, 290.9583333333333, 269.46153846153845, 282.125, 281.24, 266.14814814814815, 279.84, 296.5217391304348, 247.8148148148148, 245.75, 281.0, 269.7037037037037, 277.7083333333333, 301.77272727272725, 368.27777777777777, 364.3157894736842, 399.125, 307.3181818181818, 340.2631578947368, 433.47058823529414, 452.1875, 437.70588235294116, 394.27777777777777, 410.9375, 339.3157894736842, 416.5882352941176, 411.625, 369.22222222222223, 284.9047619047619, 293.8695652173913, 257.35714285714283, 333.2631578947368, 326.72727272727275, 349.3333333333333, 352.63157894736844, 328.3, 363.44444444444446, 369.3888888888889, 428.375, 444.1875, 358.3, 376.1764705882353, 357.8421052631579, 315.8636363636364, 350.05263157894734, 319.5652173913044, 280.16, 322.45, 293.0416666666667, 332.90909090909093, 366.11764705882354, 272.7307692307692, 273.68, 358.5263157894737, 371.1666666666667, 394.875, 444.875, 425.52941176470586, 383.3333333333333, 448.125, 456.0, 434.6470588235294, 421.0625, 433.52941176470586, 500.0, 449.2352941176471, 488.125, 435.375, 488.3125, 448.5, 494.625, 500.0, 487.4375, 410.3529411764706, 433.875], "lengths": [20.897435897435898, 26.913333333333334, 31.236220472440944, 37.395348837209305, 39.415841584158414, 44.172222222222224, 48.263803680981596, 47.25595238095238, 57.919117647058826, 63.6910569105691, 80.01010101010101, 88.62068965517241, 95.0625, 126.67213114754098, 151.78, 177.58536585365854, 165.48837209302326, 160.24444444444444, 168.27906976744185, 161.43478260869566, 123.11111111111111, 153.14583333333334, 186.4102564102564, 184.94736842105263, 158.35555555555555, 213, 196.1578947368421, 180.17073170731706, 181.4878048780488, 170.62790697674419, 187.43243243243242, 193.89743589743588, 200.59459459459458, 193.82051282051282, 196, 229, 242.53333333333333, 249.26923076923077, 236.43333333333334, 260.0357142857143, 287.75, 235.84615384615384, 324.05, 288.56, 271.51851851851853, 283.61538461538464, 233.03225806451613, 218.4857142857143, 235.87878787878788, 202.2941176470588, 310.9047619047619, 329.04761904761904, 261.44444444444446, 295.7916666666667, 319.4, 341.05, 290.95454545454544, 284.0833333333333, 277.96153846153845, 283.8181818181818, 286, 290.9583333333333, 269.46153846153845, 282.125, 281.24, 266.14814814814815, 279.84, 296.5217391304348, 247.8148148148148, 245.75, 281, 269.7037037037037, 277.7083333333333, 301.77272727272725, 368.27777777777777, 364.3157894736842, 399.125, 307.3181818181818, 340.2631578947368, 433.47058823529414, 452.1875, 437.70588235294116, 394.27777777777777, 410.9375, 339.3157894736842, 416.5882352941176, 411.625, 369.22222222222223, 284.9047619047619, 293.8695652173913, 257.35714285714283, 333.2631578947368, 326.72727272727275, 349.3333333333333, 352.63157894736844, 328.3, 363.44444444444446, 369.3888888888889, 428.375, 444.1875, 358.3, 376.1764705882353, 357.8421052631579, 315.8636363636364, 350.05263157894734, 319.5652173913044, 280.16, 322.45, 293.0416666666667, 332.90909090909093, 366.11764705882354, 272.7307692307692, 273.68, 358.5263157894737, 371.1666666666667, 394.875, 444.875, 425.52941176470586, 383.3333333333333, 448.125, 456, 434.6470588235294, 421.0625, 433.52941176470586, 500, 449.2352941176471, 488.125, 435.375, 488.3125, 448.5, 494.625, 500, 487.4375, 410.3529411764706, 433.875],