{"rewards": [18.816326530612244, 22.41025641025641, 21.575, 29.24, 41.53333333333333, 62.888888888888886, 61.857142857142854, 64.77777777777777, 69.16666666666667, 72.5, 106.6, 87.33333333333333, null, 117.0, 95.6, 94.66666666666667, 125.25, 108.83333333333333, 114.75, 94.0, 106.2, 108.0, 93.0, 114.0, 109.0, 89.75, 96.66666666666667, 94.28571428571429, 96.0, 106.125, 116.6, 95.0, 90.14285714285714, 98.0, 80.875, 88.85714285714286, 89.57142857142857, 83.42857142857143, 89.875, 72.6, 70.44444444444444, 70.875, 120.0, 114.66666666666667, null, null, null, null, null, null, null, null, null, 128.0, 127.0, null, 96.6, 102.42857142857143, 95.85714285714286, 98.5, 105.4, 110.5, 99.28571428571429, 103.57142857142857, 104.16666666666667, 96.5, 102.0, 114.4, 100.25, 100.75, 96.57142857142857, 106.0, 96.75, 118.5, 116.33333333333333, 112.0, 117.6, 124.25, 111.16666666666667, 117.0, 119.25, 102.2], "lengths": [18.816326530612244, 22.41025641025641, 21.575, 29.24, 41.53333333333333, 62.888888888888886, 61.857142857142854, 64.77777777777777, 69.16666666666667, 72.5, 106.6, 87.33333333333333, null, 117, 95.6, 94.66666666666667, 125.25, 108.83333333333333, 114.75, 94, 106.2, 108, 93, 114, 109, 89.75, 96.66666666666667, 94.28571428571429, 96, 106.125, 116.6, 95, 90.14285714285714, 98, 80.875, 88.85714285714286, 89.57142857142857, 83.42857142857143, 89.875, 72.6, 70.44444444444444, 70.875, 120, 114.66666666666667, null, null, null, null, null, null, null, null, null, 128, 127, null, 96.6, 102.42857142857143, 95.85714285714286, 98.5, 105.4, 110.5, 99.28571428571429, 103.57142857142857, 104.16666666666667, 96.5, 102, 114.4, 100.25, 100.75, 96.57142857142857, 106, 96.75, 118.5, 116.33333333333333, 112, 117.6, 124.25, 111.16666666666667, 117, 119.25, 102.2], "entropies": [0.6885072986284891, 0.6843068599700928, 0.6802474061648051, 0.6535448630650839, 0.6393414735794067, 0.6267263889312744, 0.6198524832725525, 0.60860675573349, 0.6068634192148844, 0.5979187687238058, 0.6081947882970175, 0.5993318955103556, 0.5923266609509786, 0.5704337358474731, 0.5439725120862325, 0.5130744675795237, 0.4964503546555837, 0.46137770016988117, 0.4993002116680145, 0.48110369841257733, 0.4372443954149882, 0.3984522620836894, 0.3810456097126007, 0.38620316982269287, 0.36890384554862976, 0.3761270542939504, 0.358696589867274, 0.3526472250620524, 0.3378680944442749, 0.35358816385269165, 0.36879269282023114, 0.330023596684138, 0.30691562096277875, 0.31073594093322754, 0.30213592449824017, 0.31526846686999005, 0.33687035242716473, 0.3383135100205739, 0.3445080022017161, 0.35768847664197284, 0.3858429491519928, 0.39084161321322125, 0.42141011357307434, 0.39265968402226764, 0.3469826877117157, 0.29825464884440106, 0.27008501688639325, 0.26666851838429767, 0.2732996741930644, 0.26206283768018085, 0.2889770766099294, 0.25547662377357483, 0.23524735371271768, 0.231086865067482, 0.21519353985786438, 0.2015878607829412, 0.1897582858800888, 0.18414490421613058, 0.1724019100268682, 0.16343804200490317, 0.1684825619061788, 0.17311015725135803, 0.1764912356932958, 0.17464259266853333, 0.17479307452837625, 0.18520948787530264, 0.1877195139726003, 0.17216688891251883, 0.1833075831333796, 0.18095694482326508, 0.18997598191102347, 0.1958469698826472, 0.1895475536584854, 0.18880665798981985, 0.19356686373551688, 0.18213312327861786, 0.16402975718180338, 0.16993706425031027, 0.15878680845101675, 0.15030047794183096, 0.15086246530214945, 0.14836145440737405]}