{"rewards": [-113.18239271493401, -108.99837313230518, -110.67595449036546, -112.14228056632577, -122.50102618770316, -105.02630496529225, -107.88352318082313, -110.8235007961961, -130.16161700728105, -132.9448238339418, -121.75655333306368, -148.79016123177098, -133.53645854540517, -117.31362147073199, -114.47905156013249, -134.94666667906745, -125.14260460206869, -125.21041561713159, -116.5452955852052, -105.95577464997812, -103.22861903470077, -111.92920571301445], "lengths": [131.87755102040816, 90.21739130434783, 93.33333333333333, 110.1875, 245.83333333333334, 78, 105.94117647058823, 114.66666666666667, 314.3333333333333, 333.3076923076923, 268.06666666666666, 495.85714285714283, 383.3, 218.25, 193.92857142857142, 373.15384615384613, 265.8181818181818, 288, 213.25, 80.42857142857143, 91, 135.6], "entropies": [3.214071273803711, 3.1844778060913086, 3.192844867706299, 3.223148822784424, 3.2208032608032227, 3.2361137866973877, 3.184865713119507, 3.172261953353882, 3.180492877960205, 3.1398115158081055, 3.1601738929748535, 3.1672024726867676, 3.5194296836853027, 3.518364429473877, 3.5224390029907227, 3.5412559509277344, 3.551124095916748, 3.5506324768066406, 3.6421332359313965, 3.636106491088867, 3.650143623352051, 3.594625949859619, 3.588658571243286, 3.5854673385620117, 3.5175070762634277, 3.4864776134490967, 3.4918112754821777, 3.5019290447235107, 3.4817728996276855, 3.488926887512207, 3.5844781398773193, 3.5868239402770996, 3.564786672592163, 3.552518606185913, 3.5797982215881348, 3.5435233116149902, 3.472811698913574, 3.4691295623779297, 3.4608638286590576, 3.565356492996216, 3.5771872997283936, 3.567082405090332, 3.273336887359619, 3.296509265899658, 3.278377056121826, 3.2014403343200684, 3.172863245010376, 3.1862621307373047, 3.52268123626709, 3.503965139389038, 3.5174479484558105, 3.440490484237671, 3.4303207397460938, 3.4315786361694336, 3.073308229446411, 3.101809501647949, 3.0970396995544434, 3.4736127853393555, 3.471742630004883, 3.481914520263672, 3.4430465698242188, 3.4438588619232178, 3.462235927581787, 3.4586541652679443, 3.442833662033081, 3.4407002925872803]}