{"rewards": [23.76153846153846, 29.788990825688074, 40.56547619047619], "lengths": [23.76153846153846, 29.788990825688074, 40.56547619047619], "entropies": [0.6699975728988647, 0.6266436378161112, 0.6576351722081503]}