{"rewards": [-419.19139967356125, -292.54011168116386], "lengths": [100.55128205128206, 129.46666666666667], "entropies": [2.8956870237986245, 2.4616912206014]}