{"rewards": [25.22082018927445, 33.51452282157676, 46.55294117647059, 73.57425742574257, 86.49450549450549, 128.5084745762712], "lengths": [25.22082018927445, 33.51452282157676, 46.55294117647059, 73.57425742574257, 86.49450549450549, 128.5084745762712], "entropies": [0.6795138716697693, 0.6783931851387024, 0.6786568760871887, 0.659317135810852, 0.6568868160247803, 0.656349778175354, 0.6432878375053406, 0.6381629705429077, 0.6368087530136108, 0.6235584020614624, 0.6195951700210571, 0.6191585063934326, 0.602544903755188, 0.5995503664016724, 0.599705696105957, 0.6066508293151855, 0.5982088446617126, 0.5961245894432068]}