{"rewards": [-569.1126469581419, -591.6986588424757, -708.8952317045542, -724.6148260479183], "lengths": [101.39473684210526, 107.08333333333333, 88.46067415730337, 97.8395061728395], "entropies": [-0.36503225564956665, -0.19040803611278534, -0.11492317914962769, 0.07532446831464767, 0.15846271812915802, 0.24529001116752625, 0.37555617094039917, 0.3841401934623718, 0.47183743119239807, 0.420357346534729, 0.4331032931804657, 0.3437492847442627]}