{"rewards": [21.87632508833922, 30.69047619047619], "lengths": [21.87632508833922, 30.69047619047619], "entropies": [0.6799765030543009, 0.6485987703005472]}