{"rewards": [23.13105413105413, 44.16574585635359], "lengths": [23.13105413105413, 44.16574585635359], "entropies": [0.6768267154693604, 0.6757641434669495, 0.6758170127868652, 0.6271081566810608, 0.6239587068557739, 0.6233150362968445]}