{"rewards": [18.607798165137616, 29.7380073800738, 49.918238993710695, 122.8688524590164, 231.61290322580646, 220.93939393939394, 205.27777777777777, 215.37142857142857, 240.29032258064515, 235.93548387096774, 245.5, 276.0, 285.84, 275.0833333333333, 256.38461538461536, 223.90322580645162, 285.24, 414.625, 391.52941176470586, 402.6666666666667, 307.5652173913044, 306.25, 293.04, 336.4761904761905, 330.85, 427.0625, 484.25, 473.125, 500.0, 494.9375, 472.75, 500.0, 499.375, 500.0, 499.75, 491.375, 489.375, 499.375, 499.0625, 500.0, 500.0, 500.0, 500.0, 500.0, 500.0, 500.0, 500.0, 500.0, 476.75, 482.75, 495.625, 480.0, 479.4375, 500.0, 500.0, 500.0, 500.0, 500.0, 500.0, 500.0, 500.0, 500.0, 500.0, 500.0, 500.0, 500.0, 500.0, 500.0, 500.0, 500.0, 500.0, 500.0, 500.0, 500.0, 490.5, 500.0, 494.4375, 500.0, 500.0, 500.0, 499.375, 500.0, 500.0, 500.0, 500.0, 500.0, 500.0, 500.0, 500.0, 500.0, 500.0, 500.0, 500.0, 500.0], "lengths": [18.607798165137616, 29.7380073800738, 49.918238993710695, 122.8688524590164, 231.61290322580646, 220.93939393939394, 205.27777777777777, 215.37142857142857, 240.29032258064515, 235.93548387096774, 245.5, 276, 285.84, 275.0833333333333, 256.38461538461536, 223.90322580645162, 285.24, 414.625, 391.52941176470586, 402.6666666666667, 307.5652173913044, 306.25, 293.04, 336.4761904761905, 330.85, 427.0625, 484.25, 473.125, 500, 494.9375, 472.75, 500, 499.375, 500, 499.75, 491.375, 489.375, 499.375, 499.0625, 500, 500, 500, 500, 500, 500, 500, 500, 500, 476.75, 482.75, 495.625, 480, 479.4375, 500, 500, 500, 500, 500, 500, 500, 500, 500, 500, 500, 500, 500, 500, 500, 500, 500, 500, 500, 500, 500, 490.5, 500, 494.4375, 500, 500, 500, 499.375, 500, 500, 500, 500, 500, 500, 500, 500, 500, 500, 500, 500, 500], "entropies": [0.6860340237617493, 0.6635793844858805, 0.603767196337382, 0.4661787152290344, 0.510625292857488, 0.45058568318684894, 0.4037686089674632, 0.39439816276232403, 0.3753962616125743, 0.34021975596745807, 0.32026280959447223, 0.32434897621472675, 0.29940059781074524, 0.2926357487837474, 0.29327934980392456, 0.2716180185476939, 0.29490038752555847, 0.24768338600794473, 0.23782342175642648, 0.21051742136478424, 0.22589565813541412, 0.20785741011301676, 0.22920085986455283, 0.19611200193564096, 0.22466374933719635, 0.20547392964363098, 0.23692827423413595, 0.20007102688153586, 0.18644294639428458, 0.171480526526769, 0.1828665335973104, 0.12080300102631251, 0.12751145164171854, 0.08565037449200948, 0.0778712456425031, 0.06651099026203156, 0.07316292077302933, 0.0801318163673083, 0.05783053984244665, 0.04607585445046425, 0.03755973527828852, 0.04145894572138786, 0.04009088749686877, 0.037005774676799774, 0.04007277265191078, 0.038685716688632965, 0.027924159541726112, 0.04036834587653478, 0.04860176891088486, 0.03625723843773206, 0.0357786330084006, 0.053320923199256264, 0.050824725379546486, 0.043564457446336746, 0.03837217018008232, 0.032346406330664955, 0.027763063708941143, 0.023547273129224777, 0.026213717336455982, 0.04162928586204847, 0.03082849085330963, 0.04359188303351402, 0.042017266154289246, 0.03778263057271639, 0.03121436449388663, 0.03071094552675883, 0.03724301978945732, 0.026213253537813824, 0.021981629232565563, 0.044097417344649635, 0.03288638157149156, 0.02362779589990775, 0.024734913061062496, 0.030752275759975117, 0.030678241203228634, 0.026940279950698216, 0.05253977080186208, 0.05305309717853864, 0.04877998058994611, 0.03760399545232455, 0.05145833641290665, 0.027001365398367245, 0.03666851172844569, 0.03649282703797022, 0.026433199023207028, 0.022495370358228683, 0.028739166135589283, 0.030783720935384434, 0.024377290159463882, 0.027934717014431953, 0.03485986217856407, 0.027020726973811787, 0.027705329780777294, 0.016952502230803173]}