{"rewards": [22.377094972067038, 22.343490304709142, 22.461111111111112, 21.182291666666668, 22.45682451253482, 22.487465181058496], "lengths": [22.377094972067038, 22.343490304709142, 22.461111111111112, 21.182291666666668, 22.45682451253482, 22.487465181058496], "entropies": [NaN, NaN, NaN, NaN, NaN, NaN, NaN, NaN, NaN, NaN, NaN, NaN, NaN, NaN, NaN, NaN, NaN, NaN]}