{"rewards": [-192.25455907240166, -229.74158645659287, -173.71966910487856, -152.4341001243007, -116.72400707334052, -131.4767339160313, -99.07444330684456], "lengths": [100.73684210526316, 102.46666666666667, 95.87951807228916, 98.36708860759494, 101.05263157894737, 115.53968253968254, 120.046875], "entropies": [1.3349292675654094, 1.3113233645757039, 1.319228212038676, 1.327955683072408, 1.3244224786758423, 1.276981790860494, 1.2531774838765461]}