{"rewards": [21.060367454068242, 27.697916666666668, 30.25, 33.99159663865546, 38.762135922330096, 41.84293193717277, 45.02840909090909, 51.8051948051948, 54.63945578231292, 74.57943925233644, 74.79245283018868, 82.53125, 75.91176470588235, 77.13861386138613, 88.85057471264368, 89.44827586206897], "lengths": [21.060367454068242, 27.697916666666668, 30.25, 33.99159663865546, 38.762135922330096, 41.84293193717277, 45.02840909090909, 51.8051948051948, 54.63945578231292, 74.57943925233644, 74.79245283018868, 82.53125, 75.91176470588235, 77.13861386138613, 88.85057471264368, 89.44827586206897], "entropies": [0.6920806765556335, 0.6915067434310913, 0.6864073276519775, 0.6865643858909607, 0.6828049421310425, 0.6767798662185669, 0.6615893244743347, 0.6544904112815857, 0.6483893394470215, 0.6585618257522583, 0.6503753662109375, 0.6389530897140503, 0.6572344303131104, 0.654105544090271, 0.651934027671814, 0.625530481338501, 0.6186342239379883, 0.6094281077384949, 0.6148231029510498, 0.6083676218986511, 0.6036977767944336, 0.6025648713111877, 0.5999618172645569, 0.5978120565414429, 0.598858118057251, 0.5893847942352295, 0.5807784795761108, 0.6146209239959717, 0.6192595958709717, 0.6212126016616821, 0.5983619689941406, 0.5995453596115112, 0.6015377044677734, 0.604473888874054, 0.6065801382064819, 0.607856035232544, 0.6198402643203735, 0.6203535795211792, 0.6203625202178955, 0.5884859561920166, 0.589154064655304, 0.5898631811141968, 0.6299690008163452, 0.6298891305923462, 0.6296651363372803, 0.6016464233398438, 0.5996831655502319, 0.5967439413070679]}