{"rewards": [-399.846721170009, -373.68771756328516, -390.30341323084144, -383.9990136109498, -408.18562283515644, -411.1418941731262, -384.3804445794807, -395.733339247333, -379.319901651921, -386.89920065615183, -421.988002967597, -390.1154290178887], "lengths": [87.0111111111111, 85.51648351648352, 86.59782608695652, 87.94444444444444, 88.50574712643679, 87.8, 87.53333333333333, 87.12222222222222, 87.08888888888889, 85.65217391304348, 84.44086021505376, 86.86813186813187], "entropies": [1.8210816383361816, 1.8210816383361816, 1.8210816383361816, 1.8312848806381226, 1.8312848806381226, 1.8312848806381226, 1.8222997188568115, 1.8222997188568115, 1.8222997188568115, 1.82819402217865, 1.82819402217865, 1.82819402217865, 1.837459683418274, 1.837459683418274, 1.837459683418274, 1.8197317123413086, 1.8197317123413086, 1.8197317123413086, 1.839410662651062, 1.839410662651062, 1.839410662651062, 1.828460931777954, 1.828460931777954, 1.828460931777954, 1.8411272764205933, 1.8411272764205933, 1.8411272764205933, 1.8059688806533813, 1.8059688806533813, 1.8059688806533813, 1.7851884365081787, 1.7851884365081787, 1.7851884365081787, 1.828390121459961, 1.828390121459961, 1.828390121459961]}