{"rewards": [-157.68388276384178, -314.6326486512854, -341.387128777092, -334.2897257768843, -341.72452719873195, -357.85041864284153, -345.2533482644472, -366.9052018502527, -333.2190301199001, -362.7270759484183, -354.123046797335, -374.6707690444473, -340.69896367719986, -314.2083456218967, -365.927528765549, -367.0689830321732, -377.20143765115364, -363.3330828266856], "lengths": [103.01315789473684, 106.94444444444444, 115.2258064516129, 110.7605633802817, 113.25, 120.4, 113.8955223880597, 112.52857142857142, 114.45588235294117, 126.55932203389831, 122.24193548387096, 111.52173913043478, 112.65217391304348, 113.48484848484848, 119.125, 128.01666666666668, 124, 133.28571428571428], "entropies": [2.2493960857391357, 3.9640331268310547, 5.152037143707275, 6.1319169998168945, 7.445723056793213, 9.167383193969727, 10.767058372497559, 12.936470031738281, 15.629049301147461, 19.60272216796875, 23.095300674438477, 27.316204071044922, 30.53310203552246, 32.953948974609375, 35.680084228515625, 38.605472564697266, 41.9915771484375, 44.496826171875, 46.39140319824219, 48.421817779541016, 50.09489440917969, 51.743526458740234, 53.39766311645508, 55.30124282836914, 56.728885650634766, 58.42612838745117, 60.057987213134766, 61.2420539855957, 62.1475715637207, 62.9263916015625, 63.925628662109375, 64.92350006103516, 65.93547821044922, 67.00706481933594, 68.32125091552734, 69.71531677246094, 70.85352325439453, 72.05343627929688, 73.30934143066406, 74.62715911865234, 76.19790649414062, 77.70570373535156, 79.4664306640625, 81.24090576171875, 83.07347106933594, 84.99046325683594, 86.3426284790039, 87.38703155517578, 87.48455810546875, 87.60923767089844, 87.72118377685547, 87.96778869628906, 88.00906372070312, 88.04611206054688]}