{"rewards": [19.978540772532188, 23.966019417475728, 28.69633507853403, 34.207317073170735, 44.7007299270073, 49.2992125984252, 63.05, 84.31645569620254, 91.65333333333334, 106.5, 131.77358490566039, 153.53333333333333, 137.55102040816325, 152.0222222222222, 164.42105263157896, 184.47368421052633, 159.70454545454547, 162.075, 181.71794871794873, 132.89583333333334, 173.02631578947367, 156.0888888888889], "lengths": [19.978540772532188, 23.966019417475728, 28.69633507853403, 34.207317073170735, 44.7007299270073, 49.2992125984252, 63.05, 84.31645569620254, 91.65333333333334, 106.5, 131.77358490566039, 153.53333333333333, 137.55102040816325, 152.0222222222222, 164.42105263157896, 184.47368421052633, 159.70454545454547, 162.075, 181.71794871794873, 132.89583333333334, 173.02631578947367, 156.0888888888889], "entropies": [0.68916255235672, 0.6794193387031555, 0.6637380520502726, 0.6355690558751425, 0.6398040850957235, 0.625908633073171, 0.6262674530347189, 0.5938413341840109, 0.5906727910041809, 0.5822984178860983, 0.6102718710899353, 0.5795586705207825, 0.5674543976783752, 0.5070299804210663, 0.6003449757893881, 0.6011568307876587, 0.6023888985315958, 0.585826595624288, 0.5910566647847494, 0.5890142520268759, 0.5931386550267538, 0.5138666033744812]}