{"rewards": [-499.65175807299687, -612.710144076788, -326.21134876936964, -357.84058972077577, -428.2574612961938, -331.93301648699116, -520.030247053637, -484.75801950522055], "lengths": [104.66666666666667, 92.6, 91.28571428571429, 86.875, 87.16666666666667, 88.28571428571429, 95.57142857142857, 94.42857142857143], "entropies": [1.5014946460723877, 1.3752168416976929, 1.380928635597229, 1.312067985534668, 1.1737656593322754, 1.119241714477539, 1.1348910331726074, 1.0722806453704834, 1.0555872917175293, 1.2041152715682983, 1.2049598693847656, 1.1699014902114868, 1.057194709777832, 1.0051612854003906, 1.0292134284973145, 1.0387462377548218, 0.8398072719573975, 0.9115715026855469, 0.8445486426353455, 0.7470802068710327, 0.7915852069854736, 0.7616293430328369, 0.45234760642051697, 0.49893152713775635]}