{"rewards": [-201.78218775365366, -202.1893550032207, -226.7155780803541, -258.21041104136566, -251.64503122232196, -216.12387108968585, -262.2527571417073, -244.21292876082, -262.6290938097915, -131.0469823726281, -132.47963893640355, -136.299120329019, -136.15094982775594, -137.9932869821412, -125.20769781929474, -136.6190561868096, -136.5969356644305], "lengths": [86.58426966292134, 93.69047619047619, 105.92857142857143, 110.28571428571429, 104.32432432432432, 100.38157894736842, 112.83582089552239, 122.26229508196721, 105.36486486486487, 70.1875, 68.92105263157895, 70.15315315315316, 69.85840707964601, 69.80530973451327, 69.84955752212389, 68.98230088495575, 68.75652173913043], "entropies": [1.6431184609731038, 1.408657391866048, 0.9239643216133118, 1.398112138112386, 1.3789676427841187, 1.5638911326726277, 1.2300195693969727, 0.9260567227999369, NaN, NaN, NaN, NaN, NaN, NaN, NaN, NaN, NaN]}