{"rewards": [152.74549098196394, 169.50782997762863, 223.18840579710144, 261.9453924914676, 389.5431472081218, 619.8305084745763, 1033.3333333333333, 1319.0196078431372, 1878.6486486486488, 2606.8, 4710.625, 3767.222222222222, 2646.4, 3616.5, 3972.3529411764707, 4096.875, 4374.375, 3951.6666666666665, 4723.125, 4459.411764705882, 4560.625, 4355.294117647059, 4325.625, 4124.444444444444, 3113.157894736842, 2635.185185185185, 3800.5263157894738, 2936.086956521739, 3104.5454545454545, 4376.470588235294, 2790.4166666666665, 3732.1052631578946, 4450, 4245, 4620, 4688.823529411765, 4136.470588235294, 2608.181818181818, 3113.913043478261, 1977.3529411764705, 1195.4098360655737, 1905.7142857142858, 2009.375, 1639.7560975609756, 2015.625, 5000, 4090.5882352941176, 3607.6190476190477, 4216.875, 3117.6190476190477, 4340.625, 4138.823529411765, 3204.285714285714, 3487.5, 4035.8823529411766, 4260, 3771.6666666666665, 3901.6666666666665, 3909.4736842105262, 4400, 3879.4736842105262, 4087.777777777778, 4644.375, 4684.375, 4162.941176470588, 4795, 4240, 4722.5, 5000, 5000, 5000, 4692.941176470588, 4764.375, 4563.75, 4716.470588235294, 4158.823529411765, 4713.529411764706, 4900, 4703.125, 4994.375, 4708.75, 4482.5, 4786.875, 4802.5, 4810, 4750.625, 5000, 4838.125, 4946.875, 4805.625, 4706.25, 5000], "lengths": [16.274549098196392, 17.950782997762865, 23.318840579710145, 27.194539249146757, 39.954314720812185, 62.983050847457626, 104.30434782608695, 132.86274509803923, 188.8108108108108, 261.4, 471.1875, 377.05555555555554, 265.32, 362.1, 397.5882352941176, 410, 437.625, 395.5, 472.5, 446.05882352941177, 456.3125, 435.7647058823529, 432.75, 412.72222222222223, 311.94736842105266, 264.3333333333333, 380.36842105263156, 294.30434782608694, 311, 437.8235294117647, 279.7083333333333, 373.57894736842104, 445.125, 424.6875, 462.125, 469, 414, 261.5, 311.9130434782609, 198.55882352941177, 120.49180327868852, 191.4857142857143, 201.78125, 164.8780487804878, 202.4375, 500, 409.47058823529414, 361.23809523809524, 422, 312.3809523809524, 434.3125, 414.29411764705884, 320.95238095238096, 349.25, 403.88235294117646, 426.25, 377.6111111111111, 390.5, 391.42105263157896, 440.2352941176471, 388.2631578947368, 409.05555555555554, 464.625, 468.625, 416.5882352941176, 479.625, 424.22222222222223, 472.4375, 500, 500, 500, 469.4117647058824, 476.5625, 456.5, 471.70588235294116, 416.2352941176471, 471.4117647058824, 490.0625, 470.5, 499.5, 470.9375, 448.4375, 478.75, 480.3125, 481.0625, 475.125, 500, 483.875, 494.8125, 480.625, 470.75, 500], "entropies": [0.6490286588668823, 0.6558634638786316, 0.6590795516967773, 0.707882285118103, 0.7367721796035767, 0.7576488256454468, 0.784065842628479, 0.7800840139389038, 0.7813035249710083, 0.7432893514633179, 0.7446819543838501, 0.7380706071853638, 0.7554164528846741, 0.7477782368659973, 0.7391422986984253, 0.7710047364234924, 0.7668254971504211, 0.7575150728225708, 0.7710469961166382, 0.7590624094009399, 0.7515749931335449, 0.7469158172607422, 0.7403455972671509, 0.7364789843559265, 0.7527090311050415, 0.7425135970115662, 0.7345414161682129, 0.7320390939712524, 0.7319681644439697, 0.7254082560539246, 0.7555407285690308, 0.7610450983047485, 0.7599217891693115, 0.7954548597335815, 0.793563961982727, 0.7938781976699829, 0.7778594493865967, 0.7775770425796509, 0.776249349117279, 0.7790716886520386, 0.7705757021903992, 0.7712152004241943, 0.7936490178108215, 0.783541202545166, 0.7759367227554321, 0.7748299241065979, 0.7730838656425476, 0.7715280055999756, 0.783892810344696, 0.783392071723938, 0.7853871583938599, 0.7771356701850891, 0.7664014101028442, 0.7658704519271851, 0.7695165872573853, 0.7703176736831665, 0.7717304229736328, 0.7753031849861145, 0.7765368223190308, 0.7747336030006409, 0.7780390977859497, 0.7752330899238586, 0.7724695205688477, 0.7706130743026733, 0.7713223695755005, 0.7700510621070862, 0.7722293138504028, 0.7676718235015869, 0.7670340538024902, 0.7662142515182495, 0.7581566572189331, 0.7616527676582336, 0.7446988821029663, 0.3311217129230499, 0.5870505571365356, 0.7614652514457703, 0.7700752019882202, 0.7695996761322021, 0.7021001577377319, 0.7475640177726746, 0.7594550848007202, 0.7715629935264587, 0.7691802978515625, 0.766606330871582, 0.7688777446746826, 0.7673282623291016, 0.7604838609695435, 0.7625389695167542, 0.7626728415489197, 0.7604054808616638, 0.6733369827270508, 0.7064783573150635, 0.7358565926551819, 0.7604852914810181, 0.7582834959030151, 0.7571545839309692, 0.775715708732605, 0.7779110670089722, 0.7807843685150146, 0.767600417137146, 0.764585554599762, 0.7618325352668762, 0.7547781467437744, 0.7589073181152344, 0.7606542110443115, 0.7747327089309692, 0.7828704714775085, 0.7978997826576233, 0.7877265214920044, 0.7988719940185547, 0.8018507957458496, 0.8151784539222717, 0.816407322883606, 0.8015985488891602, 0.8089524507522583, 0.795158326625824, 0.8090660572052002, 0.8407491445541382, 0.8625530004501343, 0.8820931911468506, 0.8739310503005981, 0.857702374458313, 0.8494781255722046, 0.8668632507324219, 0.8531899452209473, 0.8475966453552246, 0.8252736330032349, 0.8121814727783203, 0.809729814529419, 0.81886225938797, 0.7702078819274902, 0.7701189517974854, 0.7769768238067627, 0.7644554376602173, 0.7588552236557007, 0.7834059000015259, 0.7835863828659058, 0.7761719226837158, 0.7617753148078918, 0.7510229349136353, 0.7352338433265686, 0.7127342224121094, 0.7142863869667053, 0.7107518911361694, 0.7184354066848755, 0.6974290609359741, 0.6984320282936096, 0.6626270413398743, 0.6578152179718018, 0.6693787574768066, 0.6528924107551575, 0.666693925857544, 0.6721996665000916, 0.683792233467102, 0.6728370189666748, 0.6976935863494873, 0.6572818160057068, 0.6511738896369934, 0.6597103476524353, 0.6444445848464966, 0.6591930389404297, 0.6638180613517761, 0.6639891862869263, 0.6572061777114868, 0.6589049696922302, 0.6729928255081177, 0.6859092712402344, 0.7145981192588806, 0.6955976486206055, 0.6809234619140625, 0.6687365174293518, 0.655013918876648, 0.6450752019882202, 0.6411011219024658, 0.6387947797775269, 0.6321282386779785, 0.6395455002784729, 0.6447502374649048, 0.6320739984512329, 0.6228358149528503, 0.6098938584327698, 0.6222467422485352, 0.6278479695320129, 0.607170045375824, 0.6064593195915222, 0.6144687533378601, 0.6088706254959106, 0.618958592414856, 0.6256543397903442, 0.6400789022445679, 0.6140196323394775, 0.6050222516059875, 0.6089136600494385, 0.598480224609375, 0.588994026184082, 0.570706307888031, 0.5654946565628052, 0.5623887777328491, 0.5578442811965942, 0.5539671778678894, 0.5525175333023071, 0.5551379323005676, 0.5607571601867676, 0.5656670331954956, 0.5828337669372559, 0.5945030450820923, 0.5948779582977295, 0.5774141550064087, 0.571506142616272, 0.5730643272399902, 0.5911710858345032, 0.5886408090591431, 0.5921359062194824, 0.5924420356750488, 0.613410234451294, 0.594183087348938, 0.6407691240310669, 0.6483249664306641, 0.6558186411857605, 0.6859753131866455, 0.685641884803772, 0.686104416847229, 0.6736596822738647, 0.6803508996963501, 0.6870080828666687, 0.6750841736793518, 0.6766539812088013, 0.6776361465454102, 0.6927885413169861, 0.6980979442596436, 0.7029783725738525, 0.7010246515274048, 0.694139838218689, 0.7025378942489624, 0.6940463185310364, 0.6640070080757141, 0.655162513256073, 0.6526861190795898, 0.6610826849937439, 0.666118860244751, 0.6747797727584839, 0.6935401558876038, 0.695035457611084, 0.6940224766731262, 0.7023875713348389, 0.6967602968215942, 0.6844772100448608, 0.6667289733886719, 0.6666959524154663, 0.6519322991371155, 0.645104706287384, 0.6394462585449219, 0.6560047268867493, 0.6677044630050659, 0.6741358637809753, 0.6738967895507812, 0.7012433409690857, 0.7083498239517212, 0.7103643417358398, 0.711780309677124, 0.7123682498931885, 0.7155869007110596, 0.7149454355239868, 0.7175266742706299, 0.7441905736923218, 0.7426106929779053, 0.7402601838111877, 0.7142573595046997, 0.7187536358833313, 0.7231490612030029, 0.7266635894775391, 0.7311996221542358, 0.7323139905929565, 