{"rewards": [-805.1090403343663, -705.0373241055079, -574.4253385365523, -483.7001131834155, -383.7201885347645, -404.193517748867, -384.519847076685, -397.6514740588339, -126.71835859807392, -131.14072694108071, -128.7859844527192, -135.47501667992935, -132.3488399105695, -131.46181826232598, -134.19189263489804, -134.17818010626834, -129.46462495700925, -131.09339955313754, -133.9476010507299, -135.9986461152185, -128.97725755347383, -129.56999837087525, -128.72616622766617, -132.32064614060704, -129.0321845715109, -131.75429026198358, -128.2320730336063, -130.79125093911537, -132.28234148979374, -129.51239775425688, -131.7439985902153, -125.53394812183342, -129.61009068888023, -135.93030030144368, -129.2372062403827, -128.08274102139842, -121.3403255367892, -136.36194549168212, -139.31478049752005, -135.39264370687312, -131.49754020215002, -124.51557663846891, -131.63692102352508, -123.93515705988693, -132.2863138919012, -139.51265812710932, -128.48544104114168, -133.77617029308198, -137.70745371772196, -127.60440559606414, -134.25181836169554, -126.78302864918636, -126.5024654983885, -136.9939562754647, -126.09795150314889, -129.29432810075866, -133.84733752817456, -137.2329268494031, -128.6299531169752, -125.61210540090991, -130.51754467761575, -134.78291731908467, -137.1080115182562, -141.76831993852736, -138.90656758624044, -135.4768288925186, -129.18017548824568, -140.69077010974482, -129.0728820766378, -132.7436708003871, -142.13013979097005, -131.02666382426605, -128.56190516086033, -133.2615403229415, -131.12060283449983, -128.38126441372253, -129.14466554919153, -136.55176145613416, -131.05380965233553, -134.96867409332765, -129.25191546501713, -130.00861048082825, -127.6774338902321, -131.3587049194608, -124.31448864663234, -132.20717160794777, -134.73935301844966, -131.1386125334395, -135.52179041427132, -131.5171108934606, -133.1005596903777, -131.06863842388404, -132.21406042389066, -126.7807050967735, -131.87010010275424, -135.10259894260545, -130.5096835883609], "lengths": [106.4927536231884, 96.4, 95.3048780487805, 104.58666666666667, 111.97058823529412, 118.16923076923077, 117.33333333333333, 116.84848484848484, 68.8695652173913, 70.38053097345133, 70.05309734513274, 71.66363636363636, 68.52173913043478, 67.82203389830508, 71.07207207207207, 69.86725663716814, 70.5625, 70.19642857142857, 70.37837837837837, 69.85964912280701, 70.42342342342343, 71.91818181818182, 70.5, 68.4957264957265, 70.30973451327434, 68.75862068965517, 69.27433628318585, 69.98230088495575, 70.11304347826086, 69.26086956521739, 71.46846846846847, 69.60176991150442, 69.21052631578948, 71.05405405405405, 69.75438596491227, 70.80357142857143, 68.9304347826087, 69.58407079646018, 69.61739130434782, 71.2, 69.89285714285714, 71.23423423423424, 71.04424778761062, 68.54782608695652, 69.4298245614035, 69.01754385964912, 69.6842105263158, 69.87610619469027, 71.05357142857143, 68.44827586206897, 71.66964285714286, 69.21739130434783, 68.04273504273505, 71.37837837837837, 69.55652173913043, 67.2905982905983, 70.28571428571429, 69.27433628318585, 70.07142857142857, 69.82142857142857, 68.64347826086957, 70.31858407079646, 70.76991150442478, 71.17117117117117, 68.8695652173913, 68.94782608695652, 72.79629629629629, 71.45945945945945, 68.62931034482759, 70.33333333333333, 69.58260869565217, 70.84545454545454, 69.47826086956522, 70.83928571428571, 69.52678571428571, 68.32478632478633, 69.7433628318584, 70.14159292035399, 68.91379310344827, 72.62727272727273, 69.70796460176992, 69.21739130434783, 69.20175438596492, 70.9090909090909, 69.49557522123894, 70.41592920353982, 71.05405405405405, 71.16071428571429, 71.72727272727273, 68.32758620689656, 70.73214285714286, 70.25, 69.12068965517241, 69.28070175438596, 71.86486486486487, 70.90090090090091, 69.24561403508773], "entropies": [2.344864845275879, 2.6125378608703613, 2.9511642456054688, 3.348351001739502, 3.788412570953369, 4.284943580627441, 4.729074001312256, 5.583868026733398, 6.585843086242676, 7.659755706787109, 9.815229415893555, 12.485345840454102, 15.337371826171875, 18.74508285522461, 21.057254791259766, 22.433349609375, 24.074602127075195, 25.45151138305664, 26.768905639648438, 28.117115020751953, 29.62999725341797, 30.935440063476562, 32.706512451171875, NaN, NaN, NaN, NaN, NaN, NaN, NaN, NaN, NaN, NaN, NaN, NaN, NaN, NaN, NaN, NaN, NaN, NaN, NaN, NaN, NaN, NaN, NaN, NaN, NaN, NaN, NaN, NaN, NaN, NaN, NaN, NaN, NaN, NaN, NaN, NaN, NaN, NaN, NaN, NaN, NaN, NaN, NaN, NaN, NaN, NaN, NaN, NaN, NaN, NaN, NaN, NaN, NaN, NaN, NaN, NaN, NaN, NaN, NaN, NaN, NaN, NaN, NaN, NaN, NaN, NaN, NaN, NaN, NaN, NaN, NaN, NaN, NaN, NaN, NaN, NaN, NaN, NaN, NaN, NaN, NaN, NaN, NaN, NaN, NaN, NaN, NaN, NaN, NaN, NaN, NaN, NaN, NaN, NaN, NaN, NaN, NaN, NaN, NaN, NaN, NaN, NaN, NaN, NaN, NaN, NaN, NaN, NaN, NaN, NaN, NaN, NaN, NaN, NaN, NaN, NaN, NaN, NaN, NaN, NaN, NaN, NaN, NaN, NaN, NaN, NaN, NaN, NaN, NaN, NaN, NaN, NaN, NaN, NaN, NaN, NaN, NaN, NaN, NaN, NaN, NaN, NaN, NaN, NaN, NaN, NaN, NaN, NaN, NaN, NaN, NaN, NaN, NaN, NaN, NaN, NaN, NaN, NaN, NaN, NaN, NaN, NaN, NaN, NaN, NaN, NaN, NaN, NaN, NaN, NaN, NaN, NaN, NaN, NaN, NaN, NaN, NaN, NaN, NaN, NaN, NaN, NaN, NaN, NaN, NaN, NaN, NaN, NaN, NaN, NaN, NaN, NaN, NaN, NaN, NaN, NaN, NaN, NaN, NaN, NaN, NaN, NaN, NaN, NaN, NaN, NaN, NaN, NaN, NaN, NaN, NaN, NaN, NaN, NaN, NaN, NaN, NaN, NaN, NaN, NaN, NaN, NaN, NaN, NaN, NaN, NaN, NaN, NaN, NaN, NaN, NaN, NaN, NaN, NaN, NaN, NaN, NaN, NaN, NaN, NaN, NaN, NaN, NaN, NaN, NaN, NaN, NaN, NaN, NaN, NaN, NaN, NaN, NaN, NaN, NaN, NaN, NaN, NaN, NaN, NaN, NaN, NaN, NaN, NaN, NaN, NaN, NaN, NaN]}