{"rewards": [-126.26820380063563, -157.7685143098595, -243.877100878324, -212.07882419557734, -225.22274287800778, -223.61278177348652, -213.14620503874383, -209.70756900710714], "lengths": [86.41111111111111, 94.60493827160494, 95.1219512195122, 101.25974025974025, 98.43037974683544, 103.08, 98.8076923076923, 103.05555555555556], "entropies": [-0.33066123723983765, -0.3081919252872467, -0.2983771860599518, -0.22422483563423157, -0.21329830586910248, -0.19414308667182922, -0.03268494829535484, -0.013117725029587746, -0.002914563287049532, -0.026893839240074158, -0.010983333922922611, -0.04518594220280647, -0.07151219993829727, -0.02198217436671257, -0.044646184891462326, 0.11194238811731339, 0.2096949964761734, 0.0871727466583252, -0.006888329982757568, -0.029690835624933243, -0.02274050936102867, -0.014519646763801575, -0.016640178859233856, 0.03157510980963707]}