{"rewards": [-162.4992248548563, -160.83531510641745, -127.09668657611766, -134.47638000378913, -126.417929123932, -131.11676620434486], "lengths": [82.64285714285714, 79.62626262626263, 74.57943925233644, 82.27368421052631, 70.95495495495496, 69.59649122807018], "entropies": [2.063124656677246, 2.068877696990967, 2.0857865810394287, 1.9262982606887817, 1.8643193244934082, 1.8341243267059326, 1.6830905675888062, 1.6870098114013672, 1.7065385580062866, 1.7553157806396484, NaN, NaN, NaN, NaN, NaN, NaN, NaN, NaN]}