{"rewards": [-246.519581765546, -136.83230449826158, -135.52812261368808, -135.07266646104773, -126.03669727719159, -133.4726518639556, -136.8458186839195, -131.64954425890565, -137.11378446261142, -133.6569923557487], "lengths": [109.09859154929578, 70.13513513513513, 70.99115044247787, 68.94782608695652, 70.77477477477477, 70.71428571428571, 69.97368421052632, 68.80869565217391, 68.27350427350427, 68.43362831858407], "entropies": [NaN, NaN, NaN, NaN, NaN, NaN, NaN, NaN, NaN, NaN, NaN, NaN, NaN, NaN, NaN, NaN, NaN, NaN, NaN, NaN, NaN, NaN, NaN, NaN, NaN, NaN, NaN, NaN, NaN, NaN]}