{"rewards": [22.971830985915492, 26.61764705882353, 32.150837988826815, 43.09154929577465, 51.02439024390244, 63.99009900990099, 104.6923076923077, 109.53225806451613, 187.5, 221.26666666666668, 154.4, 232.25, 230.35714285714286, 222.90322580645162, 257.5, 345.85, 308.0, 248.65384615384616, 315.42857142857144, 267.9130434782609, 317.6, 273.04545454545456, 252.66666666666666, 280.82608695652175, 212.76666666666668, 237.06896551724137, 177.3421052631579, 238.93333333333334, 282.27272727272725, 206.03030303030303, 216.46875, 342.5238095238095, 315.4736842105263, 273.8, 253.95833333333334, 258.5769230769231, 291.0, 329.0, 310.7, 258.51851851851853, 340.42857142857144, 331.8333333333333, 311.9, 311.1, 271.84, 337.9047619047619, 240.17857142857142, 273.2307692307692, 271.1666666666667, 335.5263157894737, 344.7368421052632, 230.0, 248.07407407407408, 227.0344827586207, 201.4857142857143, 255.74074074074073, 304.85714285714283, 300.85714285714283, 174.6315789473684, 197.02777777777777, 205.0, 214.8709677419355, 225.7], "lengths": [22.971830985915492, 26.61764705882353, 32.150837988826815, 43.09154929577465, 51.02439024390244, 63.99009900990099, 104.6923076923077, 109.53225806451613, 187.5, 221.26666666666668, 154.4, 232.25, 230.35714285714286, 222.90322580645162, 257.5, 345.85, 308, 248.65384615384616, 315.42857142857144, 267.9130434782609, 317.6, 273.04545454545456, 252.66666666666666, 280.82608695652175, 212.76666666666668, 237.06896551724137, 177.3421052631579, 238.93333333333334, 282.27272727272725, 206.03030303030303, 216.46875, 342.5238095238095, 315.4736842105263, 273.8, 253.95833333333334, 258.5769230769231, 291, 329, 310.7, 258.51851851851853, 340.42857142857144, 331.8333333333333, 311.9, 311.1, 271.84, 337.9047619047619, 240.17857142857142, 273.2307692307692, 271.1666666666667, 335.5263157894737, 344.7368421052632, 230, 248.07407407407408, 227.0344827586207, 201.4857142857143, 255.74074074074073, 304.85714285714283, 300.85714285714283, 174.6315789473684, 197.02777777777777, 205, 214.8709677419355, 225.7], "entropies": [0.6752781271934509, 0.6666135390599569, 0.6429172356923422, 0.6083391308784485, 0.6224994460741679, 0.5666598876317342, 0.6070088744163513, 0.5860780477523804, 0.5048136015733083, 0.5888883670171102, 0.5521801312764486, 0.5590840180714926, 0.5648963451385498, 0.5678105155626932, 0.5970573822657267, 0.5724498629570007, 0.5836568673451742, 0.555139442284902, 0.5705432693163554, 0.5898864467938741, 0.6068328619003296, 0.5508712530136108, 0.49084506432215375, 0.5492931008338928, 0.5774983167648315, 0.5278254747390747, 0.5770522356033325, 0.5714893937110901, 0.5733129382133484, 0.6016768415768942, 0.5363416870435079, 0.5522307356198629, 0.5893838206926981, 0.5918580293655396, 0.5644499262173971, 0.5817234317461649, 0.5848369598388672, 0.5463414986928304, 0.5866813659667969, 0.5692904194196066, 0.5971746246019999, 0.5946960846583048, 0.5847926338513693, 0.5467970569928488, 0.5673416058222452, 0.5874361594518026, 0.5788535873095194, 0.6007465322812399, 0.5682880878448486, 0.5966089765230814, 0.5484739144643148, 0.5641284187634786, 0.558053990205129, 0.5916661024093628, 0.6011385321617126, 0.5422264138857523, 0.5728465517361959, 0.4758837620417277, 0.5604191025098165, 0.590062161286672, 0.5595282316207886, 0.5907364288965861, 0.5765487949053446]}