{"rewards": [-298.7725153978282, -339.50171695442106], "lengths": [100, 100], "entropies": [21.047128677368164, 17.77344512939453, 20.581212997436523, 22.129854202270508, 18.544960021972656, 20.32919692993164]}