{"rewards": [-331.8329349019465], "lengths": [100], "entropies": [62.662680308024086]}