{"rewards": [-212.15629201752503, -364.38469720174896, -295.5862373847731, -326.94186703535945, -267.03662924229513, -318.6849256471606, -379.7884235612721, -334.46236332337156, -448.6708729622738, -523.7273967684438, -280.63087240223774, -335.30818397816773, -421.32769108329074, -349.25587960989503], "lengths": [94, 102.6, 89.71428571428571, 105.6, 116.57142857142857, 109.4, 102, 93.6, 102.71428571428571, 106.2, 110, 111.33333333333333, 122, 100.2], "entropies": [1.8426146904627483, 1.5305952231089275, 1.53309432665507, 1.3395685354868572, 1.4300111532211304, 1.5708182255427043, 1.320183277130127, 1.2637593348821003, 1.575649340947469, 1.8408096631368, 1.479778567949931, 1.7981318632761638, 1.4597490628560383, 1.3172086477279663]}