{"rewards": [14.267950963222416, 17.383795309168445], "lengths": [14.267950963222416, 17.383795309168445], "entropies": [0.6664814949035645, 0.6705617904663086, 0.6709926128387451, 0.6909863948822021, 0.6909940242767334, 0.6897485256195068]}