{"rewards": [28.325174825174827, 36.231818181818184, 63.450819672131146, 95.87341772151899, 163.7826086956522, 249.19230769230768, 350.55, 463.0, 436.875, 384.75, 474.5, 500.0, 500.0, 500.0], "lengths": [28.325174825174827, 36.231818181818184, 63.450819672131146, 95.87341772151899, 163.7826086956522, 249.19230769230768, 350.55, 463, 436.875, 384.75, 474.5, 500, 500, 500], "entropies": [0.6636253595352173, 0.6423222025235494, 0.6082648237546285, 0.5768319765726725, 0.5718884666760763, 0.5555652976036072, 0.5410606861114502, 0.5211977660655975, 0.4930370052655538, 0.49347858627637226, 0.4977882703145345, 0.47369617223739624, 0.4487303892771403, 0.44689008593559265]}