{"rewards": [-576.6886186123172, -562.0258806546127, -551.3409947873492, -535.3592167647267, -495.9351477375092, -696.4580706192042, -623.8544766573898, -621.939208672328, -634.0589923539769, -639.8971724571629, -690.3490201661344, -660.1608242746589, -610.8948756207136, -682.0830065367013, -716.5412571943962, -679.2211474188613, -732.5958830866267, -735.9605276935283, -783.7860990297979, -703.6869107483769, -702.515307934116, -687.4433718030223, -827.0431991077639, -769.2845415620005, -739.0877545908485, -707.5669466075497, -818.6172216354224, -644.1900812224906, -619.3956295716282, -651.4183119373015, -777.5995876511098, -867.0299526079717, -897.6874725357652, -816.0148601929111, -894.7859151705103, -924.8648158392842, -1079.161443090452, -1274.9386052855225, -1027.4643503622542, -1178.049209992903, -1090.7207817107321, -875.2912971069115, -840.2287532326936, -1116.3335254196556, -978.9613510843548, -830.3522884812966, -872.1245452208127, -718.1223654332599, -683.9518219176483, -753.344026174245, -712.0658356777598, -715.9483273382842, -677.7983994165863, -478.22851915697044, -544.778033836856, -546.8170291491133, -551.6189036033661, -503.0087400981496, -538.1536042435538, -568.022540434263, -537.5580639837949, -593.831175025848], "lengths": [123.40322580645162, 138.8909090909091, 139.87037037037038, 139.3090909090909, 149.60416666666666, 152.04, 147.2941176470588, 142.74074074074073, 146.76, 144, 153.12, 142.0188679245283, 148.66666666666666, 111.74285714285715, 111.01449275362319, 100.74358974358974, 101.97333333333333, 108.125, 115.97014925373135, 109.1, 120.9047619047619, 162.48936170212767, 179.4, 180.73809523809524, 200.67567567567568, 189.15, 215.24242424242425, 189.07692307692307, 140.52727272727273, 149.9591836734694, 163.11363636363637, 178.2093023255814, 189.5897435897436, 176.23809523809524, 210.8, 210.57575757575756, 217.33333333333334, 223.21875, 200.2972972972973, 223.1764705882353, 226.87878787878788, 213.88888888888889, 207.54285714285714, 228.75, 221.51612903225808, 221.06060606060606, 222.06060606060606, 217, 192.89473684210526, 244.10344827586206, 221.3030303030303, 224.72727272727272, 216.9090909090909, 187.5609756097561, 192.56410256410257, 196.07692307692307, 203.13888888888889, 185.07894736842104, 196.76923076923077, 197.23684210526315, 205.94285714285715, 212.71428571428572], "entropies": [1.6840587854385376, 1.639998435974121, 1.703202486038208, 1.3143465518951416, 1.308440923690796, 1.4155012369155884, 1.3014039993286133, 1.239956259727478, 1.2647002935409546, 1.2142131328582764, 1.1216588020324707, 1.1711820363998413, 0.9068415760993958, 1.019676923751831, 1.346524715423584, 1.2807307243347168, 1.2667860984802246, 1.265984058380127, 1.3270684480667114, 1.3338210582733154, 1.3060877323150635, 1.3296723365783691, 1.3024462461471558, 1.3045717477798462, 1.2689111232757568, 1.2334449291229248, 1.275327444076538, 1.2182862758636475, 1.247654676437378, 1.3314050436019897, 1.288487195968628, 1.2496716976165771, 1.3106738328933716, 1.1055878400802612, 0.9901673793792725, 1.0147759914398193, 0.9037171006202698, 0.8489566445350647, 0.8899796009063721, 0.7594162225723267, 0.7811630964279175, 0.7874464988708496, 0.8789869546890259, 0.8531116247177124, 0.8828991055488586, 0.8318590521812439, 0.7882388830184937, 0.7801140546798706, 0.8801661729812622, 0.8528395295143127, 0.8508886098861694, 1.099348545074463, 0.9106611013412476, 0.8239173293113708, 0.9059450626373291, 0.9489637613296509, 0.9007081389427185, 1.1454763412475586, 0.7677375078201294, 0.7372829914093018, 0.6221750974655151, 0.849301815032959, 0.6618172526359558, 0.7405199408531189, 0.7015433311462402, 0.7451537847518921, 0.7167601585388184, 0.6660439968109131, 0.7803752422332764, 0.6889125108718872, 0.695443332195282, 0.7563315033912659, 0.527969479560852, 0.5371267795562744, 0.5746402740478516, 0.5008774995803833, 0.6556639671325684, 0.5623332858085632, 0.6923538446426392, 0.7154451608657837, 0.7215890884399414, 0.677550733089447, 0.6599346399307251, 0.7278726100921631, 0.7201894521713257, 0.7184357643127441, 0.6964741945266724, 0.6926738023757935, 0.680390477180481, 0.7203208208084106, 0.6929447054862976, 0.6644457578659058, 0.7268350124359131, 0.8856600522994995, 0.869242250919342, 0.8940722942352295, 0.8737552762031555, 0.901850700378418, 0.8773767352104187, 0.7182852029800415, 0.7200464010238647, 0.6878167986869812, 0.6696730256080627, 0.6769287586212158, 0.7263802289962769, 0.6035819053649902, 0.6406435966491699, 0.6538444757461548, 0.8043228387832642, 0.8006948232650757, 0.8313478827476501, 0.782968282699585, 0.8123054504394531, 0.8180848360061646, 0.7483202219009399, 0.7309709787368774, 0.7230852842330933, 0.7759993076324463, 0.7464247941970825, 0.7423880696296692, 0.6544974446296692, 0.6726168394088745, 0.6593185067176819, 0.7004547119140625, 0.7526363134384155, 0.7339151501655579, 0.5822999477386475, 0.5756592154502869, 0.6036345958709717, 0.7203099131584167, 0.7285118103027344, 0.740199089050293, 0.6823859214782715, 0.6714131832122803, 0.6683863997459412, 0.6813417077064514, 0.6522109508514404, 0.6682018041610718, 0.6214896440505981, 0.6276392936706543, 0.6323011517524719, 0.5397687554359436, 0.533420741558075, 0.5293070077896118, 0.6806710958480835, 0.6762197017669678, 0.6601532697677612, 0.5031570196151733, 0.5101048350334167, 0.5145002603530884, 0.5196341276168823, 0.5315321683883667, 0.528756856918335, 0.5508968830108643, 0.5173174142837524, 0.537456750869751, 0.5175222754478455, 0.5076637268066406, 0.504764974117279, 0.39073947072029114, 0.38857313990592957, 0.3710601329803467, 0.3966779410839081, 0.3930301368236542, 0.3870272934436798, 0.4059683084487915, 0.4069262444972992, 0.4051428437232971, 0.26869282126426697, 0.2817627787590027, 0.23735174536705017, 0.3722585141658783, 0.3672030568122864, 0.34244614839553833, 0.29201987385749817, 0.2907871603965759, 0.2959086298942566, 0.367811918258667, 0.3581879436969757, 0.34256452322006226, 0.29857465624809265, 0.30165985226631165, 0.30636653304100037, 0.31888511776924133, 0.30380111932754517, 0.2887381911277771]}