{"rewards": [-670.9645828263874, -740.6481036268566, -499.98113240437516, -651.9152833262515, -695.2244749424827, -727.5144561995496, -743.8259971432764, -717.1576099492881, -600.2924500273122, -670.5642485716226, -683.8399400826441, -701.5055649919105, -663.6559133782067, -664.9476975532516, -550.595031008505, -560.2879825221285, -743.233048677891, -669.2101382834771, null, null, null, null, null], "lengths": [88, 92.66666666666667, 79.33333333333333, 90, 91.28571428571429, 97.75, 98.8, 105, 89, 92.71428571428571, 103, 94.125, 99.875, 91.85714285714286, 86.6, 91.71428571428571, 105.6, 115.2, null, null, null, null, null], "entropies": [1.4160391887029011, 1.2488492727279663, 1.3076977729797363, 1.2281728188196819, 1.1512115796407063, 0.9807642499605814, 0.9721847375233968, 0.8609801729520162, 0.9700983564058939, 0.868336021900177, 1.0305862029393513, 0.7454175154368082, 0.5928312937418619, 0.47953317562739056, 0.5368061463038126, 0.5289892852306366, 0.0739243986705939, -0.1425226926803589, -0.21346166729927063, 0.032317853843172394, 0.19382422665754953, 0.3479545811812083, 0.14445700496435165]}