{"rewards": [17.356076759061835, 23.20827389443652, 37.29561200923788, 55.63636363636363, 92.55294117647058, 156.15151515151516, 321.0, 372.125, 482.625, 500.0, 500.0, 500.0, 500.0], "lengths": [17.356076759061835, 23.20827389443652, 37.29561200923788, 55.63636363636363, 92.55294117647058, 156.15151515151516, 321, 372.125, 482.625, 500, 500, 500, 500], "entropies": [0.6874068379402161, 0.6861888766288757, 0.6840596199035645, 0.6831207275390625, 0.6786794662475586, 0.6771957874298096, 0.6571993827819824, 0.6507648825645447, 0.648216724395752, 0.6237221360206604, 0.617744505405426, 0.6154214143753052, 0.605754017829895, 0.6003069281578064, 0.5972841382026672, 0.5861765146255493, 0.5586833953857422, 0.508428156375885, 0.5278269648551941, 0.5084027051925659, 0.5038516521453857, 0.4807901978492737, 0.43381425738334656, 0.4227023422718048, 0.40559855103492737, 0.3969360589981079, 0.39136794209480286, 0.3960482180118561, 0.3785606026649475, 0.371936172246933, 0.36348527669906616, 0.33775538206100464, 0.32566970586776733, 0.32026049494743347, 0.3075699210166931, 0.30211323499679565, 0.30074864625930786, 0.298794150352478, 0.2953624725341797]}