{"rewards": [20.43918918918919, 25.803212851405622], "lengths": [20.43918918918919, 25.803212851405622], "entropies": [0.6877475182215372, 0.6666795015335083]}