{"rewards": [31.15057915057915, 38.90686274509804, 54.97902097902098, 75.00980392156863, 106.02816901408451, 113.78260869565217, 133.56140350877192, 123.27868852459017, 141.38181818181818], "lengths": [31.15057915057915, 38.90686274509804, 54.97902097902098, 75.00980392156863, 106.02816901408451, 113.78260869565217, 133.56140350877192, 123.27868852459017, 141.38181818181818], "entropies": [0.6633750398953756, 0.6469931602478027, 0.6315163771311442, 0.6131286223729452, 0.6085160772005717, 0.6164770722389221, 0.6030719876289368, 0.5945498545964559, 0.5657106836636862]}