{"('BipedalWalker-v2', 'ffn')": [[-105.09365101339688, -105.11439208450957], [0.0, 0.0]], "('BipedalWalker-v2', 'rnn')": [[-109.63596293820812, -108.36405691699875], [0.0, 0.0]]}