{
  "results": {
    "discrete_no_norms": {
      "n": 10,
      "config": {
        "architecture": "simple",
        "sequential": false,
        "preload": null,
        "shared": false,
        "distribution": "categorical",
        "early_stopping": false,
        "model": "ffn",
        "no_reward_norming": true,
        "no_state_norming": true,
        "lr_schedule": null,
        "tbptt": 16,
        "workers": 8,
        "save_every": 0,
        "clip_values": false,
        "lr_pi": 0.0003,
        "load_from": null,
        "lam": 0.95,
        "iterations": 20,
        "horizon": 2048,
        "grad_norm": 0.5,
        "export_file": null,
        "eval": true,
        "epochs": 10,
        "env": "CartPole-v1",
        "discount": 0.99,
        "debug": false,
        "cpu": false,
        "clip": 0.2,
        "c_value": 1,
        "c_entropy": 0.01,
        "batch_size": 128,
        "stop_early": false,
        "config": "discrete_no_norms"
      },
      "means": [
        22.165010799592388,
        34.422669246315344,
        71.49106183530701,
        132.2689399651202,
        187.23893831335047,
        197.95511216501052,
        199.51930555555555,
        199.95749999999998,
        199.92499999999998,
        200.0,
        200.0,
        200.0,
        200.0,
        200.0,
        200.0,
        200.0,
        200.0,
        200.0,
        200.0,
        200.0
      ],
      "var": [
        0.06698383217103514,
        1.399383710929422,
        15.896622161460723,
        75.4595473407364,
        39.654025334105974,
        4.401939530774957,
        1.1530827546296403,
        0.013027777777778977,
        0.041388888888889044,
        1.3912000319631001e-28,
        1.3912000319631001e-28,
        1.3912000319631001e-28,
        1.3912000319631001e-28,
        1.3912000319631001e-28,
        1.3912000319631001e-28,
        1.3912000319631001e-28,
        1.3912000319631001e-28,
        1.3912000319631001e-28,
        1.3912000319631001e-28,
        1.3912000319631001e-28
      ],
      "mean_max": 200.0,
      "var_max": 1.3912000319631001e-28
    }
  },
  "meta": {
    "reward_threshold": 195.0
  }
}