{
  "results": {
    "continuous": {
      "n": 10,
      "config": {
        "architecture": "simple",
        "sequential": false,
        "preload": null,
        "shared": false,
        "distribution": "gaussian",
        "early_stopping": false,
        "model": "ffn",
        "no_reward_norming": false,
        "no_state_norming": false,
        "lr_schedule": null,
        "tbptt": 16,
        "workers": 8,
        "save_every": 0,
        "clip_values": false,
        "lr_pi": 0.0003,
        "load_from": null,
        "lam": 0.95,
        "iterations": 100,
        "horizon": 2048,
        "grad_norm": 0.5,
        "export_file": null,
        "eval": true,
        "epochs": 10,
        "env": "CartPole-v1",
        "discount": 0.99,
        "debug": false,
        "cpu": false,
        "clip": 0.2,
        "c_value": 1,
        "c_entropy": 0.0,
        "batch_size": 64,
        "stop_early": false,
        "config": "continuous"
      },
      "means": [
        -97.21638966995954,
        -74.55444681204814,
        -48.64883524398096,
        -23.42211532409415,
        3.8711825623705756,
        23.592004382330494,
        32.544242695974766,
        45.56017715500781,
        56.085972859562986,
        65.90119156757191,
        71.75330932515688,
        74.3867445526383,
        76.58261702482069,
        79.56737502233811,
        83.11128831804393,
        84.62327953882317,
        85.43925377194246,
        85.12307433444344,
        85.61626773368944,
        85.74903166882723,
        85.74875627017337,
        85.8161805733899,
        85.91197707879708,
        85.92676480493441,
        85.96490871750593,
        85.97063150953683,
        85.91371234470513,
        85.91774476152045,
        85.94761694124345,
        85.99979191327257,
        85.98348965621433,
        85.98774959669595,
        85.98406547917025,
        85.97122815725848,
        85.86792623200182,
        85.88907784606305,
        85.87063779074323,
        85.86424431065053,
        85.88910934043128,
        85.91822905661587,
        85.89382813915249,
        85.91133928297182,
        85.86654011788877,
        85.88721997024163,
        85.91560852941446,
        85.90436692688965,
        85.91843506644284,
        85.90731296012356,
        85.85019166122542,
        85.8344814855061,
        85.79876068242311,
        85.78863176134921,
        85.80331558523078,
        85.79740979421999,
        85.84594323800525,
        85.80398598740469,
        85.77684524638295,
        85.78632927857039,
        85.72994197883443,
        85.74890208805463,
        85.72740883447356,
        85.69327567096823,
        85.72388642138111,
        85.69495646071003,
        85.71351007090503,
        85.68571283326999,
        85.68072657703101,
        85.64869585730551,
        85.68348401215285,
        85.66416623613871,
        85.70661457530306,
        85.7033070537112,
        85.67715038458073,
        85.68355432555083,
        85.7029483419101,
        85.66518473068923,
        85.65107508483005,
        85.66499286850264,
        85.63599982024775,
        85.6535157860559,
        85.63173206156986,
        85.6863587223799,
        85.65737566033654,
        85.65834987678089,
        85.65365098359644,
        85.64172492740312,
        85.6459685794407,
        85.67663595112009,
        85.62918572401114,
        85.65023174903612,
        85.65965395706861,
        85.63938083106288,
        85.65036276952819,
        85.65401716065827,
        85.63786476782492,
        85.62315686832979,
        85.61234411046905,
        85.61080727602796,
        85.58835938291028,
        85.6200054376123
      ],
      "var": [
        12.33343465443372,
        46.139061356437566,
        75.45378625574428,
        725.8600741071715,
        1858.090819674453,
        2600.47007333388,
        2323.1665499268674,
        2341.965417803877,
        2019.767797280195,
        1642.9934245603201,
        1639.0471229939883,
        1567.09149250152,
        1384.0523906987296,
        1116.8537696924006,
        964.9095126878692,
        957.9214647751822,
        966.859540243088,
        948.7923543450324,
        953.4711008119125,
        948.2006371958341,
        943.7573290679525,
        941.9223394256122,
        937.4860627049571,
        933.8770085743896,
        930.4060711848556,
        928.9820334777648,
        925.71902126434,
        924.2660920456193,
        922.9450294784804,
        922.7748765311763,
        921.0310243560632,
        920.7145539721228,
        919.2232758118904,
        918.8380783687686,
        915.2779141712213,
        915.6820036905582,
        914.4710842737505,
        913.8476332677296,
        914.2480824312129,
        914.719957753066,
        913.6783035274295,
        914.1407628586205,
        912.9109522567687,
        912.8164554357086,
        912.8920834478961,
        912.5288229309034,
        912.7126385714996,
        912.4510568823857,
        911.0965988116994,
        910.708236575351,
        909.9372360362863,
        909.9438084410348,
        909.9198075428417,
        909.652737819755,
        910.9129929429728,
        909.8638208602995,
        909.2041302518021,
        909.3821166519324,
        908.2225325494001,
        908.6086338477136,
        908.1045311324682,
        907.3828329567366,
        907.9171069995786,
        907.2266455134336,
        907.6128914803338,
        906.9618932210129,
        906.8248562332153,
        906.1331055647711,
        906.8524114282059,
        906.43103163094,
        907.3184544200152,
        907.3003748062642,
        906.7076457655714,
        906.8391676536304,
        907.2465952685878,
        906.4234157895258,
        906.1439162755119,
        906.4040343150082,
        905.7897166552353,
        906.161084901,
        905.6375445831762,
        906.8647675475873,
        906.2166474606892,
        906.2755432113083,
        906.1465039327486,
        905.8906709975762,
        905.9903314459788,
        906.6515908681731,
        905.6454268478948,
        906.0914000054701,
        906.2718758144719,
        905.7879223518115,
        906.002372043592,
        906.0944250464318,
        905.7695363182879,
        905.4291315404447,
        905.2123817220626,
        905.1713324712005,
        904.6905153183515,
        905.4079169797656
      ],
      "mean_max": 86.2772688530453,
      "var_max": 919.8855820486606
    },
    "continuous_beta": {
      "n": 3,
      "config": {
        "architecture": "simple",
        "sequential": false,
        "preload": null,
        "shared": false,
        "distribution": "beta",
        "early_stopping": false,
        "model": "ffn",
        "no_reward_norming": false,
        "no_state_norming": false,
        "lr_schedule": null,
        "tbptt": 16,
        "workers": 8,
        "save_every": 0,
        "clip_values": false,
        "lr_pi": 0.0003,
        "load_from": null,
        "lam": 0.95,
        "iterations": 100,
        "horizon": 2048,
        "grad_norm": 0.5,
        "export_file": null,
        "eval": true,
        "epochs": 10,
        "env": "CartPole-v1",
        "discount": 0.99,
        "debug": false,
        "cpu": false,
        "clip": 0.2,
        "c_value": 1,
        "c_entropy": 0.0,
        "batch_size": 64,
        "stop_early": false,
        "config": "continuous_beta"
      },