{
  "results": {
    "discrete": {
      "n": 10,
      "config": {
        "shared": false,
        "distribution": null,
        "early_stopping": false,
        "model": "ffn",
        "no_reward_norming": false,
        "no_state_norming": false,
        "lr_schedule": null,
        "tbptt": 16,
        "workers": 8,
        "save_every": 0,
        "clip_values": false,
        "lr_pi": 0.0003,
        "load_from": null,
        "lam": 0.95,
        "iterations": 100,
        "horizon": 2048,
        "grad_norm": 0.5,
        "export_file": null,
        "eval": false,
        "epochs": 10,
        "env": "CartPole-v1",
        "discount": 0.99,
        "debug": false,
        "cpu": false,
        "clip": 0.2,
        "c_value": 1,
        "c_entropy": 0.01,
        "batch_size": 128,
        "stop_early": false
      },
      "means": [
        -200.0,
        -200.0,
        -200.0,
        -200.0,
        -199.935,
        -199.16875,
        -196.3924350649351,
        -191.80036115754888,
        -184.32848642791123,
        -174.8719425471693,
        -161.53112121805816,
        -151.07705599471558,
        -145.10077694370966,
        -140.61798264901748,
        -137.8325515007367,
        -133.34458332241226,
        -129.81045159314831,
        -126.32963378663054,
        -123.62238380491007,
        -120.5252406654817,
        -119.9464521003639,
        -117.47012939788564,
        -115.93045377057493,
        -114.14529653185883,
        -113.6082367334148,
        -112.88522458203252,
        -110.19510675122962,
        -109.5411395179626,
        -108.81124149802858,
        -109.12711964977784,
        -108.65109455836836,
        -107.73535012833932,
        -107.85001989416497,
        -107.86984658918783,
        -106.91681081304537,
        -106.64182287701286,
        -106.37699967281853,
        -105.33586869514762,
        -105.22380450000301,
        -104.36679535470198,
        -103.85076016826373,
        -103.71301612577258,
        -103.6634619603326,
        -104.10808328058448,
        -103.82228658490584,
        -104.85408269920433,
        -105.39308432170321,
        -103.40289481426127,
        -101.92687323856431,
        -102.23398255106852,
        -102.31919839813024,
        -101.40132708108277,
        -100.80087057808107,
        -100.95250230946772,
        -101.29465023631043,
        -101.29352129275216,
        -102.10936360038377,
        -112.20454250470306,
        -110.66338391308375,
        -107.07433189444217,
        -103.9846256336383,
        -101.88396055474499,
        -102.88138824170652,
        -103.12002317110435,
        -109.16544354616835,
        -111.68135632005513,
        -111.26611665264159,
        -109.24268655444874,
        -111.75767560857652,
        -112.31401853008518,
        -110.0240115108794,
        -107.24277683938202,
        -107.36404951232007,
        -104.7424276079909,
        -103.55682345082974,
        -102.7628695708206,
        -101.55939987205875,
        -107.48642025929861,
        -107.78147214311525,
        -107.6520731764835,
        -106.83466529038175,
        -106.02706739124771,
        -103.89099081811851,
        -100.4814508449034,
        -106.46286942431495,
        -107.90164700647689,
        -107.88066019025138,
        -110.03628006489353,
        -111.65382055808813,
        -110.80811311983496,
        -106.80042253686214,
        -103.65736671164251,
        -105.80015112311406,
        -105.08371657451,
        -111.94596753719753,
        -112.08866916625558,
        -111.90506043638004,
        -111.37628836182927,
        -109.86091303630192,
        -108.86790627391433
      ],
      "var": [
        1.3912000319631001e-28,
        1.3912000319631001e-28,
        1.3912000319631001e-28,
        1.3912000319631001e-28,
        0.042249999999998816,
        5.750078124999956,
        49.52019574923619,
        157.08212842527158,
        293.93004758663466,
        329.9278008301146,
        309.5296345028048,
        165.5923473841843,
        125.47139782568775,
        150.4361124715485,
        166.1873455704116,
        204.90356031556067,
        219.97381303451846,
        260.4179563111054,
        262.0923258556606,
        299.44323525622195,
        232.22527585645406,
        217.79003907210347,
        215.79914822537688,
        169.0491156677012,
        130.73423109159182,
        133.91664834841654,
        103.43624657229591,
        80.98829105335562,
        69.34314256757615,
        81.83665510108585,
        53.95168716836553,
        57.78970457346371,
        57.63529129598755,
        48.564224447553734,
        37.658764519916794,
        43.21743160257336,
        36.75311927441631,
        40.02621654799718,
        48.53480869307671,
        29.521789892805128,
        33.047915129443986,
        23.476737441686126,
        25.960784827749986,
        22.198454913577223,
        23.58197015458261,
        36.7265852150784,
        43.099048849442674,
        22.19754695751025,
        13.331531518135732,
        15.894115148992183,
        11.021899901006535,
        10.430588078100147,
        8.3520186899818,
        8.304759441773351,
        13.301505183008198,
        11.470007617212325,
        11.3285692731124,
        574.1325129115896,
        419.15529307845935,
        220.702238310078,
        95.2782556444559,
        31.978660874405566,
        38.20900771966464,
        34.53611543216504,
        424.2715525956924,
        508.24834377426606,
        481.7186645581956,
        394.7975867647914,
        573.2703251868107,
        725.7991941203022,
        524.2594029995448,
        419.1685221138593,
        335.2780618675072,
        195.6614462676348,
        69.95512230461672,
        44.936591204507344,
        31.838195577395986,
        458.8261496908917,
        432.44636159975215,
        397.0375469675955,
        399.26127585912616,
        369.11152614019556,
        244.31265447681497,
        28.613739767625052,
        369.1713435894333,
        392.8461207434883,
        347.6992622084079,
        312.4785861222497,
        358.4607209805421,
        306.7738373004908,
        134.65942334275005,
        60.68984799363787,
        242.61756533995853,
        271.3444603496898,
        740.0384258420738,
        732.4706786149231,
        756.2823177579666,
        694.961868320461,
        606.0028216277015,
        484.3766977677728
      ]
    },
    "discrete_no_norms": {
      "n": 10,
      "config": {
        "shared": false,
        "distribution": null,
        "early_stopping": false,
        "model": "ffn",
        "no_reward_norming": true,
        "no_state_norming": true,
        "lr_schedule": null,
        "tbptt": 16,
        "workers": 8,
        "save_every": 0,
        "clip_values": false,
        "lr_pi": 0.0003,
        "load_from": null,
        "lam": 0.95,
        "iterations": 100,
        "horizon": 2048,
        "grad_norm": 0.5,
        "export_file": null,
        "eval": false,
        "epochs": 10,
        "env": "CartPole-v1",
        "discount": 0.99,
        "debug": false,
        "cpu": false,
        "clip": 0.2,
        "c_value": 1,
        "c_entropy": 0.01,
        "batch_size": 128,
        "stop_early": false
      },