{
  "results": {
    "discrete": {
      "n": 10,
      "config": {
        "distribution": null,
        "early_stopping": false,
        "model": "ffn",
        "no_reward_norming": false,
        "no_state_norming": false,
        "lr_schedule": null,
        "tbptt": 16,
        "workers": 8,
        "save_every": 0,
        "clip_values": false,
        "lr_pi": 0.0003,
        "load_from": null,
        "lam": 0.95,
        "iterations": 100,
        "horizon": 2048,
        "grad_norm": 0.5,
        "export_file": null,
        "eval": false,
        "epochs": 10,
        "env": "CartPole-v1",
        "discount": 0.99,
        "debug": false,
        "cpu": false,
        "clip": 0.2,
        "c_value": 1,
        "c_entropy": 0.01,
        "batch_size": 128,
        "stop_early": false
      },
      "means": [
        -499.26875,
        -476.0919062244061,
        -396.3891851204351,
        -307.63033772714067,
        -233.11319796334843,
        -179.86672124085632,
        -151.53183357367948,
        -131.80983374216856,
        -119.71509482468848,
        -107.27320865237697,
        -101.91408023658968,
        -97.66342577958928,
        -93.77555393142855,
        -90.81909108891129,
        -89.0019830002873,
        -86.75590649276786,
        -87.8087662077007,
        -86.05398196642297,
        -84.42000174884484,
        -85.63025153227046,
        -84.33938537227887,
        -83.45872328092938,
        -83.33906119311207,
        -82.5545912383112,
        -82.56788307160949,
        -82.73405034839843,
        -81.2124472112341,
        -81.2253888635138,
        -80.91900859205185,
        -81.01442527306442,
        -80.3873776258306,
        -80.04619591426861,
        -79.41892942799369,
        -79.52405610368831,
        -79.06101089244783,
        -79.73395722054018,
        -77.40348689198848,
        -78.45169171611082,
        -77.14315549440681,
        -77.26721265505556,
        -76.95069621022017,
        -76.83681658779594,
        -77.27576785732242,
        -76.78180903831581,
        -75.27211190095025,
        -75.82855864424195,
        -75.05264203386301,
        -74.39069665907174,
        -75.1538265874309,
        -74.3971298279424
      ],
      "var": [
        1.4729166666666784,
        1066.187999549739,
        8469.164737304833,
        10743.620213386046,
        7797.434177811382,
        2320.073902244443,
        1038.7351498351438,
        420.0949249456864,
        395.33170457261554,
        95.20030750112477,
        101.34309668270095,
        90.51699061274783,
        49.58780332196779,
        15.020157756587253,
        16.120168929046272,
        9.753301869190446,
        6.305312433423,
        16.475191406199357,
        7.902871315028723,
        9.350270036404105,
        8.17069538186306,
        2.3818738338568477,
        4.480309806212438,
        1.9173019144327226,
        6.635791727545557,
        5.773293031503348,
        1.765246567130878,
        2.103131434048734,
        2.2227959109042783,
        4.541301333371187,
        1.6759148839236935,
        2.1420652255953665,
        3.156344985318901,
        1.0185229375535347,
        3.416137987674667,
        2.695340487814937,
        2.291134031651796,
        3.3919012011841767,
        1.4345194868505877,
        2.217671671214431,
        3.45702268259703,
        4.981151578988614,
        6.8047391956307575,
        11.23514597959317,
        1.1775883620188834,
        2.0617397000980917,
        1.5544039030373327,
        0.9993830244971407,
        2.375658300420004,
        1.2050195072193466
      ]
    },
    "discrete_shared": {
      "n": 1,
      "config": {
        "radical_evaluation": false,
        "architecture": "simple",
        "sequential": false,
        "preload": null,
        "shared": true,
        "distribution": "categorical",
        "early_stopping": false,
        "model": "ffn",
        "no_reward_norming": false,
        "no_state_norming": false,
        "lr_schedule": null,
        "tbptt": 16,
        "workers": 8,
        "save_every": 0,
        "clip_values": false,
        "lr_pi": 0.0003,
        "load_from": null,
        "lam": 0.95,
        "iterations": 5,
        "horizon": 2048,
        "grad_norm": 0.5,
        "export_file": null,
        "eval": true,
        "epochs": 10,
        "env": "CartPole-v1",
        "discount": 0.99,
        "debug": false,
        "cpu": false,
        "clip": 0.2,
        "c_value": 1,
        "c_entropy": 0.01,
        "batch_size": 128,
        "stop_early": false,
        "config": "discrete_shared"
      },
      "means": [
        -500.0,
        -500.0,
        -481.21875,
        -369.225,
        -255.24193548387098
      ],
      "var": [
        0.0,
        0.0,
        0.0,
        0.0,
        0.0
      ],
      "mean_max": -255.24193548387098,
      "var_max": 0
    },
    "discrete_shared_1": {
      "n": 10,
      "config": {
        "radical_evaluation": false,
        "architecture": "simple",
        "sequential": false,
        "preload": null,
        "shared": true,
        "distribution": "categorical",
        "early_stopping": false,
        "model": "ffn",
        "no_reward_norming": false,
        "no_state_norming": false,
        "lr_schedule": null,
        "tbptt": 16,
        "workers": 8,
        "save_every": 0,
        "clip_values": false,
        "lr_pi": 0.0003,
        "load_from": null,
        "lam": 0.95,
        "iterations": 30,
        "horizon": 2048,
        "grad_norm": 0.5,
        "export_file": null,
        "eval": true,
        "epochs": 10,
        "env": "CartPole-v1",
        "discount": 0.99,
        "debug": false,
        "cpu": false,
        "clip": 0.2,
        "c_value": 1,
        "c_entropy": 0.01,
        "batch_size": 128,
        "stop_early": false,
        "config": "discrete_shared"
      },
      "means": [
        -499.09687499999995,
        -476.95306186868675,
        -402.5098625541477,
        -315.55472180200303,
        -247.33000380204098,
        -203.5876480850868,
        -176.2487864790602,
        -155.07375860684658,
        -131.67366935067474,
        -115.08229104379772,
        -105.34442459136989,
        -100.5207439449396,
        -95.01883888006661,
        -93.1745530713671,
        -89.76510476668255,
        -87.85638231842178,
        -87.01309937352879,
        -85.88063689997739,
        -85.72099193437258,
        -84.70952163921741,
        -84.62265222449744,
        -83.7513182587907,
        -83.63231858893919,
        -82.66945659875269,
        -83.36381216339608,
        -82.318382596406,
        -81.91589427887132,
        -82.1443199166461,
        -81.29695351266321,
        -82.02551225399614
      ],
      "var": [
        2.3707573784722866,
        792.0206092351078,
        7720.162673145581,
        13684.546451095663,
        12085.33851731548,
        11893.092547921842,
        12401.364823464663,
        9468.938883322908,
        4359.020788709472,
        1643.4324538881085,
        730.5766135565422,
        446.2495802341838,
        177.19920881217624,
        98.48230641746845,
        32.07717401556736,
        17.30564778374502,
        20.259533113195516,
        9.681569383907611,
        7.7663838521871975,
        4.044676734911398,
        5.1760764477271,
        12.42118868244468,
        8.47730705790056,
        2.966536663090858,
        4.063608956042263,
        6.236137807791284,
        1.9861219924338305,
        3.941588357724739,
        4.409424894241009,
        4.18843427056092
      ],
      "mean_max": -79.80289006408252,
      "var_max": 1.5701906946545547
    }
  },
  "meta": {
    "reward_threshold": -100.0
  }
}