{
  "results": {
    "discrete_no_norms_short": {
      "n": 21,
      "config": {
        "sequential": false,
        "preload": null,
        "shared": false,
        "distribution": "categorical",
        "early_stopping": false,
        "model": "ffn",
        "no_reward_norming": true,
        "no_state_norming": true,
        "lr_schedule": null,
        "tbptt": 16,
        "workers": 8,
        "save_every": 0,
        "clip_values": false,
        "lr_pi": 0.0003,
        "load_from": null,
        "lam": 0.95,
        "iterations": 20,
        "horizon": 512,
        "grad_norm": 0.5,
        "export_file": null,
        "eval": false,
        "epochs": 10,
        "env": "CartPole-v1",
        "discount": 0.99,
        "debug": false,
        "cpu": false,
        "clip": 0.2,
        "c_value": 1,
        "c_entropy": 0.01,
        "batch_size": 128,
        "stop_early": false,
        "config": "discrete_no_norms_short"
      },
      "means": [
        21.978533773363765,
        28.036605046558563,
        40.435191668709706,
        65.14849588178882,
        112.28193984062825,
        170.5660038183109,
        239.68132637609082,
        276.9766737231022,
        356.7866402116402,
        415.2650793650792,
        444.9398148148148,
        460.4007936507935,
        469.9821428571427,
        481.95436507936506,
        498.76190476190465,
        499.19642857142844,
        496.36904761904754,
        496.2083333333332,
        492.11309523809507,
        488.651455026455
      ],
      "var": [
        1.0515609320573032,
        2.697282840950982,
        10.647195576010244,
        37.537417094885086,
        200.01413709577258,
        307.43457825360827,
        1684.677136649215,
        1592.6605362400317,
        3419.344904798648,
        3189.834355379188,
        3173.3681198559643,
        3214.293099647265,
        902.5988839285704,
        1167.225504298941,
        18.74203869047616,
        13.560267857142941,
        115.05855654761879,
        113.91302083333335,
        240.9998511904761,
        752.8754611258083
      ],
      "mean_max": 499.9999999999999,
      "var_max": 1.8068095698175225e-27
    }
  },
  "meta": {
    "reward_threshold": 475.0
  }
}