{
  "results": {
    "mujoco_beta": {
      "n": 3,
      "config": {
        "architecture": "simple",
        "sequential": false,
        "preload": null,
        "shared": false,
        "distribution": "beta",
        "early_stopping": false,
        "model": "ffn",
        "no_reward_norming": false,
        "no_state_norming": false,
        "lr_schedule": null,
        "tbptt": 16,
        "workers": 1,
        "save_every": 0,
        "clip_values": false,
        "lr_pi": 0.0003,
        "load_from": null,
        "lam": 0.95,
        "iterations": 50,
        "horizon": 2048,
        "grad_norm": 0.5,
        "export_file": null,
        "eval": true,
        "epochs": 10,
        "env": "CartPole-v1",
        "discount": 0.99,
        "debug": false,
        "cpu": false,
        "clip": 0.2,
        "c_value": 1,
        "c_entropy": 0.0,
        "batch_size": 64,
        "stop_early": false,
        "config": "mujoco_beta"
      },
      "means": [
        6.469460437313197,
        7.912160419310572,
        9.798152868246326,
        11.352714533106688,
        12.5254690035102,
        14.284241597674432,
        15.153602358577482,
        15.814803628757115,
        15.987841874853961,
        16.942479949535908,
        17.30117324586787,
        19.247656900598077,
        18.63892722950694,
        20.191124113804527,
        19.837199608849772,
        20.75498756868893,
        19.962899452219844,
        21.621027533232386,
        22.281020454684935,
        21.68058415313048,
        23.432735570717316,
        22.294204503506826,
        23.439956870940645,
        23.89963221060782,
        23.515899072807414,
        24.1851617440225,
        25.45334107327141,
        24.715397889113454,
        23.9497543654847,
        24.700023905144384,
        27.237702181274116,
        25.861890683841903,
        25.695575445575443,
        28.19287649287649,
        28.895970695970696,
        26.473055555555554,
        30.06378644186863,
        29.30489105986234,
        26.527297540455436,
        28.204451607126867,
        27.94290297339593,
        29.54884222453716,
        30.8143155191783,
        28.638901301791684,
        29.078561565471254,
        29.156945795663972,
        31.79417989417989,
        30.24751569526448,
        34.723905723905716,
        32.794810561865035
      ],
      "var": [
        0.10644884593967399,
        0.1977444558568725,
        0.21888712582178815,
        0.3782641293750108,
        0.24722667223718653,
        0.5843764383480933,
        0.0023528244574478247,
        0.1562366004104344,
        1.040426620940632,
        3.9723918756991683,
        0.25176977357426567,
        0.9143195339121928,
        0.6983716144603632,
        2.4218975929450055,
        0.7790791921383414,
        1.45448055074048,
        0.3549047900908406,
        0.3608442754621945,
        0.7534920952871168,
        0.0460922029956148,
        0.25551063001563296,
        1.852415270537041,
        0.22578418407933298,
        1.5338505800231395,
        0.475719581858484,
        2.6256394244749455,
        2.1677037669495878,
        0.9980956057843836,
        4.183738824955585,
        0.21139056396336423,
        7.411448866135237,
        2.1957084539685336,
        2.355834273678251,
        6.044033756942743,
        11.634943176481634,
        0.8168446759259282,
        3.480845183753215,
        8.943420467403314,
        0.679078301882319,
        2.861646342709198,
        0.383723873312907,
        11.815313507719607,
        3.9426273203229205,
        0.8827636198685423,
        0.7216640602820341,
        2.0354079432043846,
        6.079496934576307,
        7.447947482556155,
        4.642825562017475,
        0.19481978000141673
      ],
      "mean_max": 35.007451564828614,
      "var_max": 2.9450249977234346
    },
    "mujoco_beta_rnn": {
      "n": 10,
      "config": {
        "architecture": "simple",
        "sequential": false,
        "preload": null,
        "shared": false,
        "distribution": "beta",
        "early_stopping": false,
        "model": "rnn",
        "no_reward_norming": false,
        "no_state_norming": false,
        "lr_schedule": null,
        "tbptt": 16,
        "workers": 1,
        "save_every": 0,
        "clip_values": false,
        "lr_pi": 0.0003,
        "load_from": null,
        "lam": 0.95,
        "iterations": 50,
        "horizon": 2048,
        "grad_norm": 0.5,
        "export_file": null,
        "eval": true,
        "epochs": 10,
        "env": "CartPole-v1",
        "discount": 0.99,
        "debug": false,
        "cpu": false,
        "clip": 0.2,
        "c_value": 1,
        "c_entropy": 0.0,
        "batch_size": 64,
        "stop_early": false,
        "config": "mujoco_beta_rnn"
      },
      "means": [
        6.353300721688287,
        7.541635218754415,
        9.403692573174,
        13.038424064473533,
        19.115991461041318,
        24.70303257441778,
        37.556655306402845,
        57.727783727827344,
        84.41718238860368,
        104.94692199248121,
        152.20074023199024,
        198.28501984126981,
        226.66647435897437,
        371.77722222222224,
        423.27714285714285,
        433.8342857142857,
        458.59666666666664,
        525.5485714285713,
        516.0033333333333,
        501.3371428571428,
        586.18,
        553.4,
        600.2800000000001,
        632.19,
        576.28,
        713.49,
        616.5066666666667,
        735.2733333333331,
        649.6799999999998,
        702.46,
        613.36,
        738.3199999999999,
        720.7399999999999,
        647.88,
        708.9599999999999,
        728.54,
        694.1800000000001,
        709.9799999999999,
        694.46,
        689.17,
        657.34,
        698.0600000000001,
        685.3399999999999,
        673.0199999999998,
        628.7683333333332,
        713.88,
        754.9399999999999,
        718.6800000000001,
        767.9,
        719.9000000000001
      ],
      "var": [
        0.15145681563383395,
        0.189181823682647,
        1.8648254312417845,
        3.7371054797842658,
        19.143741571228343,
        23.123325128190256,
        100.46833796844167,
        427.29878338317803,
        1735.2868012250208,
        943.6502352829763,
        2754.3668072186356,
        5914.9642414060545,
        5294.281439261619,
        29858.402101851865,
        32371.06268480726,
        27138.47397732426,
        15799.463814814815,
        49441.15914739229,
        47984.206283950625,
        35079.80458956916,
        31099.390666666673,
        38242.823038548755,
        18573.468444444436,
        49282.65433333333,
        30084.606222222217,
        37934.29877777777,
        38084.42785185186,
        55961.83748148149,
        37106.650666666654,
        38150.16044444445,
        48126.629333333345,
        38753.55733333333,
        26827.502666666664,
        21547.210666666666,
        47631.09155555556,
        37067.84933333335,
        31834.875111111105,
        43772.00399999999,
        51525.76044444445,
        37790.049000000006,
        49115.41377777778,
        37134.515999999996,
        53210.05377777779,
        37080.43955555559,
        52096.467805555556,
        36989.53066666667,
        34964.844888888896,
        31456.552888888884,
        17762.43777777777,
        23573.433333333334
      ],
      "mean_max": 918.6999999999999,
      "var_max": 11415.566666666658
    },
    "mujoco_beta_gru": {
      "n": 10,
      "config": {
        "architecture": "simple",
        "sequential": false,
        "preload": null,
        "shared": false,
        "distribution": "beta",
        "early_stopping": false,
        "model": "gru",
        "no_reward_norming": false,
        "no_state_norming": false,
        "lr_schedule": null,
        "tbptt": 16,
        "workers": 1,
        "save_every": 0,
        "clip_values": false,