{
  "meta": {
    "reward_threshold": -3.75
  },
  "results": {
    "mujoco": {
      "means": [
        -107.43908819711469,
        -101.73054854943375,
        -93.38452657412786,
        -88.27922497642827,
        -82.0871459339893,
        -78.89892912638031,
        -72.21052131757041,
        -69.27799895157254,
        -65.44643825089186,
        -61.954396214837935,
        -58.91519162411307,
        -55.75987914006311,
        -52.619083241385944,
        -49.56170949980213,
        -47.66848262007951,
        -44.37642072488476,
        -41.77717233602771,
        -38.9679407789155,
        -37.003653873763625,
        -35.94085839076762,
        -33.95440619838032,
        -33.431494340887696,
        -32.13862540149143,
        -30.152407128711868,
        -29.457172692428855,
        -27.97247748889357,
        -26.458612291292667,
        -25.84397552448482,
        -24.320255797162,
        -23.86925980824186,
        -23.21699415760983,
        -22.467651299065338,
        -21.392252664836395,
        -21.32582076904149,
        -20.79673337622978,
        -20.925227339046803,
        -19.768303985040003,
        -18.733437534612833,
        -18.28982599265518,
        -17.744131578880427,
        -17.076864025017226,
        -16.455529553671948,
        -16.369884368637845,
        -16.706697419400115,
        -16.12402670291775,
        -15.184406830815547,
        -15.227663810777386,
        -14.78774125462492,
        -14.684549216928518,
        -13.776890296808311,
        -14.02215513983443,
        -13.481619142974319,
        -13.365854780215528,
        -13.396600903488254,
        -12.606272849729864,
        -12.685616620709323,
        -11.929200424531361,
        -12.244135966815604,
        -12.1383510851589,
        -11.533358656113004,
        -11.773997810488632,
        -11.363342288084544,
        -11.550724161440323,
        -11.506801544978423,
        -11.556921602401298,
        -10.74780329071261,
        -10.84897592315319,
        -10.773810982264841,
        -10.329939554550963,
        -10.261481120762665,
        -10.080067088469834,
        -10.254935218840323,
        -9.742222126648928,
        -10.031150218640787,
        -10.513528608410963,
        -10.43803932483164,
        -9.905072788991655,
        -10.21343624753068,
        -9.772125687677981,
        -9.426604224260446,
        -9.962301669546664,
        -9.545447195550222,
        -9.240497222861054,
        -9.444197586566906,
        -9.285262478409537,
        -9.3876617727347,
        -9.696999650197426,
        -8.870238922291149,
        -9.02760311002349,
        -8.93257794736715,
        -8.942290020866745,
        -9.052076812696283,
        -8.894088274108121,
        -9.056914864440962,
        -8.337514735612611,
        -8.481182510373712,
        -8.584794135687993,
        -8.381304739578086,
        -8.252506748525692,
        -8.629712948680664
      ],
      "var": [
        0.2749899278545245,
        3.621578700791879,
        1.326495136429511,
        2.1182480028615536,
        2.7596362626337996,
        2.0612936563911624,
        1.2601170539583617,
        1.3835197050480623,
        0.583208349702856,
        1.1885818193959674,
        1.4498502559485902,
        1.3311119005599263,
        2.6502807644175146,
        1.2423023211244393,
        1.2417628138020265,
        1.7623680783894158,
        2.004059067950249,
        0.7511628360857328,
        2.2368775746040757,
        0.8215025568434808,
        1.287149242602364,
        1.262179365154713,
        1.1494298613556773,
        0.4713179292687479,
        1.39678788893491,
        0.651902951996656,
        1.0305041393759549,
        0.7344623133827717,
        0.8633556882314755,
        1.1713695898059184,
        0.8162896484380456,
        1.0482984529754107,
        0.7835340341217878,
        0.8563620462855648,
        1.1496221248148257,
        1.3976039237881102,
        1.3776006973156036,
        0.9956386798210769,
        1.1693652567501784,
        0.9509341702226846,
        0.9092789433389016,
        1.173185443405386,
        1.1129216430589703,
        0.7354962888246356,
        0.971261674690307,
        0.9358621550622267,
        0.5340908426443384,
        0.9993066468259307,
        1.0366507971437355,
        0.7756552122298642,
        1.1311291053757992,
        0.5462880861458563,
        0.8856711240136383,
        0.8027769635120732,
        1.0593240253066942,
        0.32147686740935155,
        0.4790526984201247,
        0.6198547428464072,
        0.773748949903785,
        1.0342881962873478,
        0.8695618231657516,
        0.47253897140771045,
        0.6400292568524201,
        0.5452979704934654,
        0.6165780321276908,
        0.7615510154234675,
        0.22882647445144363,
        0.5643652333896063,
        0.7020752050498901,
        0.7347395284954972,
        0.8439724295692366,
        0.7798932537200923,
        0.6822855436188026,
        0.19746489058415495,
        1.3387235165459868,
        1.0433466583631354,
        0.7686071341707389,
        0.6309258296639559,
        0.9706105957163198,
        0.6480393739696793,
        0.6727747467051302,
        0.35347068411115007,
        0.27085250922744125,
        0.23650671252297634,
        0.8697182386353937,
        0.3736411040399695,
        1.0532734686625784,
        0.791725004111774,
        0.5906402205454786,
        0.7032871688846867,
        0.7947247971323043,
        0.20027934662628566,
        0.04736997761813165,
        0.36160619946072375,
        0.10281320565605692,
        0.6121457467936149,
        1.7093386758303766,
        0.501741900755371,
        0.2826468760254802,
        0.7428466419625079
      ],
      "n": 3
    },
    "mujoco_beta": {
      "n": 10,
      "config": {
        "architecture": "simple",
        "sequential": false,
        "preload": null,
        "shared": false,
        "distribution": "beta",
        "early_stopping": false,
        "model": "ffn",
        "no_reward_norming": false,
        "no_state_norming": false,
        "lr_schedule": null,
        "tbptt": 16,
        "workers": 1,
        "save_every": 0,
        "clip_values": false,
        "lr_pi": 0.0003,
        "load_from": null,
        "lam": 0.95,
        "iterations": 100,
        "horizon": 2048,
        "grad_norm": 0.5,
        "export_file": null,
        "eval": true,
        "epochs": 10,
        "env": "CartPole-v1",
        "discount": 0.99,
        "debug": false,
        "cpu": false,
        "clip": 0.2,
        "c_value": 1,
        "c_entropy": 0.0,
        "batch_size": 64,
        "stop_early": false,
        "config": "mujoco_beta"
      },