{
  "continuous": [
    [
      -245.5747515129457,
      -206.32328952892192,
      -143.39963337313907
    ],
    [
      6.143124651015836,
      7.65464246586556,
      6.447544291858492
    ]
  ],
  "continuous_rnn": [
    [
      -237.13552339844955,
      -203.4965113524669,
      -169.01284892033595
    ],
    [
      6.169518574699227,
      10.302490263148014,
      17.384224322989564
    ]
  ]
}