{
  "results": {
    "roboschool": {
      "n": 6,
      "config": {
        "radical_evaluation": true,
        "architecture": "simple",
        "sequential": false,
        "preload": null,
        "shared": false,
        "distribution": "gaussian",
        "early_stopping": false,
        "model": "ffn",
        "no_reward_norming": false,
        "no_state_norming": false,
        "lr_schedule": "exponential",
        "tbptt": 16,
        "workers": 32,
        "save_every": 0,
        "clip_values": false,
        "lr_pi": 0.0003,
        "load_from": null,
        "lam": 0.95,
        "iterations": 300,
        "horizon": 512,
        "grad_norm": 0.5,
        "export_file": null,
        "eval": true,
        "epochs": 15,
        "env": "CartPole-v1",
        "discount": 0.99,
        "debug": false,
        "cpu": false,
        "clip": 0.2,
        "c_value": 1,
        "c_entropy": 0.0,
        "batch_size": 4096,
        "stop_early": false,
        "config": "roboschool"
      },
      "means": [
        110.31421287798432,
        103.03709668034634,
        116.11377929157536,
        130.48084892575963,
        158.2319831783989,
        199.21396215905486,
        213.47573122206677,
        238.1763392345938,
        264.5698238798896,
        296.29158940059784,
        310.391140708382,
        341.75509856778774,
        345.21495477371656,
        367.75150856221626,
        380.54927000408014,
        388.8244778795538,
        383.88815329265594,
        388.40181201704314,
        402.3115620721851,
        418.59309406368766,
        404.14311279746954,
        427.03048397050384,
        365.374170827603,
        387.6959015124476,
        441.3344289463989,
        430.8818595780185,
        377.8162151120297,
        409.65704597122794,
        415.5892473571816,
        406.32305769364416,
        423.4509423174977,
        434.8594212224683,
        429.4388832398123,
        476.8662383038885,
        454.1396475360652,
        460.7173056756027,
        475.1638527989858,
        457.05792687143867,
        456.5260607083145,
        454.7193683327768,
        469.8492590868873,
        504.1178567657446,
        460.74035763527013,
        502.8237855946111,
        478.6763828380143,
        479.414213347339,
        485.76210767214764,
        453.2033419849565,
        511.40676672554713,
        463.70282578756394,
        521.4669900433558,
        522.2507717026041,
        515.3581681123411,
        478.8074676838894,
        521.5520818025138,
        480.61537260382806,
        525.7337312773068,
        510.674295851764,
        508.45367338656666,
        516.8918965123572,
        553.6802067826366,
        536.1650530233356,
        502.53901413066393,
        615.5356383475283,
        554.8675313207173,
        540.8252554395971,
        570.344954354036,
        554.3115702740321,
        541.4460468568866,
        584.5518541903514,
        536.3345752825435,
        614.5480139373535,
        534.452862714312,
        573.1822239527071,
        574.9661100965071,
        581.3345736733284,
        556.5138689302601,
        581.3137227728719,
        578.6936520246072,
        578.8222158532891,
        595.7877841292735,
        616.3857836926701,
        597.1186035554758,
        675.4086156776746,
        611.7314081607266,
        643.8999794581014,
        651.3011587149608,
        631.8680129490817,
        645.7524823732322,
        653.4746175898824,
        643.3752726061758,
        656.55266057554,
        601.8545283000827,
        669.1633444178048,
        683.5609119237769,
        667.1808103947219,
        704.2926356165991,
        739.2221724035256,
        676.55375285689,
        694.7115562864983,
        698.9038302422092,
        694.7127397120514,
        792.8714479127727,
        744.2473498742461,
        722.8367859092406,
        813.8498216171663,
        797.6287161832636,
        770.7367768306763,
        824.1420951735397,
        752.1437801558867,
        820.67214862919,
        746.4146184540143,
        757.6940467836921,
        778.498039604925,
        844.3069450834948,
        772.7379035607372,
        815.0508796365982,
        870.2811290717095,
        808.491579457558,
        776.82583721893,
        863.0281888024485,
        815.2242390436412,
        937.4327396523812,
        972.2089378553912,
        992.527534898281,
        973.0111995262279,
        888.4886649146921,
        891.5331170304997,
        901.0884800934878,
        965.0260895182853,
        907.3144639792577,
        929.9267580449991,
        974.5827906570621,
        901.6111036385357,
        913.4882391401359,
        915.9274768990724,
        865.9542319537001,
        1038.4941610873227,
        1066.6928694433977,
        1122.3847565701678,
        971.7968453645027,
        1049.7753968249813,
        891.4451428180628,
        1030.5567631148574,
        1072.4683048585034,
        933.5127835426416,
        986.7210053751286,
        1077.2350456870092,
        995.2478337606357,
        1136.7549763917812,
        1126.463517145553,
        1216.9168321173795,
        996.5656459536788,
        1081.7161679467208,
        1359.0390403630277,
        1157.7282854503715,
        1112.1326559961888,
        1125.787444930731,
        1181.9447788082402,
        1165.8554835884415,
        1381.9912233796397,
        1334.3158024623006,
        1199.6070595822143,
        1326.5240844618386,
        1077.2478766986767,
        1315.8124376665464,
        1330.7448289031054,
        1448.319027718483,
        1480.9825733467815,
        1429.8120607160924,
        1383.8473200191245,
        1082.9514368650441,
        1168.6514737842415,
        1340.782245353124,
        1493.9668153934833,
        1383.405717947532,
        1344.6135917120214,
        1300.8574889551076,
        1444.3136721562396,
        1614.2932671392255,
        1644.6154246918643,
        1540.4611487478478,
        1739.8869829160683,
        1573.8180072337118,
        1685.35660959117,
        1582.734584444881,
        1501.2510520141022,
        1241.5179217670382,
        1593.294360817284,
        1749.7573621776958,
        1746.6870813191263,
        1720.9230413336536,
        1799.3419744311796,
        1719.086064058656,
        1876.8036528040077,
        1405.397350444753,
        1622.3213498768907,
        1883.1021049449269,
        2017.3533416423359,
        1805.1936472860393,
        1800.4857261184766,
        1555.5146785795366,
        1543.9089425386273,
        1933.5069962300965,
        1781.655965377815,
        1769.4599818938382,
        1806.4000927133638,
        1941.567419081684,
        2202.342055817214,
        2160.476786402093,
        1996.35196012315,
        2076.086168463373,
        2248.4562153371317,
        2200.151879800182,
        1703.5427190386285,
        1999.0726589850424,
        2021.5163923822715,
        1883.3960897935665,
        2269.0871757614027,
        2542.8576415843886,
        2275.0174191893434,
        1890.3716855131102,
        2245.063018541514,
        2484.7281241522182,
        2287.993861972243,
        2570.057973604683,
        2434.0679255646382,
        2184.4576783868133,
        2763.4927294917907,
        2217.6702041734275,
        2195.617827505734,
        2462.701594769471,
        2305.167170731569,
        2245.5463295377203,
        2503.949286963417,
        2531.7025387049616,
        2398.169821608494,
        2170.609383472632,
        2465.90690962962,
        2716.4052557007844,
        3026.5406429778413,
        3062.9281643011564,
        2526.6828144481015,
        2265.3381128077763,
        3015.380183918192,
        2708.4791736281795,
        2696.0880942920157,
        2639.75344674678,
        2984.047308443085,
        2701.694486881421,
        3096.554593511528,
        2932.5798181572763,
        2501.219408009261,
        2792.786324279785,
        2541.7754576796046,
