{
  "results": {
    "roboschool": {
      "n": 3,
      "config": {
        "radical_evaluation": true,
        "architecture": "simple",
        "sequential": false,
        "preload": null,
        "shared": false,
        "distribution": "gaussian",
        "early_stopping": false,
        "model": "ffn",
        "no_reward_norming": false,
        "no_state_norming": false,
        "lr_schedule": "exponential",
        "tbptt": 16,
        "workers": 32,
        "save_every": 0,
        "clip_values": false,
        "lr_pi": 0.0003,
        "load_from": null,
        "lam": 0.95,
        "iterations": 300,
        "horizon": 512,
        "grad_norm": 0.5,
        "export_file": null,
        "eval": true,
        "epochs": 15,
        "env": "CartPole-v1",
        "discount": 0.99,
        "debug": false,
        "cpu": false,
        "clip": 0.2,
        "c_value": 1,
        "c_entropy": 0.0,
        "batch_size": 4096,
        "stop_early": false,
        "config": "roboschool"
      },
      "means": [
        95.93936358513302,
        94.85916213328994,
        120.53953051967648,
        141.79719896708178,
        175.82517562203859,
        197.80818166809473,
        205.5705669851297,
        237.84586122313107,
        272.06860951803264,
        300.2208706492612,
        304.5782469442433,
        349.2702542418342,
        352.3912314398216,
        372.7658375682851,
        391.51634551527746,
        411.56445187122654,
        376.89514264953874,
        401.6598971362904,
        395.8657434365081,
        431.7371962105159,
        433.8418346233834,
        434.8181697819925,
        377.4490566298623,
        382.00385648403295,
        435.72921522411457,
        462.9846205626369,
        365.4527288847129,
        417.1339273821967,
        411.4076855683688,
        410.3135567987349,
        411.54775772450057,
        457.31398878442775,
        398.7040197519921,
        478.3261719981656,
        483.04436775211695,
        464.4357083351808,
        454.9032457887899,
        486.8458561109044,
        477.6864448972137,
        447.85831745151376,
        463.9572143501931,
        482.8358459410049,
        480.85395133113286,
        495.2194367516462,
        482.07437601446964,
        477.9815912099305,
        508.6535293579827,
        483.3953449378602,
        518.2150321726442,
        431.2381990526542,
        480.87276297930134,
        513.8601101907188,
        497.212050635942,
        416.9352328384261,
        500.7161049052619,
        439.1777931442208,
        543.2004739513108,
        488.07305766947775,
        501.33179761420615,
        516.7109124764422,
        517.8764762880687,
        507.83848996937706,
        512.7815994512353,
        555.9390972847392,
        569.0420243189639,
        552.4256948636249,
        560.6125311325477,
        573.6271424141542,
        523.8253260369044,
        603.3742936630395,
        525.7629280582386,
        545.7389406969629,
        562.1783119668772,
        556.2427626727197,
        548.6496146231295,
        572.9957033796319,
        510.45576849787983,
        582.6499406479924,
        571.9466720459278,
        568.6078625469178,
        604.7304604444314,
        677.9771944907225,
        604.9688918948532,
        651.1107881802545,
        615.2847460413076,
        673.0245701006402,
        696.7466828354811,
        611.1909258159887,
        664.7318678864162,
        670.2202887063594,
        644.90450988678,
        656.9635512585648,
        604.0273148271442,
        667.1795709190073,
        682.4376805961206,
        680.3604492262372,
        724.6270494903226,
        728.8500464674598,
        733.1280331022867,
        770.0689914145853,
        768.8472732692002,
        636.3558929474054,
        771.1544213987604,
        771.8621338417599,
        802.9685704790228,
        818.0659414409929,
        823.1319880688945,
        751.4344496715448,
        843.1638399967732,
        742.318831734555,
        897.8127010593898,
        764.5496221172591,
        792.750670107822,
        785.1844896917287,
        920.264545284171,
        793.3559943641776,
        826.3727147413297,
        765.5319877481376,
        782.1637899042894,
        861.3755579100476,
        825.4380750270975,
        890.6270547040996,
        992.9272110364418,
        982.4938877381082,
        1071.7572841428519,
        1025.233419499182,
        961.0965962372624,
        926.4212812004674,
        1009.7880582785226,
        1037.24349047221,
        839.2780684528714,
        863.3199904602295,
        1131.4589658693164,
        1069.2199879790555,
        952.1640993561869,
        1009.6533889717184,
        919.111633366595,
        1055.7560934804078,
        1167.3608835836876,
        1318.5458408723907,
        1090.7460888293976,
        1264.7679396905837,
        1023.2807591202303,
        1035.001098760802,
        1189.2170741225377,
        986.5449257431357,
        1095.6420559936248,
        1191.6959749345056,
        972.827460032021,
        1152.194210061118,
        1098.3179802742957,
        1464.2194094963593,
        1043.907060444016,
        1143.820795759873,
        1289.361663103664,
        1392.0408940683596,
        1094.3671239492094,
        1136.6466606509553,
        1379.7939814064603,
        1335.9566168169954,
        1523.1570523767887,
        1453.7636138379644,
        1390.5055188273402,
        1299.1802111422799,
        1116.280352138448,
        1557.4327559160301,
        1408.8741995190326,
        1652.756540631492,
        1588.344689005541,
        1577.5114629625218,
        1570.1157814965318,
        1110.290859570178,
        1308.6632187027794,
        1243.597353133108,
        1581.1869220472267,
        1458.3704883218304,
        1378.5798247621951,
        1377.4111379437186,
        1594.409083956881,
        1894.4492810231914,
        1885.952780532422,
        1733.4536888857247,
        2218.122829827107,
        1612.8193738260861,
        2054.8971500101834,
        1754.107004222268,
        1835.4171247208403,
        1152.2424347401723,
        2010.8368564158304,
        2107.2045743412687,
        2095.276759292509,
        1876.2441256224342,
        1988.617593665224,
        1811.7306670992034,
        2234.04664289563,
        1394.6042521471218,
        1984.7762626206295,
        2393.322480897519,
        2296.902214832333,
        1851.3295578352008,
        2096.9754912057756,
        1801.3567433514252,
        1689.4350501803888,
        2174.6156146412454,
        1869.145688587943,
        2108.7614296898464,
        1823.83551844928,
        2210.1367748839393,
        2543.8810019497278,
        2386.3730748272683,
        2502.0064115005002,
        2618.11457281226,
        2758.1212703679157,
        2240.762774007013,
        2070.075252756617,
        2579.9407337810417,
        2355.034794643509,
        2153.4906703386096,
        2162.107886571078,
        2703.319845557671,
        2375.7026181015026,
        2182.624716197328,
        2546.9689870403618,
        2802.3309959988123,
        2445.239037680771,
        2993.732086427141,
        2256.0199814835646,
        2433.182772774908,
        3086.923383996017,
        2540.5634376387898,
        2650.321970785378,
        2696.0394938105255,
        2362.7480202091474,
        2713.1900447952394,
        2900.910648037614,
        3136.87790088284,
        2651.989513163754,
        2545.0877791176763,
        2905.439932408262,
        3228.0209492884,
        3314.9220746267783,
        3408.447459271105,
        3032.8675525755716,
        2786.3190474552925,
        3543.7437852486046,
        3078.8744428731434,
        2932.1865850924855,
        2849.8700928843064,
        3261.6586914274008,
        2930.787338555133,
        3347.5793922542434,
        2776.8621741964557,
        2727.5870164707894,
        2902.552034141522,
        3151.561078315143,
