{
  "results": {
    "roboschool": {
      "n": 3,
      "config": {
        "radical_evaluation": true,
        "architecture": "simple",
        "sequential": false,
        "preload": null,
        "shared": false,
        "distribution": "gaussian",
        "early_stopping": false,
        "model": "ffn",
        "no_reward_norming": false,
        "no_state_norming": false,
        "lr_schedule": "exponential",
        "tbptt": 16,
        "workers": 32,
        "save_every": 0,
        "clip_values": false,
        "lr_pi": 0.0003,
        "load_from": null,
        "lam": 0.95,
        "iterations": 300,
        "horizon": 512,
        "grad_norm": 0.5,
        "export_file": null,
        "eval": true,
        "epochs": 15,
        "env": "CartPole-v1",
        "discount": 0.99,
        "debug": false,
        "cpu": false,
        "clip": 0.2,
        "c_value": 1,
        "c_entropy": 0.0,
        "batch_size": 4096,
        "stop_early": false,
        "config": "roboschool"
      },
      "means": [
        40831.01252237031,
        40682.20622145136,
        42698.69030673454,
        43011.25708349135,
        42190.01276202927,
        42985.14138845244,
        45852.83856566256,
        46998.249434357844,
        50840.61096300637,
        53292.99453493896,
        60636.89572668382,
        59798.95526826241,
        65764.15970314368,
        71321.41389743067,
        76135.39333576104,
        72838.37182536538,
        75621.59402012992,
        76233.02458450216,
        78188.14478786176,
        79892.70622955228,
        78464.69859722385,
        77946.56416257538,
        84274.19061228023,
        83489.40816758349,
        84191.53916977954,
        93714.48662026045,
        90369.77034928255,
        95669.27799609135,
        91534.28343682975,
        98187.78061948862,
        103460.7444010369,
        107883.68873673596,
        112486.05808209826,
        116436.34545101949,
        119170.02191604942,
        119672.50043430988,
        133015.58125457919,
        133093.86106174323,
        127624.82269300646,
        138689.37910027997,
        130804.479148131,
        144152.79976968816,
        149493.92352280332,
        147505.72963156147,
        153267.49438468268,
        153357.00859881178,
        148133.9372345619,
        154133.36116151186,
        154140.98664610897,
        155615.15644156776,
        152610.40435822585,
        153793.93413023872,
        153655.81882897628,
        153947.41045283253,
        149771.407717823,
        157409.23052734815,
        157326.96638365038,
        157673.84219310086,
        157759.80582182657,
        158202.5341854647,
        157252.6743770299,
        155738.38431809534,
        157368.54028775918,
        156569.8144337671,
        157947.07565843745,
        159071.21582430496,
        157842.90604558165,
        158141.44223293342,
        159399.3068939958,
        157230.00599664584,
        159205.5301000838,
        159137.8858339211,
        158562.12153345114,
        156156.8770351282,
        160235.60159512394,
        156103.0583567784,
        153696.99456592053,
        155324.34369870595,
        160991.50599284424,
        158461.66222692677,
        155325.79952782535,
        161171.30011556146,
        157684.60196403053,
        161704.43101951122,
        158600.6111188371,
        159939.11147340253,
        159602.6289152389,
        159373.2988810882,
        162347.61535200756,
        162495.7823215511,
        162750.23144643195,
        159675.5927949801,
        163148.85940622113,
        161332.30377928546,
        163298.85376480484,
        160196.34835873212,
        163391.34049574414,
        163835.098604761,
        160551.553113661,
        162700.9829465785,
        161606.25967211046,
        164554.72161614348,
        163179.75757368957,
        163297.88188423694,
        164967.42026638263,
        164641.73621267927,
        165443.07059182832,
        165394.20465270258,
        161052.923252063,
        165821.53302453988,
        165171.36504229484,
        166041.60892518412,
        166893.22967059826,
        166494.56921916525,
        166966.607977015,
        164854.5619503627,
        166773.1392004327,
        167548.8999304856,
        167190.8963431808,
        167545.97259361137,
        162342.9972780176,
        168093.07591095514,
        168566.1355840041,
        168612.9171633012,
        168681.4293558717,
        168157.54864130315,
        169026.35195049772,
        166582.76529173323,
        170475.1961539787,
        170500.07987708927,
        170358.14976069034,
        166484.03889225196,
        169797.71622002582,
        160736.69747155032,
        162841.4389282895,
        171079.4152399751,
        172605.7417258305,
        167078.7140343635,
        163911.24048159103,
        169954.91976634052,
        171431.7640410954,
        167399.28143300768,
        151148.36606021458,
        164398.12773297663,
        165962.12118843256,
        168906.36286796807,
        165796.71208706318,
        175189.63040286882,
        171977.21155927726,
        167215.45814063243,
        164965.0377692292,
        175094.5428016705,
        166037.13423262144,
        170764.27921689552,
        171900.0475847563,
        170917.79126531817,
        172837.30167349067,
        167858.65216999198,
        167920.9151751533,
        171013.67042506082,
        175573.00699456228,
        172631.64845123835,
        165291.48827256888,
        181022.7684823972,
        180076.11826540023,
        162223.9378359055,
        169230.98481954003,
        173572.41876984638,
        171019.64406085742,
        175985.28481081277,
        167101.58127242775,
        170391.062593,
        165982.42081993454,
        170651.4867616079,
        149543.56777253695,
        180471.59023528296,
        180232.04361107148,
        172085.7411282483,
        182101.4740657477,
        182542.53470116286,
        180501.30382857172,
        174277.15253319137,
        157469.51933887106,
        185497.98793374025,
        179993.4802026351,
        164626.4176968903,
        186115.68945138057,
        177630.19813354843,
        173532.024201088,
        175922.668387075,
        176795.34791289404,
        163688.99924711033,
        144836.6823154506,
        166896.93117683346,
        179296.50315732608,
        157785.29871513377,
        183481.7684463032,
        159005.14361962047,
        171041.23975052152,
        157281.60111700668,
        174563.03557331552,
        166211.19973365497,
        160717.08453362755,
        179229.37081029188,
        168908.20964391073,
        171352.8134615363,
        175483.13816936588,
        183930.96306450482,
        170237.7269934963,
        161866.61239073996,
        176811.44223796483,
        173062.98074811668,
        169899.91338783124,
        183081.14577824337,
        159594.76787722128,
        177570.11251802533,
        174825.701818457,
        165003.9567174041,
        197489.65929134638,
        170263.68052410032,
        167948.35150442252,
        179218.95332197146,
        176389.80643988415,
        183767.32936090775,
        184578.34044215473,
        162034.8726509597,
        180244.49770100147,
        175285.9511397461,
        152712.22992156577,
        192390.0010926389,
        182866.54438398528,
        173499.09871283767,
        177212.56020218288,
        157403.5459316815,
        182781.1495620141,
        187838.55879651796,
        153010.01944931794,
        171217.97134860762,
        162072.6358147416,
        188039.74831192737,
        173271.1341508089,
        173997.99451509622,
        166257.9466721351,
        183251.17560499202,
        169689.26202487777,
        181328.08899764885,
        183516.62747765632,
        167362.8727714059,
        180435.19541432307,
        175175.83174901197,
        190380.73981013673,
        161386.94836844827,
