{
  "results": {
    "discrete_rnn": {
      "n": 10,
      "config": {
        "distribution": null,
        "early_stopping": false,
        "model": "rnn",
        "no_reward_norming": false,
        "no_state_norming": false,
        "lr_schedule": null,
        "tbptt": 16,
        "workers": 8,
        "save_every": 0,
        "clip_values": false,
        "lr_pi": 0.0003,
        "load_from": null,
        "lam": 0.95,
        "iterations": 100,
        "horizon": 2048,
        "grad_norm": 0.5,
        "export_file": null,
        "eval": false,
        "epochs": 10,
        "env": "CartPole-v1",
        "discount": 0.99,
        "debug": false,
        "cpu": false,
        "clip": 0.2,
        "c_value": 1,
        "c_entropy": 0.01,
        "batch_size": 128,
        "stop_early": false
      },
      "means": [
        -499.59062500000005,
        -490.40700757575763,
        -464.4632234829168,
        -432.9962193570767,
        -410.53264778325126,
        -379.73709492987837,
        -346.13682665645103,
        -312.4309430724474,
        -265.0371050892327,
        -224.71557551981883,
        -192.34397045383344,
        -171.97956936236108,
        -157.75681959147974,
        -137.349860951886,
        -128.32832129189657,
        -112.72633989300721,
        -106.84782124428054,
        -99.6255238108807,
        -97.48614628642167,
        -94.94876684950937,
        -91.67117820810682,
        -89.35152342693313,
        -88.05521664694409,
        -87.4970634877114,
        -84.32765363002176,
        -84.09835276473395,
        -82.75230436477574,
        -83.21311938787017,
        -81.92775625558437,
        -82.04134154655478,
        -81.10022777111311,
        -81.74832725073938,
        -81.66260102552515,
        -80.66390637080403,
        -80.47620886778087,
        -80.01280873153789,
        -79.52853990587381,
        -79.0012815961991,
        -78.99338096838818,
        -77.88826066844021,
        -78.6804891731198,
        -77.8307886218026,
        -77.65913023697186,
        -76.50239929141416,
        -76.81432256342585,
        -76.82218180932999,
        -76.45066345638622,
        -75.43968039397834,
        -75.35531114776397,
        -76.36990074126852
      ],
      "var": [
        0.7457573784722162,
        596.7083719534359,
        5158.247970836965,
        10272.747830740964,
        15116.725154052992,
        18810.075157270036,
        21154.19572769946,
        25389.968227168487,
        20581.761668835876,
        16418.24311549482,
        15827.018740064705,
        15141.232245035311,
        13249.719581425079,
        6128.447153340563,
        4242.249666534986,
        1547.0662536150958,
        936.0332592426457,
        501.0486489497382,
        401.2135725453095,
        259.46963448212585,
        155.73463768975404,
        108.91369321837685,
        114.2082708139127,
        70.9441509425793,
        59.52072969440447,
        40.81326509041426,
        44.86115779514116,
        38.11404060813258,
        34.08283250659164,
        33.38240140039906,
        24.376770980417447,
        20.14648155267733,
        25.69141375719605,
        20.636362064062695,
        20.342328619506105,
        20.071943380495824,
        13.30680028066563,
        23.03034248373986,
        16.321178897894,
        25.45981746656323,
        22.078102143609378,
        17.672664615107184,
        9.093352155108306,
        17.15543947833668,
        11.877799182596767,
        13.742776669979879,
        11.97055263483911,
        15.218417130951202,
        10.651824493102609,
        15.240285508843243
      ]
    },
    "discrete_gru": {
      "n": 10,
      "config": {
        "shared": false,
        "distribution": null,
        "early_stopping": false,
        "model": "gru",
        "no_reward_norming": false,
        "no_state_norming": false,
        "lr_schedule": null,
        "tbptt": 16,
        "workers": 8,
        "save_every": 0,
        "clip_values": false,
        "lr_pi": 0.0003,
        "load_from": null,
        "lam": 0.95,
        "iterations": 100,
        "horizon": 2048,
        "grad_norm": 0.5,
        "export_file": null,
        "eval": false,
        "epochs": 10,
        "env": "CartPole-v1",
        "discount": 0.99,
        "debug": false,
        "cpu": false,
        "clip": 0.2,
        "c_value": 1,
        "c_entropy": 0.01,
        "batch_size": 128,
        "stop_early": false
      },
      "means": [
        -499.96874999999994,
        -475.55693722943715,
        -410.7677107908512,
        -353.6750401259999,
        -319.95840542120715,
        -292.3583456504168,
        -239.0951221422154,
        -194.50525507414716,
        -161.66909689196999,
        -142.04038935017897,
        -129.0121740429606,
        -124.28254592859605,
        -117.56029449178588,
        -112.50953699021352,
        -106.72653825194986,
        -100.74741159775917,
        -99.93819599004277,
        -97.19907790827904,
        -95.54774249032141,
        -94.7455320744268,
        -92.71041841620608,
        -92.18808205523351,
        -93.00358325974352,
        -90.71083251348858,
        -89.82814075810163,
        -89.99010260898677,
        -90.21572423553717,
        -89.50403514734435,
        -87.80744921663353,
        -86.47923332477775,
        -86.67465011096992,
        -86.22083232419853,
        -86.35083788432931,
        -85.97514248500457,
        -85.19399741730031,
        -83.98925676602755,
        -83.76225868967666,
        -83.16206434784216,
        -83.12793122433047,
        -83.38266954268066,
        -83.22091090572572,
        -83.24225071480724,
        -81.74900498382331,
        -81.1999034564183,
        -80.54197024221989,
        -80.54112665972738,
        -80.6147836179619,
        -81.16358176097927,
        -80.8354676359159,
        -79.0366863768975
      ],
      "var": [
        0.009765625000000437,
        959.4279068467598,
        10547.626900498399,
        18694.01913586527,
        25035.902109333245,
        25359.739845995293,
        17489.43823168523,
        8195.573594611255,
        4582.261249603691,
        3284.93898865539,
        2476.634820693828,
        2252.55967092347,
        1638.3826249558656,
        1368.9920435704678,
        943.0167033481329,
        605.6890128806631,
        509.54624215629946,
        403.39518256969353,
        346.70090266681217,
        341.81080631132926,
        271.50318326919177,
        256.1211066472245,
        238.8610491890892,
        202.46157264201707,
        217.48181222116762,
        186.6069069825388,
        204.60474337616674,
        139.47292908445132,
        160.82428612077317,
        167.7228646428741,
        164.6945395507329,
        159.43211973717862,
        142.15252863532228,
        162.67777658295455,
        148.14286704396602,
        127.1119667016875,
        129.21589105727037,
        154.84917373255914,
        168.06809450861056,
        132.14685803858166,
        147.84791749907316,
        147.142294769927,
        126.20660315188596,
        156.03541771856615,
        151.78959248981744,
        143.1684332021524,
        140.33660796914614,
        140.7766293108615,
        149.14693234898039,
        138.7939853163682
      ]
    },
    "discrete_no_norms": {
      "n": 10,
      "config": {
        "shared": false,
        "distribution": null,
        "early_stopping": false,
        "model": "ffn",
        "no_reward_norming": true,
        "no_state_norming": true,
        "lr_schedule": null,
        "tbptt": 16,
        "workers": 8,
        "save_every": 0,
        "clip_values": false,
        "lr_pi": 0.0003,
        "load_from": null,
        "lam": 0.95,
        "iterations": 100,
        "horizon": 2048,
        "grad_norm": 0.5,
        "export_file": null,
        "eval": false,
        "epochs": 10,
        "env": "CartPole-v1",
        "discount": 0.99,
        "debug": false,