{"rewards": [31.221698113207548, 39.868263473053894, 49.61267605633803, 56.314516129032256, 75.07291666666667, 124.94915254237289, 127.92857142857143, 136.66037735849056, 182.3235294117647, 167.32558139534885, 151.6595744680851, 150.35416666666666, 171.78571428571428, 204.4857142857143, 238.2, 212.46875, 197.34285714285716, 189.57894736842104, 219.06060606060606, 223.6969696969697, 180.97560975609755, 252.39285714285714, 229.6, 257.84615384615387, 257.6296296296296, 268.3076923076923, 323.3809523809524, 329.22222222222223, 310.95454545454544, 361.7894736842105, 276.8, 267.9230769230769, 248.30769230769232, 265.51851851851853, 271.5, 245.21428571428572], "lengths": [31.221698113207548, 39.868263473053894, 49.61267605633803, 56.314516129032256, 75.07291666666667, 124.94915254237289, 127.92857142857143, 136.66037735849056, 182.3235294117647, 167.32558139534885, 151.6595744680851, 150.35416666666666, 171.78571428571428, 204.4857142857143, 238.2, 212.46875, 197.34285714285716, 189.57894736842104, 219.06060606060606, 223.6969696969697, 180.97560975609755, 252.39285714285714, 229.6, 257.84615384615387, 257.6296296296296, 268.3076923076923, 323.3809523809524, 329.22222222222223, 310.95454545454544, 361.7894736842105, 276.8, 267.9230769230769, 248.30769230769232, 265.51851851851853, 271.5, 245.21428571428572], "entropies": [0.6527886390686035, 0.6421046654383341, 0.6075782378514608, 0.6111277937889099, 0.6218216419219971, 0.5929026405016581, 0.5506028135617574, 0.5426854888598124, 0.5743457277615865, 0.6132596135139465, 0.5502946178118387, 0.5622821052869161, 0.592257002989451, 0.5953609943389893, 0.6077316602071127, 0.5690908630688986, 0.551547646522522, 0.572784423828125, 0.5709644357363383, 0.5844548145929972, 0.5213456253210703, 0.5350079933802286, 0.5620411038398743, 0.5399393637975057, 0.5422535538673401, 0.5416540106137594, 0.5231486161549886, 0.4965134263038635, 0.5451306502024332, 0.5700998902320862, 0.5508334239323934, 0.5359669129053751, 0.5373458663622538, 0.5337491432825724, 0.5265777309735616, 0.5431341727574667]}