{"rewards": [28.209059233449477, 37.66509433962264, 50.70253164556962, 60.646153846153844, 84.41935483870968, 110.11764705882354, 143.11764705882354, 239.19354838709677, 277.15384615384613, 371.05263157894734, 401.94117647058823, 360.5263157894737, 500.0, 500.0, 484.8125, 409.52941176470586, 500.0, 500.0, 497.0, 500.0, 500.0, 500.0, 500.0, 500.0, 500.0, 500.0, 500.0], "lengths": [28.209059233449477, 37.66509433962264, 50.70253164556962, 60.646153846153844, 84.41935483870968, 110.11764705882354, 143.11764705882354, 239.19354838709677, 277.15384615384613, 371.05263157894734, 401.94117647058823, 360.5263157894737, 500, 500, 484.8125, 409.52941176470586, 500, 500, 497, 500, 500, 500, 500, 500, 500, 500, 500], "entropies": [0.6598027348518372, 0.6593539118766785, 0.6587384939193726, 0.6454163193702698, 0.6462994813919067, 0.6454355716705322, 0.6371394991874695, 0.6354868412017822, 0.6347365975379944, 0.620695948600769, 0.6181687116622925, 0.6172357201576233, 0.6147668957710266, 0.6125165224075317, 0.6124712228775024, 0.6001561880111694, 0.594201922416687, 0.5944504737854004, 0.6035841703414917, 0.5932314991950989, 0.5921006202697754, 0.5911528468132019, 0.5832997560501099, 0.5854815244674683, 0.5876216888427734, 0.5783350467681885, 0.5805016756057739, 0.5831466913223267, 0.5789027810096741, 0.5804149508476257, 0.5775904655456543, 0.570320725440979, 0.5746170282363892, 0.5622497200965881, 0.5480961203575134, 0.5358046889305115, 0.5735639333724976, 0.5699509382247925, 0.5887836217880249, 0.5703955292701721, 0.5697013139724731, 0.5749689936637878, 0.5879901647567749, 0.588878870010376, 0.5751528739929199, 0.5794209241867065, 0.5811238288879395, 0.5545560717582703, 0.511486291885376, 0.5100498199462891, 0.4966084063053131, 0.49109917879104614, 0.49432435631752014, 0.4703672528266907, 0.4819044768810272, 0.47509250044822693, 0.46256738901138306, 0.45221465826034546, 0.438596248626709, 0.42597252130508423, 0.41788119077682495, 0.42265990376472473, 0.4176981449127197, 0.4155116081237793, 0.4149399995803833, 0.4129398465156555, 0.4031184911727905, 0.4012947678565979, 0.39184263348579407, 0.39450395107269287, 0.3912872076034546, 0.38765907287597656, 0.38443806767463684, 0.3819403648376465, 0.3755687177181244, 0.3659901022911072, 0.34583547711372375, 0.3289705514907837, 0.34118035435676575, 0.3342220187187195, 0.3303900361061096]}