{"debug": false, "env_name": "CartPole-v1", "state_dim": 4, "n_actions": 2, "continuous_control": false, "horizon": 1024, "workers": 8, "discount": 0.99, "learning_rate": 0.0003, "clip": 0.2, "c_entropy": 0.009999999776482582, "c_value": 1.0, "lam": 0.97, "gradient_clipping": 0.5, "clip_values": true, "tbptt_length": 8, "builder_function_name": "build_ffn_distinct_models", "is_recurrent": false, "iteration": 8, "current_fps": 1795.0697255110606, "device": "GPU:0", "model_export_dir": "storage/saved_models/exports/", "agent_id": 1574782516, "agent_directory": "storage/saved_models/states//1574782516/", "total_frames_seen": 73728, "total_episodes_seen": 876, "episode_reward_history": [20.0, 25.0, 38.0, 38.0, 30.0, 31.0, 101.0, 45.0, 49.0, 30.0, 28.0, 20.0, 13.0, 22.0, 14.0, 50.0, 44.0, 32.0, 59.0, 18.0, 51.0, 17.0, 46.0, 40.0, 67.0, 28.0, 45.0, 23.0, 49.0, 49.0, 15.0, 31.0, 39.0, 35.0, 59.0, 16.0, 17.0, 26.0, 27.0, 38.0, 30.0, 24.0, 20.0, 36.0, 24.0, 29.0, 21.0, 64.0, 12.0, 43.0, 40.0, 15.0, 36.0, 28.0, 18.0, 41.0, 28.0, 17.0, 36.0, 37.0, 11.0, 24.0, 30.0, 83.0, 87.0, 47.0, 48.0, 43.0, 20.0, 69.0, 30.0, 16.0, 21.0, 29.0, 74.0, 36.0, 21.0, 21.0, 43.0, 29.0, 17.0, 66.0, 39.0, 32.0, 56.0, 31.0, 28.0, 32.0, 40.0, 26.0, 74.0, 19.0, 22.0, 18.0, 16.0, 36.0, 11.0, 49.0, 35.0, 14.0, 32.0, 38.0, 46.0, 35.0, 109.0, 21.0, 16.0, 24.0, 32.0, 55.0, 25.0, 53.0, 17.0, 20.0, 21.0, 30.0, 40.0, 45.0, 13.0, 78.0, 14.0, 32.0, 20.0, 18.0, 27.0, 42.0, 37.0, 20.0, 43.0, 20.0, 72.0, 21.0, 52.0, 18.0, 28.0, 36.0, 29.0, 29.0, 29.0, 13.0, 22.0, 41.0, 28.0, 19.0, 33.0, 34.0, 30.0, 24.0, 59.0, 20.0, 30.0, 34.0, 39.0, 30.0, 32.0, 22.0, 24.0, 63.0, 66.0, 28.0, 20.0, 25.0, 35.0, 23.0, 59.0, 51.0, 26.0, 23.0, 33.0, 48.0, 16.0, 20.0, 29.0, 35.0, 17.0, 53.0, 26.0, 17.0, 30.0, 27.0, 13.0, 36.0, 37.0, 19.0, 34.0, 14.0, 22.0, 52.0, 108.0, 17.0, 22.0, 44.0, 39.0, 31.0, 22.0, 49.0, 16.0, 16.0, 31.0, 20.0, 40.0, 38.0, 43.0, 34.0, 21.0, 11.0, 29.0, 21.0, 17.0, 21.0, 37.0, 71.0, 43.0, 59.0, 55.0, 50.0, 94.0, 38.0, 18.0, 48.0, 20.0, 21.0, 30.0, 34.0, 41.0, 52.0, 11.0, 27.0, 33.0, 28.0, 23.0, 54.0, 31.0, 23.0, 28.0, 16.0, 20.0, 53.0, 66.0, 18.0, 24.0, 44.0, 27.0, 20.0, 41.0, 25.0, 27.0, 39.0, 17.0, 68.0, 30.0, 115.0, 73.0, 23.0, 51.0, 77.0, 50.0, 22.0, 24.0, 63.0, 118.0, 19.0, 18.0, 14.0, 27.0, 27.0, 58.0, 44.0, 61.0, 38.0, 42.0, 72.0, 25.0, 29.0, 40.0, 45.0, 18.0, 39.0, 22.0, 46.0, 18.0, 39.0, 59.0, 47.0, 85.0, 38.0, 137.0, 42.0, 48.0, 66.0, 71.0, 78.0, 49.0, 32.0, 30.0, 81.0, 88.0, 26.0, 20.0, 35.0, 13.0, 41.0, 44.0, 36.0, 17.0, 29.0, 44.0, 26.0, 24.0, 90.0, 106.0, 25.0, 27.0, 25.0, 139.0, 16.0, 19.0, 21.0, 23.0, 54.0, 56.0, 84.0, 48.0, 26.0, 38.0, 26.0, 33.0, 103.0, 16.0, 20.0, 26.0, 44.0, 27.0, 56.0, 75.0, 27.0, 74.0, 60.0, 49.0, 46.0, 11.0, 99.0, 24.0, 18.0, 34.0, 41.0, 115.0, 57.0, 33.0, 22.0, 15.0, 22.0, 20.0, 63.0, 60.0, 54.0, 103.0, 69.0, 24.0, 15.0, 29.0, 77.0, 68.0, 125.0, 27.0, 23.0, 36.0, 16.0, 84.0, 119.0, 30.0, 18.0, 43.0, 30.0, 64.0, 40.0, 23.0, 66.0, 17.0, 24.0, 15.0, 56.0, 25.0, 30.0, 26.0, 52.0, 21.0, 17.0, 31.0, 47.0, 30.0, 35.0, 26.0, 51.0, 32.0, 33.0, 38.0, 12.0, 38.0, 85.0, 66.0, 23.0, 20.0, 17.0, 24.0, 45.0, 54.0, 25.0, 38.0, 60.0, 24.0, 39.0, 35.0, 19.0, 35.0, 55.0, 23.0, 26.0, 30.0, 55.0, 132.0, 49.0, 64.0, 34.0, 38.0, 12.0, 27.0, 28.0, 37.0, 105.0, 17.0, 52.0, 37.0, 83.0, 37.0, 143.0, 20.0, 53.0, 46.0, 30.0, 36.0, 29.0, 23.0, 51.0, 68.0, 75.0, 24.0, 51.0, 28.0, 168.0, 18.0, 39.0, 35.0, 54.0, 29.0, 28.0, 88.0, 13.0, 32.0, 32.0, 38.0, 116.0, 16.0, 47.0, 112.0, 48.0, 62.0, 23.0, 14.0, 115.0, 16.0, 18.0, 111.0, 50.0, 34.0, 37.0, 34.0, 49.0, 26.0, 22.0, 51.0, 61.0, 64.0, 70.0, 60.0, 24.0, 73.0, 31.0, 46.0, 29.0, 47.0, 32.0, 82.0, 49.0, 56.0, 107.0, 24.0, 90.0, 20.0, 71.0, 30.0, 49.0, 85.0, 20.0, 22.0, 44.0, 66.0, 79.0, 33.0, 30.0, 37.0, 52.0, 36.0, 133.0, 77.0, 52.0, 32.0, 17.0, 22.0, 32.0, 115.0, 33.0, 58.0, 24.0, 30.0, 116.0, 27.0, 40.0, 84.0, 79.0, 230.0, 36.0, 30.0, 24.0, 77.0, 76.0, 40.0, 57.0, 23.0, 18.0, 33.0, 31.0, 52.0, 64.0, 33.0, 118.0, 25.0, 107.0, 39.0, 25.0, 17.0, 31.0, 29.0, 40.0, 82.0, 62.0, 91.0, 59.0, 107.0, 34.0, 114.0, 33.0, 11.0, 125.0, 60.0, 75.0, 31.0, 21.0, 187.0, 56.0, 150.0, 80.0, 23.0, 18.0, 28.0, 17.0, 129.0, 101.0, 38.0, 32.0, 64.0, 54.0, 46.0, 18.0, 97.0, 59.0, 56.0, 90.0, 89.0, 14.0, 81.0, 130.0, 37.0, 86.0, 60.0, 85.0, 28.0, 111.0, 20.0, 44.0, 76.0, 64.0, 140.0, 98.0, 175.0, 44.0, 42.0, 26.0, 118.0, 41.0, 95.0, 60.0, 29.0, 59.0, 44.0, 82.0, 50.0, 30.0, 112.0, 18.0, 40.0, 23.0, 86.0, 105.0, 17.0, 17.0, 135.0, 196.0, 25.0, 21.0, 166.0, 77.0, 14.0, 12.0, 128.0, 76.0, 90.0, 85.0, 91.0, 177.0, 165.0, 52.0, 47.0, 67.0, 149.0, 120.0, 111.0, 50.0, 81.0, 111.0, 75.0, 65.0, 92.0, 46.0, 167.0, 35.0, 175.0, 154.0, 68.0, 60.0, 104.0, 111.0, 26.0, 128.0, 13.0, 65.0, 113.0, 133.0, 28.0, 140.0, 197.0, 22.0, 133.0, 76.0, 59.0, 124.0, 133.0, 116.0, 72.0, 90.0, 186.0, 25.0, 26.0, 147.0, 226.0, 162.0, 104.0, 121.0, 211.0, 127.0, 133.0, 105.0, 93.0, 181.0, 35.0, 175.0, 139.0, 56.0, 57.0, 145.0, 207.0, 113.0, 138.0, 56.0, 186.0, 78.0, 145.0, 34.0, 118.0, 150.0, 107.0, 216.0, 230.0, 56.0, 199.0, 90.0, 168.0, 96.0, 116.0, 21.0, 124.0, 269.0, 166.0, 91.0, 75.0, 182.0, 184.0, 119.0, 232.0, 137.0, 92.0, 48.0, 131.0, 214.0, 123.0, 224.0, 160.0, 115.0, 155.0, 251.0, 134.0, 74.0, 139.0, 202.0, 230.0, 180.0, 214.0, 271.0, 74.0, 221.0, 232.0, 30.0, 147.0, 154.0, 154.0, 160.0, 108.0, 156.0, 31.0, 174.0, 189.0, 185.0, 120.0, 61.0, 132.0, 102.0, 226.0, 58.0, 139.0, 312.0, 75.0, 177.0, 157.0, 91.0, 156.0, 117.0, 169.0, 273.0, 200.0, 88.0, 256.0, 246.0, 144.0, 216.0, 140.0, 200.0, 220.0, 169.0, 178.0, 46.0, 215.0, 164.0, 176.0, 162.0, 255.0, 331.0, 196.0, 380.0, 187.0, 393.0, 163.0, 166.0, 199.0, 241.0, 161.0, 191.0, 221.0, 169.0, 187.0, 210.0, 242.0, 332.0, 347.0, 239.0, 166.0, 191.0, 188.0, 67.0, 191.0, 205.0, 210.0, 206.0, 192.0, 262.0, 241.0, 179.0, 40.0, 143.0, 133.0, 259.0, 306.0, 165.0, 500.0, 73.0, 251.0, 211.0, 360.0, 254.0, 325.0, 216.0, 148.0, 241.0, 204.0, 243.0, 163.0, 130.0, 176.0, 216.0, 136.0, 139.0, 173.0, 395.0, 235.0, 166.0, 500.0, 180.0, 186.0, 247.0, 500.0, 165.0, 216.0, 176.0, 286.0, 284.0, 365.0, 288.0, 272.0, 215.0, 384.0, 393.0, 427.0, 227.0, 160.0, 325.0, 141.0, 342.0],