{"rewards": [19.80263157894737, 21.15837104072398, 25.59223300970874, 31.52542372881356, 42.028985507246375, 45.88805970149254, 55.39823008849557, 73.7840909090909, 90.79452054794521, 101.29850746268657, 108.95161290322581, 125.94545454545455, 141.19148936170214, 155.75, 192.47222222222223, 194.41666666666666, 193.68571428571428, 173.87179487179486, 132.07692307692307, 150.41304347826087, 157.6046511627907, 153.52380952380952, 203.1764705882353, 187.0, 217.1875, 247.03703703703704, 210.8181818181818, 170.075, 123.05454545454545, 83.6875, 107.35384615384615, 99.81818181818181, 90.12, 75.05747126436782, 84.0375, 84.37037037037037, 106.171875, 110.30645161290323, 118.63333333333334, 150.34782608695653, 141.46808510638297, 153.75, 140.0612244897959, 135.41176470588235, 172.35, 192.37142857142857, 222.6875, 233.0344827586207, 253.77777777777777, 297.125, 243.14814814814815, 214.16666666666666, 190.83333333333334, 172.1219512195122, 163.58536585365854, 156.84444444444443, 184.1315789473684, 183.21052631578948, 199.31428571428572, 238.1, 284.6, 253.11111111111111, 314.05263157894734, 348.0, 325.15, 329.05263157894734, 368.77777777777777, 480.625, 459.0, 407.2352941176471], "lengths": [19.80263157894737, 21.15837104072398, 25.59223300970874, 31.52542372881356, 42.028985507246375, 45.88805970149254, 55.39823008849557, 73.7840909090909, 90.79452054794521, 101.29850746268657, 108.95161290322581, 125.94545454545455, 141.19148936170214, 155.75, 192.47222222222223, 194.41666666666666, 193.68571428571428, 173.87179487179486, 132.07692307692307, 150.41304347826087, 157.6046511627907, 153.52380952380952, 203.1764705882353, 187, 217.1875, 247.03703703703704, 210.8181818181818, 170.075, 123.05454545454545, 83.6875, 107.35384615384615, 99.81818181818181, 90.12, 75.05747126436782, 84.0375, 84.37037037037037, 106.171875, 110.30645161290323, 118.63333333333334, 150.34782608695653, 141.46808510638297, 153.75, 140.0612244897959, 135.41176470588235, 172.35, 192.37142857142857, 222.6875, 233.0344827586207, 253.77777777777777, 297.125, 243.14814814814815, 214.16666666666666, 190.83333333333334, 172.1219512195122, 163.58536585365854, 156.84444444444443, 184.1315789473684, 183.21052631578948, 199.31428571428572, 238.1, 284.6, 253.11111111111111, 314.05263157894734, 348, 325.15, 329.05263157894734, 368.77777777777777, 480.625, 459, 407.2352941176471], "entropies": [0.6903093655904134, 0.6722600857416788, 0.6616739630699158, 0.6466340819994608, 0.6286951303482056, 0.59006667137146, 0.5716358621915182, 0.609390656153361, 0.6257829070091248, 0.6069798072179159, 0.5342513918876648, 0.5983612736066183, 0.5973397493362427, 0.5980573693911234, 0.5909461180369059, 0.5592869917551676, 0.533357302347819, 0.5440622766812643, 0.5930968523025513, 0.5562230547269186, 0.5326630671819051, 0.5303692619005839, 0.5571193893750509, 0.5473762551943461, 0.5443132519721985, 0.5480061372121176, 0.5519542098045349, 0.5210352341334025, 0.5465607047080994, 0.47109756867090863, 0.580655018488566, 0.5138091047604879, 0.5452947417894999, 0.5502593715985616, 0.4941410720348358, 0.5410797794659933, 0.5580683549245199, 0.5744649569193522, 0.5213440457979838, 0.5820271968841553, 0.5535009503364563, 0.5399780869483948, 0.5704033374786377, 0.5811458230018616, 0.5646371046702067, 0.568604588508606, 0.539896547794342, 0.5626503427823385, 0.5887550512949625, 0.5657873153686523, 0.5678720871607462, 0.5889097054799398, 0.5553737282752991, 0.5889015595118204, 0.5584686001141866, 0.5223864515622457, 0.5815439621607462, 0.5687497655550638, 0.5812551577885946, 0.58070836464564, 0.5795335570971171, 0.5970999797185262, 0.5562000274658203, 0.6002457539240519, 0.5817008018493652, 0.5579413374265035, 0.5897983511288961, 0.5891576011975607, 0.5605309208234152, 0.590248723824819]}