{"rewards": [-113.63075365240476, -111.53370776494515, -112.83799226143286, -110.00605509432987, -112.92558995308204, -111.68578258038305, -112.97056391539539, -112.94122266707518, -113.21919590336189, -113.50654257978564, -113.67510890889972, -113.77552854754629, -112.66419008215894, -113.36743792505794, -113.08676856814003, -112.59616066539459, -112.98277288274807, -112.7578270535295, -112.58566869631053, -113.13873499352655, -113.42080726064205], "lengths": [136.2972972972973, 156.46511627906978, 150.72727272727272, 233.42857142857142, 98.2439024390244, 150.65384615384616, 114.27536231884058, 82.54166666666667, 80.78, 80.1919191919192, 89.92682926829268, 123.71428571428571, 79.53465346534654, 87.23913043478261, 79.16161616161617, 76.45454545454545, 85.64516129032258, 76.82417582417582, 90.55813953488372, 81.57291666666667, 79.51764705882353], "entropies": [4.428079557418823, 4.356418561935425, 4.469812631607056, 4.370915365219116, 4.44431848526001, 4.350261163711548, 4.363086080551147, 4.41981201171875, 4.466523313522339, 4.519154357910156, 4.391826057434082, 4.252802181243896, 4.418124341964722, 4.460621929168701, 4.409415006637573, 4.466099071502685, 4.280263090133667, 4.256894159317016, 4.1922399520874025, 4.1244669437408445, 4.014589333534241]}