{"rewards": [23.35072463768116, 29.072202166064983, 43.483695652173914, 16.94375, 17.528138528138527, 17.787280701754387, 14.72595281306715, 13.524916943521594, 14.283216783216783, 13.106280193236715, 12.80188679245283, 14.694394213381555, 16.65979381443299, 18.735498839907194, 16.383064516129032, 16.80618556701031, 15.750483558994198, 16.77319587628866, 17.212314225053078, 18.060267857142858, 17.383297644539613, 16.97071129707113, 15.762088974854933, 16.049212598425196, 19.877450980392158, 17.782894736842106, 19.13679245283019, 23.527536231884056, 19.187203791469194, 19.704878048780486, 20.1592039800995, 19.011737089201876, 18.52995391705069, 16.434077079107507, 18.957943925233646, 25.593059936908517, 23.87202380952381, 23.580174927113703, 23.267241379310345, 21.026041666666668, 21.55764075067024, 21.317460317460316, 21.37994722955145, 21.986376021798364, 20.866323907455012, 21.04935064935065], "lengths": [23.35072463768116, 29.072202166064983, 43.483695652173914, 16.94375, 17.528138528138527, 17.787280701754387, 14.72595281306715, 13.524916943521594, 14.283216783216783, 13.106280193236715, 12.80188679245283, 14.694394213381555, 16.65979381443299, 18.735498839907194, 16.383064516129032, 16.80618556701031, 15.750483558994198, 16.77319587628866, 17.212314225053078, 18.060267857142858, 17.383297644539613, 16.97071129707113, 15.762088974854933, 16.049212598425196, 19.877450980392158, 17.782894736842106, 19.13679245283019, 23.527536231884056, 19.187203791469194, 19.704878048780486, 20.1592039800995, 19.011737089201876, 18.52995391705069, 16.434077079107507, 18.957943925233646, 25.593059936908517, 23.87202380952381, 23.580174927113703, 23.267241379310345, 21.026041666666668, 21.55764075067024, 21.317460317460316, 21.37994722955145, 21.986376021798364, 20.866323907455012, 21.04935064935065], "entropies": [0.6850330034891764, 0.6457898418108622, 0.6418371995290121, 0.629258374373118, 0.6345690687497457, 0.6154145201047262, 0.538296103477478, 0.5667790373166403, 0.5856628815333048, 0.4982285996278127, 0.6343587040901184, 0.5911413629849752, 0.6336864630381266, 0.6334855755170187, 0.6544747948646545, 0.6347821752230326, 0.5858246088027954, 0.6037790576616923, 0.6560341318448385, 0.6695515314737955, 0.6330899397532145, 0.6201273798942566, 0.5934395591417948, 0.6559407512346903, 0.6499160925547282, 0.6507699092229208, 0.6476456721623739, 0.6355581680933634, 0.6338497201601664, 0.6553144852320353, 0.6411474744478861, 0.6369231939315796, 0.6361936728159586, 0.6530742843945821, 0.6297787626584371, 0.6752070784568787, 0.6778312722841898, 0.6582875649134318, 0.6470315853754679, 0.6586503982543945, 0.6558824777603149, 0.6573743224143982, 0.6586066683133444, 0.6427942514419556, 0.6500192483266195, 0.6603207985560099]}