{"rewards": [32.577235772357724, 37.74528301886792, 37.091743119266056, 35.776785714285715, 35.07017543859649, 33.29875518672199, 33.44398340248963, 33.641350210970465], "lengths": [32.577235772357724, 37.74528301886792, 37.091743119266056, 35.776785714285715, 35.07017543859649, 33.29875518672199, 33.44398340248963, 33.641350210970465], "entropies": [NaN, NaN, NaN, NaN, NaN, NaN, NaN, NaN, NaN, NaN, NaN, NaN, NaN, NaN, NaN, NaN, NaN, NaN, NaN, NaN, NaN, NaN, NaN, NaN]}