{"rewards": [33.45, 41.076530612244895, 50.29936305732484, 97.39506172839506, 184.14634146341464, 227.9655172413793, 358.6, 481.8125, 498.8125, 500.0, 500.0, 500.0, 500.0, 500.0, 500.0, 500.0, 500.0, 496.125], "lengths": [33.45, 41.076530612244895, 50.29936305732484, 97.39506172839506, 184.14634146341464, 227.9655172413793, 358.6, 481.8125, 498.8125, 500, 500, 500, 500, 500, 500, 500, 500, 496.125], "entropies": [0.6484684944152832, 0.6457392573356628, 0.6620424389839172, 0.6509472131729126, 0.6367633938789368, 0.6221193671226501, 0.6303114295005798, 0.6052179932594299, 0.5972423553466797, 0.5812311172485352, 0.5198948383331299, 0.48876383900642395, 0.5038834810256958, 0.4787886440753937, 0.44480350613594055, 0.4527885913848877, 0.38603538274765015, 0.3501521646976471, 0.33147695660591125, 0.3026379942893982, 0.29174157977104187, 0.25744202733039856, 0.22156217694282532, 0.20967146754264832, 0.22274476289749146, 0.18880239129066467, 0.16144341230392456, 0.15059354901313782, 0.1414196491241455, 0.1311873346567154, 0.14707310497760773, 0.13990023732185364, 0.1307269036769867, 0.1406213343143463, 0.1340905725955963, 0.12655076384544373, 0.11817122250795364, 0.11501156538724899, 0.11195004731416702, 0.12044689059257507, 0.11613532155752182, 0.11230502277612686, 0.10095623880624771, 0.09858453273773193, 0.09635118395090103, 0.0949811339378357, 0.09313248842954636, 0.091204434633255, 0.10647016763687134, 0.10490622371435165, 0.10304577648639679, 0.1025913879275322, 0.10181095451116562, 0.10090743005275726]}