{"rewards": [22.928977272727273, 31.650980392156864, 44.229050279329606, 65.84873949579831, 110.54285714285714, 167.5681818181818, 253.27586206896552, 321.15, 323.2105263157895, 395.27777777777777, 444.875, 375.42105263157896, 414.52941176470586, 479.6875, 282.625, 452.625, 500.0, 500.0, 500.0, 500.0, 500.0, 492.625, 500.0, 500.0, 500.0, 498.625, 500.0, 500.0, 500.0, 500.0, 500.0, 500.0, 500.0, 500.0, 500.0, 500.0, 500.0, 500.0, 500.0, 500.0, 500.0, 500.0, 500.0, 500.0, 500.0, 500.0, 500.0, 500.0, 500.0, 500.0], "lengths": [22.928977272727273, 31.650980392156864, 44.229050279329606, 65.84873949579831, 110.54285714285714, 167.5681818181818, 253.27586206896552, 321.15, 323.2105263157895, 395.27777777777777, 444.875, 375.42105263157896, 414.52941176470586, 479.6875, 282.625, 452.625, 500, 500, 500, 500, 500, 492.625, 500, 500, 500, 498.625, 500, 500, 500, 500, 500, 500, 500, 500, 500, 500, 500, 500, 500, 500, 500, 500, 500, 500, 500, 500, 500, 500, 500, 500], "entropies": [0.6766313314437866, 0.6750281453132629, 0.6742888689041138, 0.6541866064071655, 0.6511600017547607, 0.6496933698654175, 0.6321302652359009, 0.6274370551109314, 0.626927375793457, 0.6170175075531006, 0.6144678592681885, 0.6140434145927429, 0.6097332239151001, 0.5998812913894653, 0.5986278653144836, 0.6016276478767395, 0.5919657349586487, 0.5895718336105347, 0.5943788886070251, 0.586929440498352, 0.588222086429596, 0.5920600891113281, 0.5776364803314209, 0.5753034353256226, 0.5834198594093323, 0.584356427192688, 0.5844244956970215, 0.5646969079971313, 0.5373395681381226, 0.5536667108535767, 0.5730918645858765, 0.5723941326141357, 0.5661134719848633, 0.5653122067451477, 0.5633684396743774, 0.564289927482605, 0.5564193725585938, 0.5523568391799927, 0.5519185066223145, 0.5522826910018921, 0.5586419701576233, 0.5484496355056763, 0.5616187453269958, 0.558996856212616, 0.5584046244621277, 0.5436110496520996, 0.5298023223876953, 0.504400908946991, 0.5116710066795349, 0.5165321826934814, 0.5199767351150513, 0.5108779668807983, 0.5165749788284302, 0.5188142657279968, 0.49815791845321655, 0.5030752420425415, 0.5038769245147705, 0.5021069049835205, 0.48317843675613403, 0.4803205132484436, 0.48286569118499756, 0.4316638708114624, 0.4140019714832306, 0.4346153438091278, 0.40529853105545044, 0.38851049542427063, 0.3987542986869812, 0.3674895167350769, 0.3443889617919922, 0.3377228379249573, 0.3411151170730591, 0.34181952476501465, 0.3362807035446167, 0.32252824306488037, 0.3057565689086914, 0.30205291509628296, 0.2879132032394409, 0.2912321984767914, 0.2924436926841736, 0.2791967988014221, 0.27253443002700806, 0.27584218978881836, 0.2635916769504547, 0.26219451427459717, 0.2560103237628937, 0.2530035376548767, 0.25284600257873535, 0.2602985203266144, 0.25560420751571655, 0.253013014793396, 0.24737593531608582, 0.24825656414031982, 0.24670834839344025, 0.25013667345046997, 0.25216400623321533, 0.24426963925361633, 0.2543778121471405, 0.2546020448207855, 0.24598827958106995, 0.24266211688518524, 0.2433529645204544, 0.2419072687625885, 0.245211660861969, 0.23669768869876862, 0.23438070714473724, 0.24019727110862732, 0.23934249579906464, 0.23330800235271454, 0.23040202260017395, 0.2220107465982437, 0.21065105497837067, 0.21141090989112854, 0.2062705159187317, 0.20136602222919464, 0.20157144963741302, 0.19922801852226257, 0.19781866669654846, 0.21764907240867615, 0.21420225501060486, 0.20554940402507782, 0.19074390828609467, 0.1902647316455841, 0.1897093802690506, 0.20776037871837616, 0.2033187597990036, 0.20260487496852875, 0.20409877598285675, 0.20558477938175201, 0.20521873235702515, 0.1911165714263916, 0.19150319695472717, 0.18622958660125732, 0.18429015576839447, 0.1830534040927887, 0.18368498980998993, 0.1866149604320526, 0.18405240774154663, 0.18182146549224854, 0.172117680311203, 0.16913487017154694, 0.16642612218856812, 0.1749168038368225, 0.1767682433128357, 0.17697075009346008, 0.16346076130867004, 0.15457910299301147, 0.1488378793001175, 0.17512965202331543, 0.16893139481544495, 0.16426101326942444]}