{"rewards": [20.826771653543307, 22.73015873015873, 29.96694214876033, 46.59405940594059, 57.494505494505496, 83.42028985507247, 104.76785714285714, 117.54901960784314, 141.02272727272728, 156.55, 157.775, 179.2941176470588, 180.28571428571428, 193.5151515151515, 163.35, 218.06666666666666, 209.03225806451613, 183.38235294117646, 201.84375], "lengths": [20.826771653543307, 22.73015873015873, 29.96694214876033, 46.59405940594059, 57.494505494505496, 83.42028985507247, 104.76785714285714, 117.54901960784314, 141.02272727272728, 156.55, 157.775, 179.2941176470588, 180.28571428571428, 193.5151515151515, 163.35, 218.06666666666666, 209.03225806451613, 183.38235294117646, 201.84375], "entropies": [0.6841350396474203, 0.6531237959861755, 0.6286131938298544, 0.5841761628786722, 0.5921430190404257, 0.5327006379763285, 0.6213864286740621, 0.6247387528419495, 0.5866492589314779, 0.528197189172109, 0.5636813044548035, 0.49644531806310016, 0.4661133488019307, 0.6302840709686279, 0.589458962281545, 0.557219405968984, 0.5693198641141256, 0.5830893715222677, 0.5189092953999838]}