{"rewards": [-473.49509630409807, -411.6104349123168, -495.1880796860474], "lengths": [131.9655172413793, 123.60655737704919, 116.6923076923077], "entropies": [1.971621036529541, 1.9793343544006348, 1.9718753099441528, 1.8756914138793945, 1.7643929719924927, 1.875612497329712, 2.4948463439941406, 2.25512433052063, 1.971427083015442]}