{"rewards": [-160.76682209320538, -115.13347476240652, -174.98962480580556, -252.6819023311055, -168.49900841223615, -234.64060413256004, -162.9701538455204, -275.04581864741493, -295.5966163238093, -322.3589259944214, -346.9750228518502, -298.9844794479053, -348.10394306898144, -361.6022435144489, -485.05888101867674, -401.8904988956308, -357.07128658667193, -546.4333462459155, -408.2593461011387], "lengths": [78.625, 66.4, 78.88888888888889, 79.625, 90.75, 83.28571428571429, 76.16666666666667, 92.42857142857143, 87.66666666666667, 88.125, 83.16666666666667, 87.875, 88.14285714285714, 93.2, 95.5, 95, 103.85714285714286, 89.75, 94.85714285714286], "entropies": [2.432465155919393, 2.7849226792653403, 3.092747529347738, 3.1605354150136313, 3.5456465085347495, 3.8092540899912515, 3.980543533960978, 4.2703220049540205, 4.424697399139404, 4.730124632517497, 4.88532018661499, 5.069044589996338, 5.571019649505615, 5.957283655802409, 6.274811903635661, 5.511179447174072, 6.568319797515869, 7.221776008605957, 6.506791114807129]}