{"rewards": [22.446043165467625, 29.88425925925926, 32.98514851485149, 37.03846153846154, 49.05072463768116, 60.549549549549546, 89.25925925925925, 116.04918032786885, 141.16, 118.45, 120.70491803278688, 112.26229508196721, 148.14583333333334, 159.17777777777778, 173.35714285714286, 207.14705882352942, 164.88636363636363, 162.86046511627907, 163.02173913043478, 161.1304347826087, 135.13725490196077, 87.02439024390245, 84.88095238095238, 91.14285714285714, 116.58064516129032, 143.92307692307693, 179.75, 135.53703703703704, 196.52941176470588, 195.60526315789474, 207.78787878787878, 205.38235294117646, 199.36363636363637, 208.6969696969697, 206.0857142857143, 182.97435897435898, 193.54054054054055, 150.08695652173913, 172.04761904761904, 157.41304347826087, 165.02325581395348, 183.14634146341464, 210.42424242424244, 180.71794871794873, 180.17948717948718, 162.88636363636363, 157.12765957446808, 197.13513513513513, 238.29032258064515, 181.97368421052633, 184.97435897435898, 151.58, 130.71929824561403, 143.87755102040816, 152.0212765957447, 174.04651162790697, 163.61363636363637, 160.51111111111112, 166.21951219512195, 190.54054054054055, 145.9607843137255, 164.04545454545453, 171.88095238095238, 181.1315789473684, 198.85714285714286, 182.325, 152.04347826086956, 144.54901960784315, 148.44, 136.35849056603774, 121.36666666666666, 131.4, 134.2037037037037, 138.18867924528303, 140.92307692307693, 136.17857142857142, 141.84313725490196, 161.0222222222222, 143.6], "lengths": [22.446043165467625, 29.88425925925926, 32.98514851485149, 37.03846153846154, 49.05072463768116, 60.549549549549546, 89.25925925925925, 116.04918032786885, 141.16, 118.45, 120.70491803278688, 112.26229508196721, 148.14583333333334, 159.17777777777778, 173.35714285714286, 207.14705882352942, 164.88636363636363, 162.86046511627907, 163.02173913043478, 161.1304347826087, 135.13725490196077, 87.02439024390245, 84.88095238095238, 91.14285714285714, 116.58064516129032, 143.92307692307693, 179.75, 135.53703703703704, 196.52941176470588, 195.60526315789474, 207.78787878787878, 205.38235294117646, 199.36363636363637, 208.6969696969697, 206.0857142857143, 182.97435897435898, 193.54054054054055, 150.08695652173913, 172.04761904761904, 157.41304347826087, 165.02325581395348, 183.14634146341464, 210.42424242424244, 180.71794871794873, 180.17948717948718, 162.88636363636363, 157.12765957446808, 197.13513513513513, 238.29032258064515, 181.97368421052633, 184.97435897435898, 151.58, 130.71929824561403, 143.87755102040816, 152.0212765957447, 174.04651162790697, 163.61363636363637, 160.51111111111112, 166.21951219512195, 190.54054054054055, 145.9607843137255, 164.04545454545453, 171.88095238095238, 181.1315789473684, 198.85714285714286, 182.325, 152.04347826086956, 144.54901960784315, 148.44, 136.35849056603774, 121.36666666666666, 131.4, 134.2037037037037, 138.18867924528303, 140.92307692307693, 136.17857142857142, 141.84313725490196, 161.0222222222222, 143.6], "entropies": [0.6749688585599264, 0.6572313110033671, 0.6250676910082499, 0.6515173117319742, 0.6153273979822794, 0.5702875653902689, 0.635866661866506, 0.5318360129992167, 0.5890723665555319, 0.6057766278584799, 0.6253550251324972, 0.5671793222427368, 0.5783659418423971, 0.5478792786598206, 0.5323532025019327, 0.5530577103296915, 0.5930970708529154, 0.5553973913192749, 0.5426423748334249, 0.5354918241500854, 0.5397509733835856, 0.49212496479352313, 0.5460717479387919, 0.542182465394338, 0.5616405804951986, 0.5594418446222941, 0.5912618041038513, 0.5764960845311483, 0.5667694211006165, 0.5225651860237122, 0.5502160787582397, 0.5385345816612244, 0.5752670168876648, 0.5857301553090414, 0.5787695646286011, 0.602570652961731, 0.5812509457270304, 0.5780408978462219, 0.5229425430297852, 0.5302247405052185, 0.5636575222015381, 0.530365784962972, 0.534487247467041, 0.5446629524230957, 0.5557929873466492, 0.5693560640017191, 0.5711695750554403, 0.5370003978411356, 0.5210177302360535, 0.5687455137570699, 0.5679114858309428, 0.5254419048627218, 0.5476878682772318, 0.5559032162030538, 0.5924210747083029, 0.5748012065887451, 0.5487074255943298, 0.5688502987225851, 0.5254169305165609, 0.5074481169382731, 0.5308598875999451, 0.49842069546381634, 0.5126894116401672, 0.516933540503184, 0.5268133083979288, 0.5090110898017883, 0.5304888884226481, 0.5466998815536499, 0.5196542839209238, 0.5293223063151041, 0.524412989616394, 0.4608501096566518, 0.48428380489349365, 0.5373237133026123, 0.5431820154190063, 0.5032188793023428, 0.4864308337370555, 0.5105894605318705, 0.5123499830563863]}