{"rewards": [24.933333333333334, 25.027667984189723, 29.368663594470046, 35.786096256684495, 44.1578947368421, 48.5, 62.714285714285715, 84.11904761904762, 118.9322033898305, 129.35849056603774, 123.6842105263158, 105.02816901408451, 101.78571428571429, 101.47887323943662, 99.51351351351352, 116.83870967741936, 106.859375, 106.6470588235294, 125.30508474576271, 149.89361702127658, 148.36, 141.71153846153845, 108.27272727272727, 111.96774193548387, 104.2089552238806, 114.07692307692308, 91.16455696202532, 73.50515463917526, 79.58888888888889, 65.32727272727273, 70.36633663366337, 75.37894736842105, 96.82191780821918, 81.93258426966293, 62.70796460176991, 74.04166666666667, 96.86842105263158, 105.33823529411765, 87.29761904761905, 72.11224489795919, 89.29629629629629, 100.01369863013699, 92.55844155844156], "lengths": [24.933333333333334, 25.027667984189723, 29.368663594470046, 35.786096256684495, 44.1578947368421, 48.5, 62.714285714285715, 84.11904761904762, 118.9322033898305, 129.35849056603774, 123.6842105263158, 105.02816901408451, 101.78571428571429, 101.47887323943662, 99.51351351351352, 116.83870967741936, 106.859375, 106.6470588235294, 125.30508474576271, 149.89361702127658, 148.36, 141.71153846153845, 108.27272727272727, 111.96774193548387, 104.2089552238806, 114.07692307692308, 91.16455696202532, 73.50515463917526, 79.58888888888889, 65.32727272727273, 70.36633663366337, 75.37894736842105, 96.82191780821918, 81.93258426966293, 62.70796460176991, 74.04166666666667, 96.86842105263158, 105.33823529411765, 87.29761904761905, 72.11224489795919, 89.29629629629629, 100.01369863013699, 92.55844155844156], "entropies": [0.6873505512873331, 0.6831926107406616, 0.6717193325360616, 0.6669777035713196, 0.6515719095865885, 0.6155849099159241, 0.6298676133155823, 0.592303196589152, 0.6181254188219706, 0.625927209854126, 0.6075416604677836, 0.5886146426200867, 0.6233262221018473, 0.5998453497886658, 0.6390567819277445, 0.6138849258422852, 0.6222554842631022, 0.5973456899325053, 0.5921403964360555, 0.6199941635131836, 0.5800624887148539, 0.6406930486361185, 0.6145671804745992, 0.5967307090759277, 0.6048206090927124, 0.6301498611768087, 0.5864959955215454, 0.5792835752169291, 0.5652617613474528, 0.570853034655253, 0.5827674468358358, 0.500590314467748, 0.5703372359275818, 0.5884180466334025, 0.5690869291623434, 0.5678612987200419, 0.5637685060501099, 0.5850350260734558, 0.5946613550186157, 0.5787927110989889, 0.5586872498194376, 0.5537721117337545, 0.5804909269014994]}