{"debug": false, "env_name": "CartPole-v1", "state_dim": 4, "n_actions": 2, "continuous_control": false, "horizon": 1024, "workers": 8, "discount": 0.99, "learning_rate": 0.001, "clip": 0.2, "c_entropy": 0.009999999776482582, "c_value": 0.5, "lam": 0.95, "gradient_clipping": null, "clip_values": true, "tbptt_length": 1, "builder_function_name": "build_ffn_distinct_models", "is_recurrent": false, "iteration": 1, "current_fps": 432.6477899840116, "device": "CPU:0", "model_export_dir": "storage/saved_models/exports/", "agent_id": 1575487026, "agent_directory": "storage/saved_models/states//1575487026/", "total_frames_seen": 16384, "total_episodes_seen": 532, "episode_reward_history": [39.0, 10.0, 17.0, 26.0, 50.0, 19.0, 25.0, 73.0, 33.0, 23.0, 45.0, 14.0, 16.0, 19.0, 20.0, 29.0, 25.0, 30.0, 21.0, 18.0, 21.0, 21.0, 51.0, 20.0, 13.0, 16.0, 16.0, 15.0, 19.0, 32.0, 22.0, 35.0, 15.0, 29.0, 14.0, 12.0, 28.0, 17.0, 15.0, 13.0, 42.0, 9.0, 29.0, 16.0, 26.0, 27.0, 17.0, 44.0, 62.0, 12.0, 17.0, 33.0, 65.0, 22.0, 43.0, 14.0, 13.0, 28.0, 29.0, 16.0, 12.0, 10.0, 56.0, 12.0, 51.0, 18.0, 9.0, 14.0, 11.0, 12.0, 25.0, 41.0, 16.0, 23.0, 9.0, 14.0, 10.0, 15.0, 19.0, 24.0, 16.0, 19.0, 13.0, 21.0, 29.0, 18.0, 27.0, 29.0, 10.0, 29.0, 11.0, 15.0, 19.0, 19.0, 46.0, 22.0, 17.0, 40.0, 21.0, 12.0, 27.0, 25.0, 36.0, 9.0, 18.0, 14.0, 28.0, 11.0, 34.0, 42.0, 13.0, 28.0, 20.0, 100.0, 22.0, 28.0, 16.0, 28.0, 13.0, 18.0, 15.0, 44.0, 15.0, 18.0, 11.0, 44.0, 43.0, 16.0, 36.0, 31.0, 21.0, 11.0, 21.0, 50.0, 26.0, 12.0, 17.0, 16.0, 14.0, 12.0, 48.0, 16.0, 17.0, 12.0, 13.0, 59.0, 27.0, 45.0, 10.0, 11.0, 51.0, 14.0, 19.0, 17.0, 14.0, 16.0, 16.0, 11.0, 14.0, 20.0, 17.0, 16.0, 38.0, 22.0, 26.0, 14.0, 15.0, 38.0, 11.0, 27.0, 12.0, 21.0, 24.0, 20.0, 16.0, 11.0, 29.0, 18.0, 32.0, 18.0, 33.0, 14.0, 9.0, 12.0, 109.0, 43.0, 18.0, 31.0, 67.0, 16.0, 13.0, 26.0, 21.0, 9.0, 17.0, 33.0, 16.0, 12.0, 10.0, 45.0, 16.0, 14.0, 37.0, 16.0, 14.0, 11.0, 11.0, 13.0, 26.0, 43.0, 31.0, 13.0, 16.0, 10.0, 37.0, 34.0, 24.0, 14.0, 15.0, 17.0, 11.0, 50.0, 18.0, 18.0, 20.0, 16.0, 34.0, 23.0, 17.0, 18.0, 21.0, 15.0, 22.0, 15.0, 43.0, 12.0, 18.0, 28.0, 16.0, 11.0, 19.0, 50.0, 36.0, 25.0, 26.0, 23.0, 11.0, 18.0, 19.0, 18.0, 22.0, 41.0, 12.0, 31.0, 11.0, 21.0, 16.0, 12.0, 25.0, 12.0, 21.0, 49.0, 11.0, 19.0, 17.0, 26.0, 29.0, 29.0, 34.0, 24.0, 23.0, 14.0, 14.0, 21.0, 18.0, 24.0, 11.0, 10.0, 12.0, 11.0, 23.0, 14.0, 21.0, 34.0, 12.0, 66.0, 22.0, 13.0, 48.0, 23.0, 22.0, 24.0, 10.0, 13.0, 18.0, 18.0, 18.0, 20.0, 13.0, 36.0, 16.0, 13.0, 10.0, 19.0, 15.0, 16.0, 13.0, 17.0, 19.0, 32.0, 42.0, 42.0, 11.0, 16.0, 35.0, 53.0, 13.0, 17.0, 18.0, 20.0, 28.0, 16.0, 24.0, 31.0, 21.0, 31.0, 10.0, 18.0, 38.0, 9.0, 51.0, 25.0, 16.0, 17.0, 19.0, 14.0, 39.0, 20.0, 18.0, 35.0, 13.0, 19.0, 11.0, 65.0, 11.0, 17.0, 15.0, 11.0, 14.0, 27.0, 22.0, 43.0, 21.0, 77.0, 19.0, 25.0, 19.0, 16.0, 44.0, 19.0, 17.0, 74.0, 36.0, 98.0, 95.0, 9.0, 56.0, 37.0, 54.0, 79.0, 9.0, 20.0, 88.0, 47.0, 65.0, 106.0, 29.0, 37.0, 108.0, 22.0, 51.0, 49.0, 21.0, 26.0, 98.0, 13.0, 22.0, 90.0, 75.0, 11.0, 74.0, 25.0, 64.0, 23.0, 25.0, 83.0, 44.0, 32.0, 17.0, 39.0, 34.0, 74.0, 52.0, 18.0, 60.0, 12.0, 72.0, 20.0, 24.0, 114.0, 33.0, 35.0, 29.0, 30.0, 22.0, 52.0, 25.0, 43.0, 22.0, 86.0, 54.0, 28.0, 30.0, 31.0, 18.0, 78.0, 19.0, 17.0, 49.0, 110.0, 84.0, 88.0, 14.0, 22.0, 76.0, 17.0, 59.0, 26.0, 37.0, 75.0, 16.0, 27.0, 26.0, 16.0, 17.0, 52.0, 69.0, 18.0, 36.0, 83.0, 30.0, 78.0, 189.0, 24.0, 78.0, 27.0, 16.0, 65.0, 27.0, 22.0, 18.0, 53.0, 42.0, 39.0, 34.0, 81.0, 27.0, 21.0, 89.0, 165.0, 22.0, 32.0, 95.0, 19.0, 26.0, 113.0, 28.0, 77.0, 19.0, 14.0, 19.0, 18.0, 21.0, 14.0, 92.0, 50.0, 58.0, 17.0, 13.0, 108.0, 55.0, 12.0, 22.0, 24.0, 15.0, 29.0, 27.0, 16.0, 53.0, 50.0, 119.0, 70.0, 35.0, 17.0, 64.0, 53.0, 64.0, 12.0, 111.0, 45.0, 27.0, 91.0, 46.0, 19.0, 11.0, 33.0, 46.0, 117.0, 69.0, 13.0, 47.0, 17.0, 20.0, 36.0, 20.0, 20.0, 10.0, 14.0, 27.0, 18.0, 11.0, 9.0], "episode_length_history": [39, 10, 17, 26, 50, 19, 25, 73, 33, 23, 45, 14, 16, 19, 20, 29, 25, 30, 21, 18, 21, 21, 51, 20, 13, 16, 16, 15, 19, 32, 22, 35, 15, 29, 14, 12, 28, 17, 15, 13, 42, 9, 29, 16, 26, 27, 17, 44, 62, 12, 17, 33, 65, 22, 43, 14, 13, 28, 29, 16, 12, 10, 56, 12, 51, 18, 9, 14, 11, 12, 25, 41, 16, 23, 9, 14, 10, 15, 19, 24, 16, 19, 13, 21, 29, 18, 27, 29, 10, 29, 11, 15, 19, 19, 46, 22, 17, 40, 21, 12, 27, 25, 36, 9, 18, 14, 28, 11, 34, 42, 13, 28, 20, 100, 22, 28, 16, 28, 13, 18, 15, 44, 15, 18, 11, 44, 43, 16, 36, 31, 21, 11, 21, 50, 26, 12, 17, 16, 14, 12, 48, 16, 17, 12, 13, 59, 27, 45, 10, 11, 51, 14, 19, 17, 14, 16, 16, 11, 14, 20, 17, 16, 38, 22, 26, 14, 15, 38, 11, 27, 12, 21, 24, 20, 16, 11, 29, 18, 32, 18, 33, 14, 9, 12, 109, 43, 18, 31, 67, 16, 13, 26, 21, 9, 17, 33, 16, 12, 10, 45, 16, 14, 37, 16, 14, 11, 11, 13, 26, 43, 31, 13, 16, 10, 37, 34, 24, 14, 15, 17, 11, 50, 18, 18, 20, 16, 34, 23, 17, 18, 21, 15, 22, 15, 43, 12, 18, 28, 16, 11, 19, 50, 36, 25, 26, 23, 11, 18, 19, 18, 22, 41, 12, 31, 11, 21, 16, 12, 25, 12, 21, 49, 11, 19, 17, 26, 29, 29, 34, 24, 23, 14, 14, 21, 18, 24, 11, 10, 12, 11, 23, 14, 21, 34, 12, 66, 22, 13, 48, 23, 22, 24, 10, 13, 18, 18, 18, 20, 13, 36, 16, 13, 10, 19, 15, 16, 13, 17, 19, 32, 42, 42, 11, 16, 35, 53, 13, 17, 18, 20, 28, 16, 24, 31, 21, 31, 10, 18, 38, 9, 51, 25, 16, 17, 19, 14, 39, 20, 18, 35, 13, 19, 11, 65, 11, 17, 15, 11, 14, 27, 22, 43, 21, 77, 19, 25, 19, 16, 44, 19, 17, 74, 36, 98, 95, 9, 56, 37, 54, 79, 9, 20, 88, 47, 65, 106, 29, 37, 108, 22, 51, 49, 21, 26, 98, 13, 22, 90, 75, 11, 74, 25, 64, 23, 25, 83, 44, 32, 17, 39, 34, 74, 52, 18, 60, 12, 72, 20, 24, 114, 33, 35, 29, 30, 22, 52, 25, 43, 22, 86, 54, 28, 30, 31, 18, 78, 19, 17, 49, 110, 84, 88, 14, 22, 76, 17, 59, 26, 37, 75, 16, 27, 26, 16, 17, 52, 69, 18, 36, 83, 30, 78, 189, 24, 78, 27, 16, 65, 27, 22, 18, 53, 42, 39, 34, 81, 27, 21, 89, 165, 22, 32, 95, 19, 26, 113, 28, 77, 19, 14, 19, 18, 21, 14, 92, 50, 58, 17, 13, 108, 55, 12, 22, 24, 15, 29, 27, 16, 53, 50, 119, 70, 35, 17, 64, 53, 64, 12, 111, 45, 27, 91, 46, 19, 11, 33, 46, 117, 69, 13, 47, 17, 20, 36, 20, 20, 10, 14, 27, 18, 11, 9], "cycle_reward_history": [23.13105413105413, 44.16574585635359], "cycle_length_history": [23.13105413105413, 44.16574585635359], "entropy_history": [0.6768267154693604, 0.6757641434669495, 0.6758170127868652, 0.6271081566810608, 0.6239587068557739, 0.6233150362968445], "policy_loss_history": [-0.016881495714187622, -0.0274838637560606, -0.030010133981704712, -0.03292257338762283, -0.034485410898923874, -0.03500738367438316], "value_loss_history": [6.2574896812438965, 4.528221130371094, 4.398322582244873, 16.56855010986328, 15.251884460449219, 14.926263809204102], "time_dicts": [{"gathering": 13.233660697937012, "communication": 0.1707141399383545, "evaluating": 0.0003364086151123047, "optimizing": 14.863377809524536, "finalizing": 0.4200012683868408}, {"gathering": 4.869196176528931, "communication": 0.009102344512939453, "evaluating": 0.00018405914306640625, "optimizing": 13.653300523757935, "finalizing": 0.4027872085571289}]}