{"rewards": [23.323529411764707, 9.28125, 9.265625], "lengths": [23.323529411764707, 9.28125, 9.265625], "entropies": [NaN, NaN, NaN, NaN, NaN, NaN, NaN, NaN, NaN]}