{"rewards": [23.007434944237918, 27.390557939914164, 33.10552763819096, 38.67455621301775, 51.984962406015036, 56.983333333333334, 78.66666666666667, 100.61111111111111, 140.4, 140.46153846153845, 185.02702702702703, 174.8048780487805, 167.13636363636363, 146.52083333333334, 180.475, 166.07142857142858, 186.28205128205127, 174.1904761904762, 149.6326530612245, 182.54054054054055, 236.93103448275863, 215.08823529411765, 280.12, 240.32142857142858, 176.925], "lengths": [23.007434944237918, 27.390557939914164, 33.10552763819096, 38.67455621301775, 51.984962406015036, 56.983333333333334, 78.66666666666667, 100.61111111111111, 140.4, 140.46153846153845, 185.02702702702703, 174.8048780487805, 167.13636363636363, 146.52083333333334, 180.475, 166.07142857142858, 186.28205128205127, 174.1904761904762, 149.6326530612245, 182.54054054054055, 236.93103448275863, 215.08823529411765, 280.12, 240.32142857142858, 176.925], "entropies": [0.6770833134651184, 0.6597191691398621, 0.6472796599070231, 0.6338287591934204, 0.6325065692265829, 0.6402172446250916, 0.5746078491210938, 0.5884821017583212, 0.5834496815999349, 0.6081348061561584, 0.6147249341011047, 0.5877206325531006, 0.5956818660100301, 0.49320069948832196, 0.5943421324094137, 0.5826258261998495, 0.6145748098691305, 0.6155508557955424, 0.5820915699005127, 0.6006927887598673, 0.5836149056752523, 0.5631701747576395, 0.5698655446370443, 0.5138157804807028, 0.4560229480266571]}