{"rewards": [23.36521739130435, 23.669590643274855, 22.167123287671235, 22.803370786516854, 22.814084507042253, 23.740524781341108, 22.875354107648725], "lengths": [23.36521739130435, 23.669590643274855, 22.167123287671235, 22.803370786516854, 22.814084507042253, 23.740524781341108, 22.875354107648725], "entropies": [NaN, NaN, NaN, NaN, NaN, NaN, NaN, NaN, NaN, NaN, NaN, NaN, NaN, NaN, NaN, NaN, NaN, NaN, NaN, NaN, NaN]}