{"rewards": [22.761904761904763, 25.682539682539684, 32.15, 36.516949152542374, 44.59615384615385, 56.12765957446808, 66.30588235294118, 73.7012987012987, 94.34848484848484, 119.14, 164.43243243243242, 165.9189189189189, 196.9, 224.8, 189.33333333333334, 229.5, 187.4857142857143, 275.0, 251.6153846153846, 247.92, 307.8095238095238, 262.125, 220.41379310344828, 238.58620689655172, 241.08333333333334, 254.58333333333334, 259.0416666666667, 200.9, 167.8421052631579, 233.59259259259258, 257.0, 345.5263157894737, 305.4, 380.5, 348.05555555555554, 308.3, 316.77777777777777, 383.29411764705884, 423.0, 271.72727272727275, 250.84615384615384, 307.2631578947368, 255.6153846153846, 273.95652173913044, 271.1304347826087, 368.25, 421.70588235294116, 237.89655172413794, 221.67857142857142], "lengths": [22.761904761904763, 25.682539682539684, 32.15, 36.516949152542374, 44.59615384615385, 56.12765957446808, 66.30588235294118, 73.7012987012987, 94.34848484848484, 119.14, 164.43243243243242, 165.9189189189189, 196.9, 224.8, 189.33333333333334, 229.5, 187.4857142857143, 275, 251.6153846153846, 247.92, 307.8095238095238, 262.125, 220.41379310344828, 238.58620689655172, 241.08333333333334, 254.58333333333334, 259.0416666666667, 200.9, 167.8421052631579, 233.59259259259258, 257, 345.5263157894737, 305.4, 380.5, 348.05555555555554, 308.3, 316.77777777777777, 383.29411764705884, 423, 271.72727272727275, 250.84615384615384, 307.2631578947368, 255.6153846153846, 273.95652173913044, 271.1304347826087, 368.25, 421.70588235294116, 237.89655172413794, 221.67857142857142], "entropies": [0.662513792514801, 0.6499674121538798, 0.6518640120824178, 0.5913925170898438, 0.5794598460197449, 0.6043505867322286, 0.570515513420105, 0.5758407910664877, 0.6044052044550577, 0.5941310922304789, 0.5537338852882385, 0.5993388692537943, 0.6001652876536051, 0.5727721850077311, 0.5413998564084371, 0.5777159531911215, 0.5439982811609904, 0.5574756066004435, 0.5321159164110819, 0.5818760991096497, 0.5403069853782654, 0.5592766801516215, 0.573256274064382, 0.591515839099884, 0.5824523170789083, 0.5683280825614929, 0.5740928252538046, 0.562741200129191, 0.5604863961537679, 0.5392025113105774, 0.5635110934575399, 0.5459482073783875, 0.5595446427663168, 0.5769426623980204, 0.5715859134991964, 0.5688180923461914, 0.4897148410479228, 0.5437251329421997, 0.5682323575019836, 0.5841923952102661, 0.582590659459432, 0.5781217217445374, 0.5331581830978394, 0.5995202859242758, 0.5651865601539612, 0.5617407957712809, 0.5423346360524496, 0.5641426046689352, 0.5894537170728048]}