{"rewards": [20.529262086513995, 25.611464968152866, 29.372693726937268, 37.79904306220096, 43.204301075268816, 45.58620689655172, 65.60655737704919, 74.84466019417475, 111.76811594202898, 124.6, 158.9375, 127.5, 123.64516129032258, 170.02380952380952, 166.70454545454547, 181.4102564102564, 192.8918918918919, 176.97674418604652, 167.6, 169.15217391304347, 169.3953488372093, 208.05714285714285, 192.1578947368421, 210.11764705882354, 269.15384615384613, 219.88235294117646, 282.125, 198.0, 193.77777777777777, 234.83333333333334, 260.6923076923077, 224.0, 200.3783783783784, 191.8918918918919, 228.19354838709677, 230.58064516129033, 215.15625, 230.48387096774192, 221.59375, 240.86666666666667, 197.82857142857142, 226.375, 232.13333333333333, 252.33333333333334, 284.5833333333333, 223.5483870967742, 232.09677419354838, 237.0, 224.75862068965517, 282.75, 201.86111111111111, 314.4761904761905, 384.3333333333333, 316.2105263157895, 313.5238095238095, 408.5882352941176, 334.2105263157895, 309.54545454545456, 276.17391304347825, 322.15, 284.4782608695652, 307.8181818181818, 265.48, 277.6666666666667, 290.6, 335.2857142857143, 297.5416666666667, 270.48, 297.08, 273.38461538461536, 244.0, 247.10714285714286, 237.4, 259.7692307692308, 314.42857142857144, 415.3529411764706, 341.72222222222223, 354.6190476190476, 323.45454545454544, 326.14285714285717, 267.88461538461536, 285.5, 256.5769230769231, 261.88461538461536, 352.0, 284.90909090909093, 260.4642857142857, 235.03333333333333, 254.21428571428572, 215.74285714285713, 212.25714285714287, 267.0769230769231, 271.037037037037, 249.07407407407408, 275.25, 256.1923076923077, 266.52, 230.4, 249.8, 265.6666666666667, 205.47058823529412, 299.54545454545456, 305.3333333333333, 293.28, 283.0869565217391, 320.04761904761904, 315.6818181818182, 255.65384615384616, 224.5625, 261.22222222222223, 277.96, 227.58064516129033, 291.69565217391306, 252.5, 253.77777777777777, 233.55172413793105, 215.68571428571428, 212.88235294117646, 209.19444444444446, 192.0, 216.59375, 239.25, 251.96296296296296, 253.33333333333334, 226.34375, 217.375, 172.54761904761904, 202.71428571428572, 204.43243243243242, 254.71428571428572, 258.7692307692308, 261.2857142857143, 281.8333333333333, 266.28, 291.72, 264.14814814814815, 302.9130434782609], "lengths": [20.529262086513995, 25.611464968152866, 29.372693726937268, 37.79904306220096, 43.204301075268816, 45.58620689655172, 65.60655737704919, 74.84466019417475, 111.76811594202898, 124.6, 158.9375, 127.5, 123.64516129032258, 170.02380952380952, 166.70454545454547, 181.4102564102564, 192.8918918918919, 176.97674418604652, 167.6, 169.15217391304347, 169.3953488372093, 208.05714285714285, 192.1578947368421, 210.11764705882354, 269.15384615384613, 219.88235294117646, 282.125, 198, 193.77777777777777, 234.83333333333334, 260.6923076923077, 224, 200.3783783783784, 191.8918918918919, 228.19354838709677, 230.58064516129033, 215.15625, 230.48387096774192, 221.59375, 240.86666666666667, 197.82857142857142, 226.375, 232.13333333333333, 252.33333333333334, 284.5833333333333, 223.5483870967742, 232.09677419354838, 237, 224.75862068965517, 282.75, 201.86111111111111, 314.4761904761905, 384.3333333333333, 316.2105263157895, 313.5238095238095, 408.5882352941176, 334.2105263157895, 309.54545454545456, 276.17391304347825, 322.15, 284.4782608695652, 307.8181818181818, 265.48, 277.6666666666667, 290.6, 335.2857142857143, 297.5416666666667, 270.48, 297.08, 273.38461538461536, 244, 247.10714285714286, 237.4, 259.7692307692308, 314.42857142857144, 415.3529411764706, 341.72222222222223, 354.6190476190476, 323.45454545454544, 326.14285714285717, 267.88461538461536, 285.5, 256.5769230769231, 261.88461538461536, 352, 284.90909090909093, 260.4642857142857, 235.03333333333333, 254.21428571428572, 215.74285714285713, 212.25714285714287, 267.0769230769231, 271.037037037037, 249.07407407407408, 275.25, 256.1923076923077, 266.52, 230.4, 249.8, 265.6666666666667, 205.47058823529412, 299.54545454545456, 305.3333333333333, 293.28, 283.0869565217391, 320.04761904761904, 315.6818181818182, 255.65384615384616, 224.5625, 261.22222222222223, 277.96, 227.58064516129033, 291.69565217391306, 252.5, 253.77777777777777, 233.55172413793105, 215.68571428571428, 212.88235294117646, 209.19444444444446, 192, 216.59375, 239.25, 251.96296296296296, 253.33333333333334, 226.34375, 217.375, 172.54761904761904, 202.71428571428572, 204.43243243243242, 254.71428571428572, 258.7692307692308, 261.2857142857143, 281.8333333333333, 266.28, 291.72, 264.14814814814815, 302.9130434782609],