{"rewards": [26.048979591836734, 30.567441860465117, 26.358649789029535, 25.91769547325103, 32.18811881188119, 30.09090909090909, 37.817142857142855, 49.267605633802816, 67.44554455445545, 101.125, 131.5818181818182, 141.62, 151.51111111111112, 126.22413793103448, 93.8051948051948, 75.97894736842105, 91.01282051282051, 125.77777777777777, 147.12244897959184, 114.046875, 152.02083333333334, 159.11111111111111, 206.0, 282.52, 299.57142857142856, 221.4375, 215.84848484848484, 240.10344827586206, 201.88571428571427, 192.86486486486487, 133.98039215686273, 162.37209302325581, 192.45945945945945, 154.82608695652175, 128.92857142857142, 139.52, 167.25, 167.2, 161.9111111111111, 231.58620689655172, 191.9189189189189, 170.28571428571428, 190.8108108108108, 175.51282051282053, 190.3421052631579, 176.0, 232.82758620689654, 209.54545454545453, 194.24324324324326, 200.54545454545453, 231.58064516129033, 246.35714285714286, 222.29032258064515, 212.8181818181818, 192.05128205128204, 192.48648648648648, 240.9, 208.6764705882353, 186.02702702702703, 186.43243243243242, 149.08333333333334, 183.05128205128204, 171.675, 176.5897435897436, 144.48, 103.57971014492753, 88.2560975609756, 112.15873015873017, 122.84745762711864, 152.30612244897958, 111.21538461538462, 98.28378378378379, 81.5813953488372, 57.17355371900826, 74.0, 74.05102040816327, 78.1086956521739, 82.1264367816092, 89.2375], "lengths": [26.048979591836734, 30.567441860465117, 26.358649789029535, 25.91769547325103, 32.18811881188119, 30.09090909090909, 37.817142857142855, 49.267605633802816, 67.44554455445545, 101.125, 131.5818181818182, 141.62, 151.51111111111112, 126.22413793103448, 93.8051948051948, 75.97894736842105, 91.01282051282051, 125.77777777777777, 147.12244897959184, 114.046875, 152.02083333333334, 159.11111111111111, 206, 282.52, 299.57142857142856, 221.4375, 215.84848484848484, 240.10344827586206, 201.88571428571427, 192.86486486486487, 133.98039215686273, 162.37209302325581, 192.45945945945945, 154.82608695652175, 128.92857142857142, 139.52, 167.25, 167.2, 161.9111111111111, 231.58620689655172, 191.9189189189189, 170.28571428571428, 190.8108108108108, 175.51282051282053, 190.3421052631579, 176, 232.82758620689654, 209.54545454545453, 194.24324324324326, 200.54545454545453, 231.58064516129033, 246.35714285714286, 222.29032258064515, 212.8181818181818, 192.05128205128204, 192.48648648648648, 240.9, 208.6764705882353, 186.02702702702703, 186.43243243243242, 149.08333333333334, 183.05128205128204, 171.675, 176.5897435897436, 144.48, 103.57971014492753, 88.2560975609756, 112.15873015873017, 122.84745762711864, 152.30612244897958, 111.21538461538462, 98.28378378378379, 81.5813953488372, 57.17355371900826, 74, 74.05102040816327, 78.1086956521739, 82.1264367816092, 89.2375], "entropies": [0.6829763054847717, 0.6683847705523173, 0.6690175533294678, 0.6614463925361633, 0.6542195479075114, 0.6546254754066467, 0.6579676667849222, 0.6406346162160238, 0.6046560009320577, 0.6120582222938538, 0.608955442905426, 0.6516752441724142, 0.6259709397951762, 0.6183023254076639, 0.6336018045743307, 0.6275479396184286, 0.6116325656572977, 0.5532285571098328, 0.6157131393750509, 0.5972863634427389, 0.6196800867716471, 0.5952296853065491, 0.5785125494003296, 0.5641493201255798, 0.5453625122706095, 0.5807504653930664, 0.5281897981961569, 0.5261332194010416, 0.5913695295651754, 0.5935314893722534, 0.5563223958015442, 0.5866247216860453, 0.5773146152496338, 0.6052895784378052, 0.6101866165796915, 0.6111505826314291, 0.599834938844045, 0.5533949136734009, 0.5646498799324036, 0.5613173842430115, 0.6083697477976481, 0.5552415251731873, 0.6250657836596171, 0.5780375997225443, 0.5876073638598124, 0.600996752580007, 0.5481585065523783, 0.5521548589070638, 0.5693937142690023, 0.5210864345232645, 0.5498356819152832, 0.4675065378348033, 0.51970241467158, 0.5166023969650269, 0.5268436272939047, 0.5360658168792725, 0.5750615994135538, 0.5673571825027466, 0.5553961396217346, 0.5886934796969095, 0.5176130533218384, 0.5289199749628702, 0.5366714596748352, 0.5845793088277181, 0.5528001189231873, 0.5181600451469421, 0.5664193232854208, 0.572186549504598, 0.5696677366892496, 0.6092488765716553, 0.6038251320521036, 0.5575704375902811, 0.6002649267514547, 0.5630436539649963, 0.5563254952430725, 0.5799671212832133, 0.57990562915802, 0.5758692026138306, 0.5681936343510946]}