{"rewards": [21.8, 24.48148148148148], "lengths": [21.8, 24.48148148148148], "entropies": [0.6786642074584961, 0.657768706480662]}