{"rewards": [19.21985815602837, 28.666666666666668, 41.67015706806283, 65.49579831932773, 106.32394366197182, 169.77777777777777, 217.42857142857142, 284.24, 411.5, 436.125, 450.9375, 444.25], "lengths": [19.21985815602837, 28.666666666666668, 41.67015706806283, 65.49579831932773, 106.32394366197182, 169.77777777777777, 217.42857142857142, 284.24, 411.5, 436.125, 450.9375, 444.25], "entropies": [0.6881645520528158, 0.6626201868057251, 0.634412924448649, 0.6098048289616903, 0.5948580304781595, 0.540629247824351, 0.49077775080998737, 0.46426663796106976, 0.4203425645828247, 0.3910284638404846, 0.39925161997477215, 0.39133284489313763]}