{"rewards": [26.373770491803278, 34.64069264069264, 47.12280701754386, 60.28030303030303, 114.18461538461538, 295.09090909090907, 500.0, 500.0, 497.4375, 495.0, 496.25], "lengths": [26.373770491803278, 34.64069264069264, 47.12280701754386, 60.28030303030303, 114.18461538461538, 295.09090909090907, 500, 500, 497.4375, 495, 496.25], "entropies": [0.6658955613772074, 0.632824977238973, 0.6185363531112671, 0.6163514852523804, 0.6009081999460856, 0.5090921521186829, 0.5131736199061075, 0.49415653944015503, 0.5112318197886149, 0.48492636283238727, 0.47330768903096515]}