{"rewards": [-236.1843908712206, -221.9884708806751, -283.22102632205565, -135.10803716166, -135.1818732559907, -130.84478151152436, -132.32046714561244, -137.82379539607945, -131.52147333708854], "lengths": [91.76470588235294, 90.20454545454545, 79.93939393939394, 69.93859649122807, 69.91071428571429, 67.2991452991453, 69.48672566371681, 71.96396396396396, 70.51351351351352], "entropies": [2.719312906265259, 2.7433459758758545, 2.7768099308013916, 2.5129177570343018, 2.6130073070526123, 2.6430883407592773, NaN, NaN, NaN, NaN, NaN, NaN, NaN, NaN, NaN, NaN, NaN, NaN, NaN, NaN, NaN, NaN, NaN, NaN, NaN, NaN, NaN]}