{"rewards": [30.347169811320754, 42.54255319148936, 62.614754098360656, 89.34117647058824, 160.5744680851064, 214.90625, 280.1923076923077, 351.5, 459.5882352941176, 429.125, 386.1764705882353, 408.75, 500.0, 472.9375, 500.0, 500.0, 500.0, 500.0, 480.0, 489.8125, 451.11764705882354, 498.5625, 500.0, 500.0, 476.1875], "lengths": [30.347169811320754, 42.54255319148936, 62.614754098360656, 89.34117647058824, 160.5744680851064, 214.90625, 280.1923076923077, 351.5, 459.5882352941176, 429.125, 386.1764705882353, 408.75, 500, 472.9375, 500, 500, 500, 500, 480, 489.8125, 451.11764705882354, 498.5625, 500, 500, 476.1875], "entropies": [0.6609673500061035, 0.6602213978767395, 0.6579660773277283, 0.6460601091384888, 0.6351514458656311, 0.6333636045455933, 0.6291910409927368, 0.6157430410385132, 0.610828161239624, 0.6064311265945435, 0.5953726172447205, 0.5916363000869751, 0.6026605367660522, 0.5919826030731201, 0.5890532732009888, 0.5903521776199341, 0.5833772420883179, 0.5776606798171997, 0.5891519784927368, 0.5877360701560974, 0.5885660648345947, 0.5713891983032227, 0.5635831356048584, 0.565631628036499, 0.5719468593597412, 0.5688399076461792, 0.5698974132537842, 0.559920072555542, 0.5515653491020203, 0.5498906373977661, 0.5748319625854492, 0.5659325122833252, 0.564970076084137, 0.5622843503952026, 0.5703111886978149, 0.5633608102798462, 0.5573889017105103, 0.5635681748390198, 0.5630929470062256, 0.5486153364181519, 0.547258734703064, 0.5463999509811401, 0.5514271259307861, 0.5378494262695312, 0.5494830012321472, 0.5490559339523315, 0.5444105863571167, 0.5395858883857727, 0.5648800730705261, 0.5704575777053833, 0.5616078972816467, 0.5546108484268188, 0.5460445880889893, 0.5473203063011169, 0.547095000743866, 0.5402008891105652, 0.5485244989395142, 0.5517014861106873, 0.548132061958313, 0.5531827807426453, 0.5391870737075806, 0.5393505692481995, 0.5454944372177124, 0.5468035936355591, 0.5354726314544678, 0.539705216884613, 0.5502549409866333, 0.5416508913040161, 0.5461586713790894, 0.5517416000366211, 0.5579549074172974, 0.5632088780403137, 0.5532182455062866, 0.5519914627075195, 0.5469225645065308]}