{"rewards": [-213.77463403097212, -171.30781929931868, -135.43801738303392, -125.4828065582884, -105.3644322715706, -95.50809826619808, -87.87307144626114], "lengths": [91.29069767441861, 85.0752688172043, 86.89010989010988, 94.21686746987952, 91.63095238095238, 105.04, 112.734375], "entropies": [1.3596713145573933, 1.3404288689295452, 1.350709040959676, 1.340476393699646, 1.3171722888946533, 1.2841664552688599, 1.26108451684316]}