{"rewards": [-284.2596994821491, -252.73502841704064], "lengths": [123.65079365079364, 122.63333333333334], "entropies": [2.256619453430176, 2.2194619178771973, 2.2199196815490723, 1.8474273681640625, 1.6113343238830566, 1.6603336334228516]}