{"debug": false, "env_name": "CartPole-v1", "state_dim": 4, "n_actions": 2, "continuous_control": false, "horizon": 1024, "workers": 8, "discount": 0.99, "learning_rate": 0.001, "clip": 0.2, "c_entropy": 0.009999999776482582, "c_value": 0.5, "lam": 0.95, "gradient_clipping": null, "clip_values": true, "tbptt_length": 16, "builder_function_name": "build_rnn_distinct_models", "is_recurrent": true, "iteration": 2, "current_fps": 458.5148445377969, "device": "CPU:0", "model_export_dir": "storage/saved_models/exports/", "agent_id": 1576143437, "agent_directory": "storage/saved_models/states//1576143437/", "total_frames_seen": 24576, "total_episodes_seen": 393, "episode_reward_history": [34.0, 37.0, 42.0, 38.0, 44.0, 33.0, 49.0, 71.0, 25.0, 81.0, 43.0, 35.0, 53.0, 41.0, 35.0, 32.0, 22.0, 34.0, 18.0, 34.0, 41.0, 48.0, 50.0, 47.0, 14.0, 88.0, 47.0, 37.0, 25.0, 42.0, 55.0, 37.0, 28.0, 78.0, 40.0, 41.0, 52.0, 46.0, 13.0, 17.0, 15.0, 32.0, 18.0, 93.0, 38.0, 88.0, 52.0, 36.0, 27.0, 33.0, 38.0, 27.0, 27.0, 17.0, 79.0, 10.0, 31.0, 46.0, 15.0, 90.0, 14.0, 21.0, 51.0, 63.0, 46.0, 21.0, 26.0, 68.0, 63.0, 37.0, 123.0, 41.0, 49.0, 54.0, 18.0, 65.0, 56.0, 28.0, 68.0, 38.0, 35.0, 23.0, 15.0, 41.0, 33.0, 44.0, 50.0, 24.0, 30.0, 63.0, 16.0, 43.0, 29.0, 52.0, 42.0, 19.0, 20.0, 61.0, 76.0, 48.0, 52.0, 39.0, 48.0, 50.0, 56.0, 11.0, 44.0, 33.0, 31.0, 29.0, 22.0, 24.0, 37.0, 47.0, 30.0, 49.0, 42.0, 32.0, 28.0, 58.0, 97.0, 62.0, 48.0, 16.0, 22.0, 50.0, 18.0, 12.0, 34.0, 61.0, 39.0, 44.0, 20.0, 36.0, 46.0, 58.0, 36.0, 49.0, 32.0, 45.0, 35.0, 25.0, 47.0, 43.0, 18.0, 50.0, 64.0, 49.0, 55.0, 35.0, 35.0, 54.0, 54.0, 48.0, 38.0, 45.0, 16.0, 43.0, 27.0, 12.0, 63.0, 31.0, 23.0, 43.0, 96.0, 36.0, 72.0, 14.0, 68.0, 53.0, 49.0, 25.0, 48.0, 46.0, 91.0, 34.0, 47.0, 52.0, 87.0, 24.0, 38.0, 53.0, 21.0, 37.0, 38.0, 107.0, 37.0, 47.0, 53.0, 73.0, 56.0, 35.0, 38.0, 52.0, 48.0, 72.0, 53.0, 62.0, 28.0, 54.0, 22.0, 38.0, 85.0, 36.0, 59.0, 41.0, 22.0, 46.0, 38.0, 64.0, 65.0, 100.0, 26.0, 79.0, 126.0, 33.0, 46.0, 69.0, 34.0, 49.0, 77.0, 53.0, 16.0, 51.0, 46.0, 64.0, 51.0, 60.0, 51.0, 52.0, 26.0, 20.0, 95.0, 26.0, 31.0, 27.0, 41.0, 102.0, 36.0, 92.0, 60.0, 60.0, 46.0, 48.0, 64.0, 22.0, 63.0, 26.0, 74.0, 41.0, 65.0, 24.0, 46.0, 109.0, 102.0, 32.0, 51.0, 39.0, 30.0, 23.0, 51.0, 68.0, 75.0, 83.0, 40.0, 20.0, 49.0, 61.0, 43.0, 68.0, 56.0, 12.0, 39.0, 43.0, 32.0, 92.0, 85.0, 36.0, 49.0, 41.0, 93.0, 45.0, 41.0, 33.0, 36.0, 90.0, 54.0, 40.0, 69.0, 41.0, 97.0, 89.0, 38.0, 32.0, 72.0, 44.0, 33.0, 18.0, 58.0, 62.0, 181.0, 85.0, 62.0, 116.0, 76.0, 44.0, 77.0, 76.0, 92.0, 60.0, 50.0, 121.0, 41.0, 63.0, 62.0, 98.0, 134.0, 81.0, 119.0, 44.0, 28.0, 49.0, 74.0, 95.0, 44.0, 89.0, 37.0, 69.0, 30.0, 61.0, 71.0, 16.0, 70.0, 115.0, 89.0, 96.0, 47.0, 112.0, 75.0, 27.0, 46.0, 89.0, 86.0, 90.0, 131.0, 110.0, 43.0, 45.0, 231.0, 17.0, 109.0, 68.0, 31.0, 72.0, 52.0, 152.0, 75.0, 43.0, 21.0, 105.0, 101.0, 83.0, 132.0, 57.0, 50.0, 78.0, 71.0, 27.0, 58.0, 109.0, 150.0, 34.0, 80.0, 62.0, 53.0, 94.0, 233.0, 135.0, 66.0, 67.0, 50.0, 45.0, 74.0, 19.0, 107.0, 53.0, 28.0, 44.0, 52.0, 49.0, 44.0, 117.0, 35.0], "episode_length_history": [34, 37, 42, 38, 44, 33, 49, 71, 25, 81, 43, 35, 53, 41, 35, 32, 22, 34, 18, 34, 41, 48, 50, 47, 14, 88, 47, 37, 25, 42, 55, 37, 28, 78, 40, 41, 52, 46, 13, 17, 15, 32, 18, 93, 38, 88, 52, 36, 27, 33, 38, 27, 27, 17, 79, 10, 31, 46, 15, 90, 14, 21, 51, 63, 46, 21, 26, 68, 63, 37, 123, 41, 49, 54, 18, 65, 56, 28, 68, 38, 35, 23, 15, 41, 33, 44, 50, 24, 30, 63, 16, 43, 29, 52, 42, 19, 20, 61, 76, 48, 52, 39, 48, 50, 56, 11, 44, 33, 31, 29, 22, 24, 37, 47, 30, 49, 42, 32, 28, 58, 97, 62, 48, 16, 22, 50, 18, 12, 34, 61, 39, 44, 20, 36, 46, 58, 36, 49, 32, 45, 35, 25, 47, 43, 18, 50, 64, 49, 55, 35, 35, 54, 54, 48, 38, 45, 16, 43, 27, 12, 63, 31, 23, 43, 96, 36, 72, 14, 68, 53, 49, 25, 48, 46, 91, 34, 47, 52, 87, 24, 38, 53, 21, 37, 38, 107, 37, 47, 53, 73, 56, 35, 38, 52, 48, 72, 53, 62, 28, 54, 22, 38, 85, 36, 59, 41, 22, 46, 38, 64, 65, 100, 26, 79, 126, 33, 46, 69, 34, 49, 77, 53, 16, 51, 46, 64, 51, 60, 51, 52, 26, 20, 95, 26, 31, 27, 41, 102, 36, 92, 60, 60, 46, 48, 64, 22, 63, 26, 74, 41, 65, 24, 46, 109, 102, 32, 51, 39, 30, 23, 51, 68, 75, 83, 40, 20, 49, 61, 43, 68, 56, 12, 39, 43, 32, 92, 85, 36, 49, 41, 93, 45, 41, 33, 36, 90, 54, 40, 69, 41, 97, 89, 38, 32, 72, 44, 33, 18, 58, 62, 181, 85, 62, 116, 76, 44, 77, 76, 92, 60, 50, 121, 41, 63, 62, 98, 134, 81, 119, 44, 28, 49, 74, 95, 44, 89, 37, 69, 30, 61, 71, 16, 70, 115, 89, 96, 47, 112, 75, 27, 46, 89, 86, 90, 131, 110, 43, 45, 231, 17, 109, 68, 31, 72, 52, 152, 75, 43, 21, 105, 101, 83, 132, 57, 50, 78, 71, 27, 58, 109, 150, 34, 80, 62, 53, 94, 233, 135, 66, 67, 50, 45, 74, 19, 107, 53, 28, 44, 52, 49, 44, 117, 35], "cycle_reward_history": [41.234939759036145, 51.86466165413534, 75.64893617021276], "cycle_length_history": [41.234939759036145, 51.86466165413534, 75.64893617021276], "entropy_history": [0.6251533627510071, 0.5939268072446188, 0.5844846963882446], "policy_loss_history": [1.1119695901870728, 0.3638112545013428, 0.24536591271559396], "value_loss_history": [15.889798164367676, 10.780746142069498, 4.225749492645264], "time_dicts": [{"gathering": 15.62841534614563, "communication": 0.16746830940246582, "evaluating": 0.00016427040100097656, "optimizing": 4.0454301834106445, "finalizing": 4.028785228729248}, {"gathering": 6.4486143589019775, "communication": 0.010146856307983398, "evaluating": 0.00018334388732910156, "optimizing": 1.5932679176330566, "finalizing": 4.558214902877808}, {"gathering": 5.948861122131348, "communication": 0.008649110794067383, "evaluating": 0.00012040138244628906, "optimizing": 1.4601147174835205, "finalizing": 10.448633670806885}], "underflow_history": [0.15, 0.12, 0.08]}