{"debug": false, "env_name": "CartPole-v1", "state_dim": 4, "n_actions": 2, "continuous_control": false, "horizon": 1024, "workers": 8, "discount": 0.99, "learning_rate": 0.001, "clip": 0.2, "c_entropy": 0.009999999776482582, "c_value": 0.5, "lam": 0.95, "gradient_clipping": null, "clip_values": true, "tbptt_length": 1, "builder_function_name": "build_ffn_distinct_models", "is_recurrent": false, "iteration": 1, "current_fps": 1279.539236051166, "device": "CPU:0", "model_export_dir": "storage/saved_models/exports/", "agent_id": 1575489247, "agent_directory": "storage/saved_models/states//1575489247/", "total_frames_seen": 16384, "total_episodes_seen": 541, "episode_reward_history": [15.0, 30.0, 30.0, 24.0, 13.0, 15.0, 32.0, 37.0, 34.0, 60.0, 19.0, 36.0, 57.0, 20.0, 18.0, 12.0, 21.0, 21.0, 30.0, 30.0, 58.0, 25.0, 12.0, 16.0, 32.0, 21.0, 54.0, 17.0, 40.0, 21.0, 35.0, 26.0, 15.0, 54.0, 37.0, 12.0, 19.0, 13.0, 21.0, 32.0, 33.0, 24.0, 13.0, 21.0, 24.0, 22.0, 37.0, 14.0, 19.0, 10.0, 16.0, 22.0, 20.0, 20.0, 13.0, 24.0, 15.0, 15.0, 26.0, 13.0, 59.0, 26.0, 12.0, 13.0, 19.0, 25.0, 25.0, 39.0, 21.0, 25.0, 21.0, 17.0, 14.0, 22.0, 32.0, 14.0, 20.0, 19.0, 16.0, 25.0, 12.0, 10.0, 17.0, 12.0, 50.0, 12.0, 25.0, 42.0, 11.0, 47.0, 25.0, 22.0, 22.0, 13.0, 39.0, 22.0, 21.0, 12.0, 60.0, 47.0, 16.0, 62.0, 34.0, 18.0, 32.0, 19.0, 31.0, 44.0, 28.0, 20.0, 35.0, 12.0, 16.0, 14.0, 17.0, 48.0, 13.0, 44.0, 16.0, 12.0, 15.0, 15.0, 30.0, 34.0, 20.0, 27.0, 27.0, 18.0, 31.0, 26.0, 14.0, 11.0, 18.0, 9.0, 15.0, 55.0, 20.0, 18.0, 15.0, 18.0, 17.0, 10.0, 34.0, 23.0, 29.0, 32.0, 15.0, 23.0, 33.0, 28.0, 16.0, 61.0, 13.0, 16.0, 22.0, 21.0, 34.0, 18.0, 11.0, 19.0, 67.0, 10.0, 28.0, 23.0, 23.0, 39.0, 16.0, 87.0, 17.0, 35.0, 21.0, 13.0, 16.0, 22.0, 40.0, 25.0, 18.0, 30.0, 14.0, 33.0, 26.0, 29.0, 9.0, 24.0, 23.0, 25.0, 53.0, 20.0, 33.0, 16.0, 43.0, 10.0, 16.0, 71.0, 13.0, 13.0, 30.0, 19.0, 14.0, 21.0, 28.0, 13.0, 28.0, 17.0, 17.0, 32.0, 17.0, 47.0, 15.0, 31.0, 18.0, 14.0, 19.0, 47.0, 15.0, 24.0, 26.0, 29.0, 14.0, 18.0, 20.0, 14.0, 26.0, 26.0, 25.0, 10.0, 13.0, 19.0, 13.0, 18.0, 40.0, 14.0, 12.0, 12.0, 33.0, 12.0, 11.0, 20.0, 29.0, 12.0, 17.0, 28.0, 14.0, 28.0, 15.0, 34.0, 13.0, 35.0, 24.0, 25.0, 13.0, 42.0, 17.0, 17.0, 21.0, 9.0, 16.0, 28.0, 14.0, 47.0, 14.0, 40.0, 28.0, 35.0, 44.0, 42.0, 10.0, 17.0, 12.0, 12.0, 36.0, 11.0, 27.0, 21.0, 18.0, 17.0, 66.0, 23.0, 16.0, 51.0, 39.0, 17.0, 13.0, 17.0, 10.0, 10.0, 17.0, 20.0, 9.0, 15.0, 15.0, 33.0, 18.0, 15.0, 27.0, 13.0, 26.0, 24.0, 46.0, 9.0, 15.0, 25.0, 27.0, 21.0, 21.0, 19.0, 24.0, 34.0, 23.0, 19.0, 22.0, 45.0, 10.0, 22.0, 20.0, 21.0, 32.0, 18.0, 9.0, 17.0, 25.0, 14.0, 14.0, 33.0, 11.0, 58.0, 21.0, 34.0, 14.0, 14.0, 23.0, 24.0, 45.0, 23.0, 22.0, 29.0, 30.0, 20.0, 30.0, 31.0, 30.0, 109.0, 52.0, 33.0, 33.0, 11.0, 21.0, 55.0, 64.0, 41.0, 29.0, 15.0, 93.0, 15.0, 12.0, 11.0, 53.0, 115.0, 54.0, 20.0, 16.0, 42.0, 42.0, 22.0, 52.0, 43.0, 30.0, 26.0, 82.0, 35.0, 36.0, 66.0, 54.0, 30.0, 11.0, 54.0, 16.0, 72.0, 15.0, 41.0, 87.0, 78.0, 26.0, 46.0, 28.0, 16.0, 47.0, 31.0, 28.0, 36.0, 13.0, 60.0, 71.0, 67.0, 61.0, 20.0, 19.0, 93.0, 26.0, 50.0, 33.0, 12.0, 25.0, 29.0, 19.0, 29.0, 10.0, 42.0, 52.0, 24.0, 44.0, 67.0, 41.0, 19.0, 26.0, 39.0, 48.0, 29.0, 56.0, 55.0, 25.0, 26.0, 13.0, 31.0, 79.0, 28.0, 33.0, 45.0, 23.0, 29.0, 34.0, 22.0, 24.0, 18.0, 34.0, 18.0, 48.0, 50.0, 19.0, 18.0, 32.0, 18.0, 28.0, 35.0, 111.0, 26.0, 38.0, 23.0, 22.0, 11.0, 20.0, 41.0, 18.0, 19.0, 100.0, 47.0, 45.0, 32.0, 23.0, 53.0, 21.0, 38.0, 25.0, 15.0, 102.0, 34.0, 53.0, 21.0, 46.0, 45.0, 45.0, 30.0, 62.0, 20.0, 118.0, 85.0, 68.0, 38.0, 68.0, 18.0, 17.0, 22.0, 50.0, 28.0, 54.0, 11.0, 51.0, 58.0, 14.0, 13.0, 29.0, 44.0, 10.0, 63.0, 22.0, 23.0, 48.0, 34.0, 17.0, 83.0, 114.0, 72.0, 50.0, 80.0, 88.0, 13.0, 34.0, 49.0, 30.0, 40.0, 19.0, 12.0, 18.0, 10.0, 16.0, 18.0, 36.0, 47.0, 65.0, 14.0, 17.0, 34.0, 23.0, 42.0, 23.0, 55.0, 15.0, 44.0, 19.0, 61.0, 18.0, 101.0, 42.0, 29.0, 72.0, 23.0, 55.0, 41.0, 41.0, 25.0, 18.0], "episode_length_history": [15, 30, 30, 24, 13, 15, 32, 37, 34, 60, 19, 36, 57, 20, 18, 12, 21, 21, 30, 30, 58, 25, 12, 16, 32, 21, 54, 17, 40, 21, 35, 26, 15, 54, 37, 12, 19, 13, 21, 32, 33, 24, 13, 21, 24, 22, 37, 14, 19, 10, 16, 22, 20, 20, 13, 24, 15, 15, 26, 13, 59, 26, 12, 13, 19, 25, 25, 39, 21, 25, 21, 17, 14, 22, 32, 14, 20, 19, 16, 25, 12, 10, 17, 12, 50, 12, 25, 42, 11, 47, 25, 22, 22, 13, 39, 22, 21, 12, 60, 47, 16, 62, 34, 18, 32, 19, 31, 44, 28, 20, 35, 12, 16, 14, 17, 48, 13, 44, 16, 12, 15, 15, 30, 34, 20, 27, 27, 18, 31, 26, 14, 11, 18, 9, 15, 55, 20, 18, 15, 18, 17, 10, 34, 23, 29, 32, 15, 23, 33, 28, 16, 61, 13, 16, 22, 21, 34, 18, 11, 19, 67, 10, 28, 23, 23, 39, 16, 87, 17, 35, 21, 13, 16, 22, 40, 25, 18, 30, 14, 33, 26, 29, 9, 24, 23, 25, 53, 20, 33, 16, 43, 10, 16, 71, 13, 13, 30, 19, 14, 21, 28, 13, 28, 17, 17, 32, 17, 47, 15, 31, 18, 14, 19, 47, 15, 24, 26, 29, 14, 18, 20, 14, 26, 26, 25, 10, 13, 19, 13, 18, 40, 14, 12, 12, 33, 12, 11, 20, 29, 12, 17, 28, 14, 28, 15, 34, 13, 35, 24, 25, 13, 42, 17, 17, 21, 9, 16, 28, 14, 47, 14, 40, 28, 35, 44, 42, 10, 17, 12, 12, 36, 11, 27, 21, 18, 17, 66, 23, 16, 51, 39, 17, 13, 17, 10, 10, 17, 20, 9, 15, 15, 33, 18, 15, 27, 13, 26, 24, 46, 9, 15, 25, 27, 21, 21, 19, 24, 34, 23, 19, 22, 45, 10, 22, 20, 21, 32, 18, 9, 17, 25, 14, 14, 33, 11, 58, 21, 34, 14, 14, 23, 24, 45, 23, 22, 29, 30, 20, 30, 31, 30, 109, 52, 33, 33, 11, 21, 55, 64, 41, 29, 15, 93, 15, 12, 11, 53, 115, 54, 20, 16, 42, 42, 22, 52, 43, 30, 26, 82, 35, 36, 66, 54, 30, 11, 54, 16, 72, 15, 41, 87, 78, 26, 46, 28, 16, 47, 31, 28, 36, 13, 60, 71, 67, 61, 20, 19, 93, 26, 50, 33, 12, 25, 29, 19, 29, 10, 42, 52, 24, 44, 67, 41, 19, 26, 39, 48, 29, 56, 55, 25, 26, 13, 31, 79, 28, 33, 45, 23, 29, 34, 22, 24, 18, 34, 18, 48, 50, 19, 18, 32, 18, 28, 35, 111, 26, 38, 23, 22, 11, 20, 41, 18, 19, 100, 47, 45, 32, 23, 53, 21, 38, 25, 15, 102, 34, 53, 21, 46, 45, 45, 30, 62, 20, 118, 85, 68, 38, 68, 18, 17, 22, 50, 28, 54, 11, 51, 58, 14, 13, 29, 44, 10, 63, 22, 23, 48, 34, 17, 83, 114, 72, 50, 80, 88, 13, 34, 49, 30, 40, 19, 12, 18, 10, 16, 18, 36, 47, 65, 14, 17, 34, 23, 42, 23, 55, 15, 44, 19, 61, 18, 101, 42, 29, 72, 23, 55, 41, 41, 25, 18], "cycle_reward_history": [24.145833333333332, 38.97073170731707], "cycle_length_history": [24.145833333333332, 38.97073170731707], "entropy_history": [0.6763975024223328, 0.6740344166755676, 0.6726175546646118, 0.6404069662094116, 0.6335057020187378, 0.6313772201538086], "policy_loss_history": [-0.018860390409827232, -0.02354777231812477, -0.025897987186908722, -0.0244346484541893, -0.030252642929553986, -0.03151886537671089], "value_loss_history": [25.23295021057129, 7.026655197143555, 5.620634078979492, 20.609703063964844, 16.435762405395508, 15.346546173095703], "time_dicts": [{"gathering": 13.62967586517334, "communication": 0.18683695793151855, "evaluating": 0.0003352165222167969, "optimizing": 2.083469867706299, "finalizing": 0.4561328887939453}, {"gathering": 4.982420921325684, "communication": 0.00878286361694336, "evaluating": 0.0001888275146484375, "optimizing": 0.9566607475280762, "finalizing": 0.4542512893676758}]}