{"rewards": [-369.6319255249974, -351.81118769355055, -352.5769735505146, -351.0839647712003, -363.46689697767573, -369.25110191967525, -366.7494926458463, -351.56584414341694, -365.9584620587096, -369.8807700277376, -348.65657919177994, -358.9784114267723, -366.575382052385, -354.87854075287106], "lengths": [80.57731958762886, 87.03333333333333, 86.43956043956044, 82.16842105263157, 82.61458333333333, 84.01075268817205, 83.09473684210526, 83.19354838709677, 87.35555555555555, 84.26881720430107, 87.52222222222223, 86.65217391304348, 83.30851063829788, 84.63440860215054], "entropies": [1.9687004089355469, 1.9687004089355469, 1.9687004089355469, 1.9170653820037842, 1.9170653820037842, 1.9170653820037842, 1.9209409952163696, 1.9209409952163696, 1.9209409952163696, 1.959976315498352, 1.959976315498352, 1.959976315498352, 1.9748778343200684, 1.9748778343200684, 1.9748778343200684, 2.0315120220184326, 2.0315120220184326, 2.0315120220184326, 1.9556941986083984, 1.9556941986083984, 1.9556941986083984, 1.9182071685791016, 1.9182071685791016, 1.9182071685791016, 1.9219928979873657, 1.9219928979873657, 1.9219928979873657, 1.9933390617370605, 1.9933390617370605, 1.9933390617370605, 1.991464376449585, 1.991464376449585, 1.991464376449585, 1.9865968227386475, 1.9865968227386475, 1.9865968227386475, 1.9945693016052246, 1.9945693016052246, 1.9945693016052246, 1.940281629562378, 1.940281629562378, 1.940281629562378]}