{"rewards": [21.75603217158177, 23.13714285714286, 22.98583569405099, 22.680790960451976, 23.664723032069972, 23.08595988538682, 23.014245014245013, 25.115625], "lengths": [21.75603217158177, 23.13714285714286, 22.98583569405099, 22.680790960451976, 23.664723032069972, 23.08595988538682, 23.014245014245013, 25.115625], "entropies": [NaN, NaN, NaN, NaN, NaN, NaN, NaN, NaN, NaN, NaN, NaN, NaN, NaN, NaN, NaN, NaN, NaN, NaN, NaN, NaN, NaN, NaN, NaN, NaN]}