{"rewards": [17.37473233404711, 16.96421052631579, 17.70305676855895], "lengths": [17.37473233404711, 16.96421052631579, 17.70305676855895], "entropies": [NaN, NaN, NaN, NaN, NaN, NaN, NaN, NaN, NaN]}