{"rewards": [20.044444444444444, 26.677419354838708, 25.93548387096774], "lengths": [20.044444444444444, 26.677419354838708, 25.93548387096774], "entropies": [0.6827508608500162, 0.6738330920537313, 0.6557630300521851]}