{"rewards": [16.732142857142858, 18.893617021276597, 28.53125, 31.923076923076923, 33.94444444444444, 59.833333333333336, 70.9], "lengths": [16.732142857142858, 18.893617021276597, 28.53125, 31.923076923076923, 33.94444444444444, 59.833333333333336, 70.9], "entropies": [0.6907061139742533, 0.688877006371816, 0.6765780448913574, 0.6543658375740051, 0.6432784795761108, 0.6382913192113241, 0.6206944982210795]}