{"rewards": [-387.1654873503671, -397.8085283608339, -356.3482637036167, -214.39897878051286, -218.1891694500657, -146.06476936951967], "lengths": [106.625, 93.5, 98.75, 100.71428571428571, 102.33333333333333, 96], "entropies": [1.7110739946365356, 1.6819974184036255, 1.7397313117980957, 1.4030448198318481, 1.3744966983795166, 1.3776007890701294, 1.0957695245742798, 1.145345687866211, 1.1153647899627686, 1.1418445110321045, 1.054137945175171, 1.0474885702133179, 1.0160514116287231, 0.7672914266586304, 0.8772690296173096, 0.786800742149353, 0.6427784562110901, 0.5891191959381104]}