{"rewards": [-249.14716146694383, -244.92365755230315, -248.99753869760093, -315.3989513058342, -268.3922308708462, -216.36393983447675, -110.36807209948691, -223.63186491246262, -159.4298893742921], "lengths": [93.33333333333333, 88.66666666666667, 108.5, 109.14285714285714, 110.16666666666667, 96.16666666666667, 93.57142857142857, 103.66666666666667, 102.5], "entropies": [1.6890839338302612, 1.6890665292739868, 1.7359089851379395, 1.6821577548980713, 1.5299131870269775, 1.6132159233093262, 1.5108157396316528, 1.337278127670288, 1.4080750942230225, 1.447298526763916, 1.3419137001037598, 1.277656078338623, 1.229766845703125, 1.0947625637054443, 1.1081039905548096, 1.0301988124847412, 0.9409769773483276, 1.0313103199005127, 1.0924814939498901, 1.1388318538665771, 1.0179846286773682, 1.0217320919036865, 0.9020214080810547, 0.9610894918441772, 0.8683871030807495, 0.8434755802154541, 0.7399170994758606]}