{"rewards": [-621.6482931084224, -645.6791979331314], "lengths": [108.89855072463769, 140.66037735849056], "entropies": [2.6398682594299316, 2.637495279312134, 2.615935802459717, 2.352606773376465, 2.478844165802002, 2.472745656967163]}