{"rewards": [25.398119122257054, 30.19402985074627], "lengths": [25.398119122257054, 30.19402985074627], "entropies": [0.6821120977401733, 0.6799663305282593, 0.6797295808792114, 0.6631261706352234, 0.6593633890151978, 0.657060444355011]}