{"rewards": [25.075, 29.26181818181818, 36.15111111111111, 45.6551724137931, 47.70909090909091, 50.357142857142854, 62.24409448818898, 68.13793103448276, 77.02061855670104, 88.92941176470588, 89.3409090909091, 92.1951219512195, 125.16666666666667, 128.10169491525423, 124.46666666666667, 119.04838709677419, 126.0327868852459, 154.7826086956522, 141.42307692307693, 145.0, 130.66101694915255, 148.54, 156.04166666666666, 158.95833333333334, 174.67441860465115, 166.13636363636363], "lengths": [25.075, 29.26181818181818, 36.15111111111111, 45.6551724137931, 47.70909090909091, 50.357142857142854, 62.24409448818898, 68.13793103448276, 77.02061855670104, 88.92941176470588, 89.3409090909091, 92.1951219512195, 125.16666666666667, 128.10169491525423, 124.46666666666667, 119.04838709677419, 126.0327868852459, 154.7826086956522, 141.42307692307693, 145, 130.66101694915255, 148.54, 156.04166666666666, 158.95833333333334, 174.67441860465115, 166.13636363636363], "entropies": [0.6880741119384766, 0.6787457466125488, 0.6677073240280151, 0.672378659248352, 0.6649307012557983, 0.6563769578933716, 0.6547560691833496, 0.6449505090713501, 0.6356626152992249, 0.6441205739974976, 0.6406426429748535, 0.6377696990966797, 0.6293995380401611, 0.6253232955932617, 0.6206943988800049, 0.6215682625770569, 0.6183733940124512, 0.6152554750442505, 0.6088513731956482, 0.6054853200912476, 0.6024307012557983, 0.612269937992096, 0.6071792244911194, 0.6007325649261475, 0.6207917928695679, 0.6206649541854858, 0.6197593212127686, 0.6267054080963135, 0.6264949440956116, 0.6256815195083618, 0.5823560357093811, 0.5788133144378662, 0.5748968124389648, 0.6047935485839844, 0.6012051701545715, 0.5975961685180664, 0.593477189540863, 0.5873576402664185, 0.579828679561615, 0.610834002494812, 0.6044324636459351, 0.5953607559204102, 0.5971680283546448, 0.5929099917411804, 0.5884003639221191, 0.6000317335128784, 0.5959405899047852, 0.5890307426452637, 0.5740912556648254, 0.5731914639472961, 0.5721130967140198, 0.6033878326416016, 0.6048938632011414, 0.6055019497871399, 0.6143890619277954, 0.6131420731544495, 0.6132157444953918, 0.57973313331604, 0.5756700038909912, 0.569456934928894, 0.5613656044006348, 0.5542694330215454, 0.5461269617080688, 0.58050137758255, 0.5736593008041382, 0.5720528364181519, 0.5735119581222534, 0.5711326003074646, 0.5693260431289673, 0.5557430982589722, 0.5543524026870728, 0.5509096384048462, 0.6008514165878296, 0.5997990369796753, 0.5988225936889648, 0.5077248811721802, 0.471569687128067, 0.46449756622314453]}