{"rewards": [-182.15032681464515, -214.19195188973697, -197.83972512957553, -191.08289073522542, -160.78511220472896, -177.39004571402648, -194.95774856291214, -198.59768047512688, -169.88171590517754, -146.22911007659505, -145.86189299434426, -147.47363524447113, -141.65177229697645, -146.98264496289903, -136.83959010100878, -97.1175502291115, -134.77204394073846], "lengths": [85.07608695652173, 83.29787234042553, 86.80898876404494, 86.27472527472527, 88.60759493670886, 88.88505747126437, 93.79729729729729, 94.26829268292683, 92.03529411764706, 90.55172413793103, 89.4494382022472, 92.36470588235294, 113.97014925373135, 97.05128205128206, 107.70270270270271, 112.01428571428572, 125.79661016949153], "entropies": [1.3699400424957275, 1.3714855909347534, 1.37322199344635, 1.3738372325897217, 1.3748869895935059, 1.375313639640808, 1.3677974939346313, 1.3660330772399902, 1.36394202709198, 1.3660863637924194, 1.3668192625045776, 1.36770761013031, 1.3673409223556519, 1.3675580024719238, 1.3664562702178955, 1.3620734214782715, 1.3601617813110352, 1.358284592628479, 1.3622239828109741, 1.3624649047851562, 1.3634227514266968, 1.365861177444458, 1.366878867149353, 1.3674161434173584, 1.3609291315078735, 1.3609203100204468, 1.3610930442810059, 1.3660557270050049, 1.3626103401184082, 1.3565139770507812, 1.3382422924041748, 1.334499478340149, 1.3305623531341553, 1.3545327186584473, 1.349452018737793, 1.3449389934539795, 1.3162802457809448, 1.3153510093688965, 1.30620539188385, 1.3281136751174927, 1.3186395168304443, 1.3160773515701294, 1.2803528308868408, 1.2872469425201416, 1.2904653549194336, 1.336957573890686, 1.3239240646362305, 1.3106110095977783, 1.2640674114227295, 1.2589890956878662, 1.2565432786941528]}