{"rewards": [-379.2513879536604, -461.78795089938126, -534.8653142642868, -518.4034006751949, -532.10610614391, -429.42443853242503, -470.769106804244, -472.80954703973674, -321.6283106508612, -365.4185116863172, -456.5245460224104, -282.98042346837656, -211.6270212859022, -264.0556702128095, -102.1375402735144, -171.34381818934793, -182.189077863519], "lengths": [93.33333333333333, 88.4, 99.8, 96.71428571428571, 89, 104.75, 89.16666666666667, 96.83333333333333, 100.6, 103.4, 101.6, 103, 100.16666666666667, 104.75, 98.33333333333333, 91.66666666666667, 88.4], "entropies": [2.065617084503174, 2.0390238761901855, 1.932996153831482, 1.7880635261535645, 1.9294307231903076, 1.8486394882202148, 1.611294150352478, 1.519029140472412, 1.5398826599121094, 1.6426515579223633, 1.4654370546340942, 1.4637221097946167, 1.6401088237762451, 1.6122597455978394, 1.6145706176757812, 1.220137596130371, 1.1353342533111572, 1.0429521799087524, 1.2905572652816772, 1.2810344696044922, 1.2637079954147339, 1.504021167755127, 1.3819689750671387, 1.377759575843811, 1.2847473621368408, 1.2637697458267212, 1.2088708877563477, 1.1296961307525635, 1.1895021200180054, 1.1648573875427246, 1.4173345565795898, 1.4554131031036377, 1.564135193824768, 1.4834551811218262, 1.6905311346054077, 1.6359963417053223, 1.766662359237671, 1.8286643028259277, 1.8729424476623535, 1.498223066329956, 1.8111481666564941, 1.640589714050293, 2.1300835609436035, 2.124925136566162, 2.034393787384033, 1.9423173666000366, 2.1449530124664307, 2.1187584400177, 2.324414014816284, 2.1358144283294678, 2.101954460144043]}