{"rewards": [95.34049563841837, 99.17774706527966, 94.18301972707634, 95.75568408847661, 95.27886927065909, 96.86239900234095, 97.33073924780554, 101.81186648144339], "lengths": [19.70145631067961, 20.445843828715365, 19.383333333333333, 19.721549636803875, 19.646489104116224, 19.94103194103194, 20.04679802955665, 20.874358974358973], "entropies": [18.335874557495117, 18.795142491658527, 18.875603357950848, 18.89783986409505, 18.921815236409504, 18.988770802815754, 19.023685455322266, 19.071453094482422]}