{"rewards": [-486.5474140566911, -513.855318754161, -461.36516462698796, -439.09682898279175, -405.4833335756684, -362.83860525902617, -372.1063749107528, -370.20799099604505, -402.8326268209994, -364.5129507181268, -357.7996603513399, -358.8049802244775, -401.7345610541256, -363.9414152457083, -375.97590338792514, -370.9555546591104, -349.6817906558178, -332.7985709526388, -392.39148046652235, -364.90766182134905, -360.0367650483901, -335.06585408315595, -351.42788243511313, -363.40383073488994, -393.09303227951614, -396.6512798362676, -341.11306470606974, -378.3882601728374, -374.0242151772674, -379.19255523696216, -378.4375773540189, -346.06436033079996, -356.8660465280637, -392.8347620070016, -373.8217979218501, -380.4793058578967, -374.38392781356424, -373.4304420116469, -355.88105808508897, -355.6890412638526, -387.80946621773546, -358.47620105664424, -409.35277074412045, -332.58042681819416, -366.6707228755366, -347.5523708022888, -342.0141687209703, -413.01430168591725], "lengths": [136.69642857142858, 116.5625, 113.23529411764706, 121.2741935483871, 124.0952380952381, 124.58333333333333, 123.09677419354838, 123.77049180327869, 128.1, 123, 115.82539682539682, 120.40625, 121.796875, 125.61290322580645, 122.2, 118.63636363636364, 120.61538461538461, 117.41269841269842, 118.03389830508475, 111.18840579710145, 124.19354838709677, 129.18333333333334, 121.70491803278688, 126.83870967741936, 112.57575757575758, 121.80952380952381, 125.0701754385965, 121.7936507936508, 113.20289855072464, 126.43333333333334, 122.44444444444444, 122.96774193548387, 119.04761904761905, 111.56521739130434, 122.77049180327869, 122.65079365079364, 128.91525423728814, 121.61904761904762, 125.09836065573771, 115.65151515151516, 123, 125.77049180327869, 122.39344262295081, 121.70967741935483, 111.95588235294117, 124.49152542372882, 116.015625, 114], "entropies": [1.9503636360168457, 2.4494104385375977, 3.1064207553863525, 3.907207727432251, 4.919069766998291, 6.059706687927246, 7.075700759887695, 9.067739486694336, 10.307804107666016, 11.751458168029785, 13.788301467895508, 16.140119552612305, 18.560550689697266, 20.941509246826172, 23.170827865600586, 25.416805267333984, 27.886737823486328, 30.398040771484375, 32.24498748779297, 34.51976776123047, 36.917991638183594, 39.72154235839844, 41.95109176635742, 43.972557067871094, 46.220794677734375, 48.27762985229492, 50.625980377197266, 52.64409637451172, 54.49374771118164, 56.47360610961914, 58.57200622558594, 60.56565856933594, 62.260169982910156, 64.31180572509766, 66.234619140625, 67.66902160644531, 68.84635925292969, 69.63648986816406, 70.466552734375, 71.49591827392578, 72.90092468261719, 73.93563842773438, 74.86952209472656, 75.66873931884766, 76.51799011230469, 77.56761932373047, 78.63444519042969, 79.5307846069336, 80.51348876953125, 81.6661376953125, 82.96627044677734, 84.4228515625, 85.70608520507812, 86.3774642944336, 86.97972106933594, 87.38065338134766, 87.4748764038086, 87.68341064453125, 87.71824645996094, 87.7532958984375, 87.77091979980469, 87.79755401611328, 87.82455444335938, 87.74374389648438, 87.78756713867188, 87.83183288574219, 87.93998718261719, 88.04179382324219, 88.16255187988281, 88.34008026123047, 88.34613037109375, 88.35090637207031, 88.33812713623047, 88.35516357421875, 88.37431335449219, 88.36724853515625, 88.40394592285156, 88.4447021484375, 88.23242950439453, Infinity, Infinity, Infinity, Infinity, Infinity, Infinity, Infinity, Infinity, Infinity, Infinity, Infinity, Infinity, Infinity, Infinity, Infinity, Infinity, Infinity, Infinity, Infinity, Infinity, Infinity, Infinity, Infinity, Infinity, Infinity, Infinity, Infinity, Infinity, Infinity, Infinity, Infinity, Infinity, Infinity, Infinity, Infinity, Infinity, Infinity, Infinity, Infinity, Infinity, Infinity, Infinity, Infinity, Infinity, Infinity, Infinity, Infinity, Infinity, Infinity, Infinity, Infinity, Infinity, Infinity, Infinity, Infinity, Infinity, Infinity, Infinity, Infinity, Infinity, Infinity, Infinity, Infinity, Infinity, Infinity]}