{"rewards": [-102.73815896480181, -170.9609436319256, -107.1971346387115, -147.40902731751842, -140.46810488910202, -242.17326580724472, -185.98916770318147, -212.08309782372294, -244.88399031714232, -240.63555215365488, -286.97254317598015, -91.94264127352915, -246.31636800646146, -302.5419584902603, -246.6902413018272, -269.5204590518809, -198.98375427883093, -107.82387580876471], "lengths": [83.5, 96.25, 87.14285714285714, 100.75, 99.125, 110.5, 101.5, 91.57142857142857, 91.625, 102.625, 107.5, 94.57142857142857, 100.75, 105.75, 101.71428571428571, 101.33333333333333, 90, 91], "entropies": [1.6836025714874268, 1.501382827758789, 1.514371395111084, 1.3617600202560425, 1.0830717086791992, 1.3119680881500244, 1.1589659452438354, 1.1802538633346558, 1.0981148481369019, 1.1616284847259521, 1.189979076385498, 1.200296401977539, 1.3436481952667236, 1.2923824787139893, 1.333277702331543, 1.4634151458740234, 1.51139497756958, 1.5761463642120361, 1.726830005645752, 1.6135239601135254, 1.6657495498657227, 1.6990833282470703, 1.7986054420471191, 1.8580248355865479, 1.7761006355285645, 1.9018303155899048, 1.9115389585494995, 1.901269793510437, 1.975249171257019, 2.0534415245056152, 2.1733546257019043, 2.088033437728882, 1.9840209484100342, 1.826897382736206, 1.9183642864227295, 1.9502780437469482, 1.9503824710845947, 2.3185572624206543, 2.1597514152526855, 2.1644034385681152, 2.151674509048462, 2.274794816970825, 2.210418462753296, 2.1215763092041016, 2.0495195388793945, 2.0337748527526855, 2.0732429027557373, 2.1067302227020264, 2.052495002746582, 2.180739402770996, 2.140230178833008, 1.997637152671814, 2.0419745445251465, 2.131537914276123]}