{"rewards": [17.61904761904762, 18.71794871794872, 20.43243243243243, 26.2, 34.54545454545455, 32.958333333333336], "lengths": [17.61904761904762, 18.71794871794872, 20.43243243243243, 26.2, 34.54545454545455, 32.958333333333336], "entropies": [0.684628963470459, 0.6878517071406046, 0.6850799918174744, 0.6352657477060953, 0.6522191166877747, 0.5769510269165039]}