{"rewards": [19.661016949152543, 23.318840579710145, 34.21459227467811, 37.18518518518518, 49.44871794871795, 47.84472049689441, 67.01694915254237, 67.42241379310344, 76.96078431372548, 90.34117647058824, 104.25, 113.12698412698413, 138.05769230769232, 168.73809523809524, 172.79545454545453, 171.45238095238096, 155.24489795918367, 150.2549019607843, 195.13513513513513], "lengths": [19.661016949152543, 23.318840579710145, 34.21459227467811, 37.18518518518518, 49.44871794871795, 47.84472049689441, 67.01694915254237, 67.42241379310344, 76.96078431372548, 90.34117647058824, 104.25, 113.12698412698413, 138.05769230769232, 168.73809523809524, 172.79545454545453, 171.45238095238096, 155.24489795918367, 150.2549019607843, 195.13513513513513], "entropies": [0.691897988319397, 0.6910668015480042, 0.6844202876091003, 0.6853250861167908, 0.6761288642883301, 0.6659748554229736, 0.678581714630127, 0.6759000420570374, 0.6729296445846558, 0.6617439985275269, 0.6557039022445679, 0.648460865020752, 0.655807614326477, 0.6516726016998291, 0.648276686668396, 0.6275724172592163, 0.6194202899932861, 0.6113905906677246, 0.6144548058509827, 0.6134253740310669, 0.6129096746444702, 0.5947777628898621, 0.5917863845825195, 0.5885990858078003, 0.6502233743667603, 0.6502811908721924, 0.650283932685852, 0.6291887760162354, 0.6282771825790405, 0.6273600459098816, 0.630584716796875, 0.6277057528495789, 0.6241917610168457, 0.6022070646286011, 0.5945109128952026, 0.5844771862030029, 0.5573938488960266, 0.5545240044593811, 0.5527923107147217, 0.5898152589797974, 0.5846635103225708, 0.5785372257232666, 0.5917251706123352, 0.5904114246368408, 0.5878477096557617, 0.5828422904014587, 0.5679789781570435, 0.561284065246582, 0.6190172433853149, 0.6044185757637024, 0.5899717807769775, 0.562627911567688, 0.5612826347351074, 0.5592030882835388, 0.6197016835212708, 0.6187524795532227, 0.6177189350128174]}