{"rewards": [21.239473684210527, 26.92, 34.0, 34.37931034482759, 41.56315789473684], "lengths": [21.239473684210527, 26.92, 34, 34.37931034482759, 41.56315789473684], "entropies": [0.692392110824585, 0.6899641752243042, 0.6845253109931946, 0.6728084087371826, 0.663489043712616, 0.6542924642562866, 0.6769624352455139, 0.6738276481628418, 0.6704721450805664, 0.6570753455162048, 0.6513047814369202, 0.6442461013793945, 0.64012610912323, 0.6331800222396851, 0.6268552541732788]}