{"rewards": [13.37049180327869, 16.180914512922467], "lengths": [13.37049180327869, 16.180914512922467], "entropies": [0.6197904348373413, 0.6309942007064819, 0.6351832747459412, 0.6808595657348633, 0.6801578402519226, 0.6806450486183167]}