{"rewards": [20.068181818181817, 21.86046511627907], "lengths": [20.068181818181817, 21.86046511627907], "entropies": [0.6878944635391235, 0.685028076171875, 0.6850680112838745, 0.6779845952987671, 0.6788383722305298, 0.6811721324920654]}