{"rewards": [-257.12539058869555, -215.32103558403895, -217.02680517552346, -378.24442395371176, -267.43851539587104, -306.6527954003952, -289.22548359493425, -336.1176693668234, -210.12058893678292, -309.44544598348233, -318.7800047916199, -267.8403590584664, -389.8905750037351], "lengths": [99.75, 94.28571428571429, 99.33333333333333, 95, 97, 100, 90.2, 103.66666666666667, 111.2, 103.25, 96.75, 111.6, 87.75], "entropies": [2.3444669246673584, 1.8179481426874797, 2.5171711444854736, 1.9879532257715862, 1.723074992497762, 1.1625692049662273, 1.0937970876693726, 0.9667215347290039, 1.198116381963094, 0.9724445144335429, 0.716905931631724, 1.3790806929270427, -0.6618385314941406]}