{"rewards": [-174.10997824173822, -131.33489872279648, -104.93469133469257, -94.8396639705641, -97.0180315915613, -91.40279487518919, -99.71421040358923], "lengths": [85.33333333333333, 89.34482758620689, 87.63333333333334, 92.21176470588236, 102.98701298701299, 101.51948051948052, 104.36486486486487], "entropies": [1.319936752319336, 1.3257659673690796, 1.3291282653808594, 1.3173259496688843, 1.2912883758544922, 1.2957699298858643, 1.2735646963119507, 1.2806462049484253, 1.2917981147766113, 1.287915825843811, 1.2961210012435913, 1.2785810232162476, 1.2345151901245117, 1.2209371328353882, 1.221662998199463, 1.235194206237793, 1.2268656492233276, 1.1975955963134766, 1.2256674766540527, 1.2186402082443237, 1.20176100730896]}