{"debug": false, "env_name": "CartPole-v1", "state_dim": 4, "n_actions": 2, "continuous_control": false, "horizon": 1024, "workers": 8, "discount": 0.99, "learning_rate": 0.001, "clip": 0.2, "c_entropy": 0.009999999776482582, "c_value": 0.5, "lam": 0.95, "gradient_clipping": null, "clip_values": true, "tbptt_length": 1, "builder_function_name": "build_ffn_distinct_models", "is_recurrent": false, "iteration": 1, "current_fps": 1202.2788034393554, "device": "CPU:0", "model_export_dir": "storage/saved_models/exports/", "agent_id": 1575489311, "agent_directory": "storage/saved_models/states//1575489311/", "total_frames_seen": 16384, "total_episodes_seen": 461, "episode_reward_history": [25.0, 21.0, 33.0, 32.0, 24.0, 24.0, 21.0, 16.0, 60.0, 12.0, 40.0, 20.0, 29.0, 18.0, 11.0, 34.0, 42.0, 14.0, 34.0, 34.0, 13.0, 71.0, 23.0, 15.0, 37.0, 28.0, 42.0, 62.0, 23.0, 19.0, 16.0, 28.0, 22.0, 22.0, 22.0, 67.0, 57.0, 25.0, 31.0, 74.0, 19.0, 60.0, 22.0, 42.0, 81.0, 86.0, 19.0, 47.0, 16.0, 24.0, 33.0, 23.0, 23.0, 65.0, 54.0, 13.0, 15.0, 29.0, 22.0, 49.0, 17.0, 39.0, 77.0, 21.0, 12.0, 49.0, 18.0, 30.0, 23.0, 16.0, 28.0, 20.0, 20.0, 15.0, 18.0, 22.0, 11.0, 28.0, 12.0, 40.0, 33.0, 24.0, 33.0, 52.0, 24.0, 16.0, 39.0, 28.0, 49.0, 30.0, 67.0, 26.0, 34.0, 33.0, 15.0, 36.0, 26.0, 15.0, 25.0, 22.0, 19.0, 48.0, 30.0, 31.0, 59.0, 25.0, 25.0, 13.0, 30.0, 29.0, 33.0, 40.0, 54.0, 14.0, 40.0, 43.0, 19.0, 54.0, 26.0, 9.0, 42.0, 21.0, 14.0, 20.0, 42.0, 40.0, 22.0, 15.0, 18.0, 16.0, 45.0, 27.0, 16.0, 19.0, 51.0, 14.0, 23.0, 49.0, 25.0, 14.0, 31.0, 22.0, 45.0, 19.0, 23.0, 21.0, 44.0, 47.0, 14.0, 19.0, 21.0, 43.0, 26.0, 19.0, 31.0, 22.0, 18.0, 18.0, 29.0, 11.0, 67.0, 15.0, 40.0, 14.0, 18.0, 36.0, 15.0, 15.0, 14.0, 14.0, 13.0, 32.0, 45.0, 18.0, 75.0, 13.0, 20.0, 45.0, 14.0, 41.0, 10.0, 31.0, 14.0, 50.0, 36.0, 17.0, 29.0, 18.0, 23.0, 64.0, 36.0, 13.0, 16.0, 29.0, 16.0, 77.0, 32.0, 23.0, 41.0, 17.0, 24.0, 24.0, 17.0, 36.0, 24.0, 30.0, 22.0, 17.0, 44.0, 47.0, 18.0, 65.0, 29.0, 28.0, 21.0, 47.0, 69.0, 37.0, 48.0, 43.0, 14.0, 21.0, 44.0, 40.0, 18.0, 19.0, 23.0, 10.0, 26.0, 25.0, 34.0, 17.0, 50.0, 10.0, 17.0, 16.0, 44.0, 11.0, 18.0, 22.0, 39.0, 27.0, 26.0, 41.0, 42.0, 57.0, 32.0, 22.0, 24.0, 32.0, 60.0, 17.0, 30.0, 11.0, 14.0, 40.0, 17.0, 21.0, 18.0, 38.0, 29.0, 14.0, 16.0, 14.0, 15.0, 21.0, 23.0, 33.0, 14.0, 13.0, 45.0, 74.0, 46.0, 19.0, 39.0, 11.0, 104.0, 45.0, 17.0, 51.0, 41.0, 87.0, 15.0, 37.0, 28.0, 28.0, 63.0, 45.0, 108.0, 63.0, 39.0, 17.0, 41.0, 39.0, 26.0, 18.0, 43.0, 55.0, 48.0, 43.0, 16.0, 24.0, 28.0, 23.0, 100.0, 26.0, 42.0, 62.0, 26.0, 26.0, 38.0, 34.0, 59.0, 57.0, 15.0, 29.0, 56.0, 21.0, 32.0, 33.0, 27.0, 20.0, 166.0, 42.0, 48.0, 31.0, 27.0, 35.0, 24.0, 38.0, 37.0, 36.0, 47.0, 28.0, 143.0, 21.0, 16.0, 63.0, 16.0, 11.0, 21.0, 15.0, 35.0, 37.0, 44.0, 54.0, 53.0, 19.0, 15.0, 44.0, 13.0, 24.0, 109.0, 37.0, 27.0, 17.0, 112.0, 43.0, 35.0, 26.0, 131.0, 40.0, 60.0, 22.0, 28.0, 27.0, 32.0, 31.0, 38.0, 52.0, 14.0, 66.0, 43.0, 18.0, 51.0, 32.0, 43.0, 30.0, 27.0, 78.0, 49.0, 43.0, 63.0, 21.0, 31.0, 30.0, 14.0, 17.0, 66.0, 48.0, 28.0, 50.0, 22.0, 35.0, 29.0, 27.0, 31.0, 29.0, 59.0, 10.0, 37.0, 18.0, 40.0, 16.0, 74.0, 41.0, 48.0, 21.0, 16.0, 27.0, 74.0, 60.0, 51.0, 66.0, 45.0, 39.0, 23.0, 16.0, 57.0, 59.0, 53.0, 99.0, 34.0, 26.0, 33.0, 42.0, 37.0, 18.0, 14.0, 59.0, 41.0, 57.0, 64.0, 13.0, 28.0, 111.0, 54.0, 37.0, 19.0, 16.0, 20.0, 82.0, 42.0, 25.0, 16.0, 26.0, 89.0, 92.0, 56.0, 22.0, 34.0, 60.0, 46.0, 42.0, 22.0, 25.0, 14.0, 54.0, 83.0, 82.0, 38.0], "episode_length_history": [25, 21, 33, 32, 24, 24, 21, 16, 60, 12, 40, 20, 29, 18, 11, 34, 42, 14, 34, 34, 13, 71, 23, 15, 37, 28, 42, 62, 23, 19, 16, 28, 22, 22, 22, 67, 57, 25, 31, 74, 19, 60, 22, 42, 81, 86, 19, 47, 16, 24, 33, 23, 23, 65, 54, 13, 15, 29, 22, 49, 17, 39, 77, 21, 12, 49, 18, 30, 23, 16, 28, 20, 20, 15, 18, 22, 11, 28, 12, 40, 33, 24, 33, 52, 24, 16, 39, 28, 49, 30, 67, 26, 34, 33, 15, 36, 26, 15, 25, 22, 19, 48, 30, 31, 59, 25, 25, 13, 30, 29, 33, 40, 54, 14, 40, 43, 19, 54, 26, 9, 42, 21, 14, 20, 42, 40, 22, 15, 18, 16, 45, 27, 16, 19, 51, 14, 23, 49, 25, 14, 31, 22, 45, 19, 23, 21, 44, 47, 14, 19, 21, 43, 26, 19, 31, 22, 18, 18, 29, 11, 67, 15, 40, 14, 18, 36, 15, 15, 14, 14, 13, 32, 45, 18, 75, 13, 20, 45, 14, 41, 10, 31, 14, 50, 36, 17, 29, 18, 23, 64, 36, 13, 16, 29, 16, 77, 32, 23, 41, 17, 24, 24, 17, 36, 24, 30, 22, 17, 44, 47, 18, 65, 29, 28, 21, 47, 69, 37, 48, 43, 14, 21, 44, 40, 18, 19, 23, 10, 26, 25, 34, 17, 50, 10, 17, 16, 44, 11, 18, 22, 39, 27, 26, 41, 42, 57, 32, 22, 24, 32, 60, 17, 30, 11, 14, 40, 17, 21, 18, 38, 29, 14, 16, 14, 15, 21, 23, 33, 14, 13, 45, 74, 46, 19, 39, 11, 104, 45, 17, 51, 41, 87, 15, 37, 28, 28, 63, 45, 108, 63, 39, 17, 41, 39, 26, 18, 43, 55, 48, 43, 16, 24, 28, 23, 100, 26, 42, 62, 26, 26, 38, 34, 59, 57, 15, 29, 56, 21, 32, 33, 27, 20, 166, 42, 48, 31, 27, 35, 24, 38, 37, 36, 47, 28, 143, 21, 16, 63, 16, 11, 21, 15, 35, 37, 44, 54, 53, 19, 15, 44, 13, 24, 109, 37, 27, 17, 112, 43, 35, 26, 131, 40, 60, 22, 28, 27, 32, 31, 38, 52, 14, 66, 43, 18, 51, 32, 43, 30, 27, 78, 49, 43, 63, 21, 31, 30, 14, 17, 66, 48, 28, 50, 22, 35, 29, 27, 31, 29, 59, 10, 37, 18, 40, 16, 74, 41, 48, 21, 16, 27, 74, 60, 51, 66, 45, 39, 23, 16, 57, 59, 53, 99, 34, 26, 33, 42, 37, 18, 14, 59, 41, 57, 64, 13, 28, 111, 54, 37, 19, 16, 20, 82, 42, 25, 16, 26, 89, 92, 56, 22, 34, 60, 46, 42, 22, 25, 14, 54, 83, 82, 38], "cycle_reward_history": [29.49814126394052, 41.505208333333336], "cycle_length_history": [29.49814126394052, 41.505208333333336], "entropy_history": [0.6551613807678223, 0.6530696749687195, 0.6511704921722412, 0.6295020580291748, 0.6281587481498718, 0.6238624453544617], "policy_loss_history": [-0.01153336837887764, -0.01395643875002861, -0.015152614563703537, -0.011533497832715511, -0.015281504951417446, -0.019264843314886093], "value_loss_history": [31.2088680267334, 8.798169136047363, 7.652224540710449, 22.513887405395508, 15.678295135498047, 10.759126663208008], "time_dicts": [{"gathering": 13.416275262832642, "communication": 0.17238616943359375, "evaluating": 0.0002772808074951172, "optimizing": 2.0658814907073975, "finalizing": 0.4517686367034912}, {"gathering": 5.266721248626709, "communication": 0.0099639892578125, "evaluating": 0.00019359588623046875, "optimizing": 1.0433743000030518, "finalizing": 0.49347424507141113}]}