{"rewards": [-211.55213093512094, -162.09044943346393, -139.70353144337918, -134.42227604334616, -122.34358429399224, -115.02230729166547, -118.8376570989561, -117.78924849117338, -100.61434188474186, -86.37610983944711, -78.53041442990173, -68.98615572291074, -74.1382644429124, -94.94824605220415, -59.37057965710947, -40.58764253820321, -46.271939412502775, -15.805268566556899, -6.7879931959248285, -16.178777123078774, -48.97134568484484, -2.5310386240360265], "lengths": [90.54022988505747, 96.08641975308642, 90.16470588235295, 96.71232876712328, 96.775, 97.40506329113924, 108.7605633802817, 113.85074626865672, 116.13846153846154, 120.34375, 121.203125, 138.94444444444446, 131.35087719298247, 188.75, 151.52, 164.28205128205127, 156.1875, 184.54545454545453, 270.95238095238096, 237.31578947368422, 440.5, 466.7692307692308], "entropies": [1.3026167154312134, 1.299001932144165, 1.2994136810302734, 1.3084766864776611, 1.3013243675231934, 1.295074462890625, 1.2951900959014893, 1.277855396270752, 1.2745803594589233, 1.2966508865356445, 1.2791553735733032, 1.274672508239746, 1.29629385471344, 1.296109676361084, 1.2962440252304077, 1.288956880569458, 1.2852504253387451, 1.2806106805801392, 1.2922261953353882, 1.2896983623504639, 1.2590296268463135, 1.2383732795715332, 1.2328165769577026, 1.2339982986450195, 1.247603178024292, 1.2541356086730957, 1.2547504901885986, 1.257900595664978, 1.2419953346252441, 1.2432650327682495, 1.2253471612930298, 1.2245590686798096, 1.2137091159820557, 1.2372844219207764, 1.231306552886963, 1.218684196472168, 1.20505690574646, 1.187427043914795, 1.174902319908142, 1.208655595779419, 1.211249828338623, 1.2055227756500244, 1.1754066944122314, 1.1742335557937622, 1.160698413848877, 1.1751244068145752, 1.1459639072418213, 1.1436047554016113, 1.121923565864563, 1.1518186330795288, 1.0917961597442627, 1.144606590270996, 1.1005642414093018, 1.0997669696807861, 1.1240557432174683, 1.1086945533752441, 1.1015989780426025, 1.103703260421753, 1.0736430883407593, 1.0641367435455322, 1.072205901145935, 1.0730257034301758, 1.0718611478805542, 1.0972321033477783, 1.073613166809082, 1.0671225786209106]}