{"rewards": [30.627376425855513, 36.35746606334842, 39.16831683168317, 46.751479289940825, 51.561290322580646, 57.75735294117647, 67.82905982905983, 69.57522123893806, 85.43181818181819, 113.25373134328358, 103.53424657534246, 121.36507936507937, 167.1627906976744, 131.6315789473684, 142.32692307692307, 164.2888888888889, 184.8421052631579, 212.2941176470588, 242.10344827586206, 212.63636363636363], "lengths": [30.627376425855513, 36.35746606334842, 39.16831683168317, 46.751479289940825, 51.561290322580646, 57.75735294117647, 67.82905982905983, 69.57522123893806, 85.43181818181819, 113.25373134328358, 103.53424657534246, 121.36507936507937, 167.1627906976744, 131.6315789473684, 142.32692307692307, 164.2888888888889, 184.8421052631579, 212.2941176470588, 242.10344827586206, 212.63636363636363], "entropies": [0.6645750999450684, 0.6569572687149048, 0.648720383644104, 0.6556797027587891, 0.6508354544639587, 0.6461594700813293, 0.6490158438682556, 0.6420215368270874, 0.6350741982460022, 0.6340128779411316, 0.6300026178359985, 0.6260658502578735, 0.6270539164543152, 0.6235513091087341, 0.6199864149093628, 0.6392092108726501, 0.637010931968689, 0.6344600319862366, 0.621749997138977, 0.6184776425361633, 0.6150279641151428, 0.62235027551651, 0.6207026243209839, 0.6179291009902954, 0.5806871652603149, 0.576215386390686, 0.5712553262710571, 0.6280492544174194, 0.6267896890640259, 0.6268870830535889, 0.5844042897224426, 0.5785768032073975, 0.5715018510818481, 0.5901601314544678, 0.5833074450492859, 0.5768828988075256, 0.5841381549835205, 0.5785739421844482, 0.5744309425354004, 0.5852068662643433, 0.5808327794075012, 0.5736087560653687, 0.5779690146446228, 0.5784343481063843, 0.5772100687026978, 0.5934755802154541, 0.5934100151062012, 0.5920443534851074, 0.5812454223632812, 0.5773671865463257, 0.572351336479187, 0.5497700572013855, 0.549869954586029, 0.5518088340759277, 0.6148295402526855, 0.613303542137146, 0.609925389289856, 0.6049470901489258, 0.5946635007858276, 0.5929654836654663]}