{"rewards": [-106.68201189262521, -107.75604134190503], "lengths": [77.56372549019608, 87.35593220338983], "entropies": [3.5997955799102783, 3.6505963802337646, 3.6661200523376465, 3.621107578277588, 3.6246464252471924, 3.6235899925231934]}