{"rewards": [13.757211538461538, 18.541284403669724, 27.88744588744589, 37.12777777777778, 76.96808510638297, 144.12244897959184, 174.225, 329.1904761904762, 405.125, 454.0, 418.5, 500.0, 500.0, 500.0, 500.0, 500.0, 500.0, 500.0, 500.0, 500.0, 500.0, 500.0, 500.0, 500.0, 500.0, 500.0, 500.0, 500.0, 500.0, 500.0, 500.0, 500.0, 500.0, 500.0, 500.0, 500.0, 500.0, 500.0, 500.0, 500.0, 500.0, 500.0, 500.0, 449.5], "lengths": [13.757211538461538, 18.541284403669724, 27.88744588744589, 37.12777777777778, 76.96808510638297, 144.12244897959184, 174.225, 329.1904761904762, 405.125, 454, 418.5, 500, 500, 500, 500, 500, 500, 500, 500, 500, 500, 500, 500, 500, 500, 500, 500, 500, 500, 500, 500, 500, 500, 500, 500, 500, 500, 500, 500, 500, 500, 500, 500, 449.5], "entropies": [0.6310206453005472, 0.683652937412262, 0.6403617262840271, 0.5927189191182455, 0.534859836101532, 0.5991115570068359, 0.579035758972168, 0.5412517984708151, 0.5180293718973795, 0.47381970286369324, 0.4533488154411316, 0.4592717985312144, 0.5140645106633505, 0.3286878168582916, 0.49364177385965985, 0.35124637683232623, 0.39693744977315265, 0.384290874004364, 0.2869869073232015, 0.2426112244526545, 0.3188943564891815, 0.22707147896289825, 0.316828191280365, 0.29060378670692444, 0.15403601030508676, 0.29534698526064557, 0.2761630018552144, 0.0635917956630389, 0.1497996747493744, 0.035450940330823265, 0.1344137042760849, 0.06636471301317215, 0.1131916344165802, 0.11964573462804158, 0.15917226175467172, 0.11459209024906158, 0.031035372366507847, 0.08844905594984691, 0.03761462867259979, 0.0699068009853363, 0.0793319654961427, 0.025046449154615402, 0.15299577514330545, 0.06306782613197963]}